well,electrode,n_measurements,spikes_n_nonzero,spikes_fraction_zero,spikes_total,spikes_mean,spikes_median,spikes_std,spikes_min,spikes_max
1,1,6,4,0.3333333333333333,8.0,1.3333333333333333,1.0,1.505545305418162,1.0,4.0
1,2,6,5,0.16666666666666666,137.0,22.833333333333332,2.0,33.5464851611412,1.0,70.0
1,3,6,2,0.6666666666666666,6.0,1.0,0.0,1.6733200530681511,2.0,4.0
1,4,6,6,0.0,408.0,68.0,53.5,36.33730865102698,36.0,114.0
1,5,6,5,0.16666666666666666,5.0,0.8333333333333334,1.0,0.408248290463863,1.0,1.0
1,6,6,3,0.5,6.0,1.0,0.5,1.5491933384829668,1.0,4.0
1,7,6,5,0.16666666666666666,22.0,3.6666666666666665,1.0,4.802776974487434,1.0,12.0
1,8,6,5,0.16666666666666666,10.0,1.6666666666666667,1.5,1.3662601021279464,1.0,4.0
1,9,6,6,0.0,37.0,6.166666666666667,2.5,8.931218655181759,1.0,24.0
1,10,6,5,0.16666666666666666,9.0,1.5,1.0,1.224744871391589,1.0,3.0
1,11,6,4,0.3333333333333333,9.0,1.5,1.5,1.378404875209022,1.0,3.0
1,12,6,3,0.5,6.0,1.0,0.5,1.2649110640673518,1.0,3.0
1,13,6,4,0.3333333333333333,8.0,1.3333333333333333,1.0,1.5055453054181622,1.0,4.0
1,14,6,5,0.16666666666666666,10.0,1.6666666666666667,1.5,1.2110601416389968,1.0,3.0
1,15,6,6,0.0,12.0,2.0,1.5,1.2649110640673518,1.0,4.0
1,16,6,6,0.0,12.0,2.0,2.0,1.0954451150103321,1.0,4.0
2,1,6,4,0.3333333333333333,10.0,1.6666666666666667,2.0,1.3662601021279464,2.0,3.0
2,2,6,4,0.3333333333333333,28.0,4.666666666666667,2.0,8.091147425839344,2.0,21.0
2,3,6,6,0.0,10.0,1.6666666666666667,1.0,1.2110601416389966,1.0,4.0
2,4,6,5,0.16666666666666666,9.0,1.5,1.0,1.378404875209022,1.0,4.0
2,5,6,6,0.0,221.0,36.833333333333336,16.5,48.07251466968071,2.0,126.0
2,6,6,4,0.3333333333333333,6.0,1.0,1.0,1.0954451150103321,1.0,3.0
2,7,6,6,0.0,9.0,1.5,1.0,0.8366600265340756,1.0,3.0
2,8,6,6,0.0,25.0,4.166666666666667,3.5,3.1885210782848317,1.0,10.0
2,9,6,5,0.16666666666666666,125.0,20.833333333333332,1.0,48.10162852406005,1.0,119.0
2,10,6,5,0.16666666666666666,11.0,1.8333333333333333,2.0,1.3291601358251257,1.0,3.0
2,11,6,4,0.3333333333333333,5.0,0.8333333333333334,1.0,0.752772652709081,1.0,2.0
2,12,6,4,0.3333333333333333,7.0,1.1666666666666667,1.5,0.9831920802501751,1.0,2.0
2,13,6,5,0.16666666666666666,11.0,1.8333333333333333,1.5,1.7224014243685086,1.0,5.0
2,14,6,6,0.0,17.0,2.8333333333333335,2.5,1.9407902170679516,1.0,6.0
2,15,6,6,0.0,8.0,1.3333333333333333,1.0,0.816496580927726,1.0,3.0
2,16,6,5,0.16666666666666666,11.0,1.8333333333333333,2.0,1.329160135825126,1.0,4.0
3,1,6,5,0.16666666666666666,11.0,1.8333333333333333,2.0,1.1690451944500122,1.0,3.0
3,2,6,4,0.3333333333333333,7.0,1.1666666666666667,1.0,1.1690451944500122,1.0,3.0
3,3,6,6,0.0,20.0,3.3333333333333335,2.0,3.502380143083652,1.0,10.0
3,4,6,5,0.16666666666666666,9.0,1.5,1.5,1.0488088481701516,1.0,3.0
3,5,6,4,0.3333333333333333,11.0,1.8333333333333333,2.5,1.4719601443879746,2.0,3.0
3,6,6,6,0.0,153.0,25.5,4.5,35.781280021821466,1.0,83.0
3,7,6,4,0.3333333333333333,11.0,1.8333333333333333,1.5,1.9407902170679516,1.0,5.0
3,8,6,4,0.3333333333333333,8.0,1.3333333333333333,1.0,1.5055453054181622,1.0,4.0
3,9,6,5,0.16666666666666666,19.0,3.1666666666666665,2.5,3.188521078284832,1.0,9.0
3,10,6,6,0.0,48.0,8.0,6.0,7.563068160475615,1.0,21.0
3,11,6,5,0.16666666666666666,58.0,9.666666666666666,3.5,16.585133905599516,1.0,43.0
3,12,6,3,0.5,5.0,0.8333333333333334,0.5,0.983192080250175,1.0,2.0
3,13,6,3,0.5,7.0,1.1666666666666667,0.5,1.4719601443879744,1.0,3.0
3,14,6,3,0.5,4.0,0.6666666666666666,0.5,0.816496580927726,1.0,2.0
3,15,6,5,0.16666666666666666,10.0,1.6666666666666667,2.0,1.0327955589886446,1.0,3.0
3,16,6,5,0.16666666666666666,10.0,1.6666666666666667,1.5,1.3662601021279464,1.0,4.0
4,1,6,5,0.16666666666666666,9.0,1.5,1.5,1.0488088481701516,1.0,3.0
4,2,6,5,0.16666666666666666,12.0,2.0,1.5,1.7888543819998317,1.0,5.0
4,3,6,6,0.0,13.0,2.1666666666666665,2.5,0.983192080250175,1.0,3.0
4,4,6,6,0.0,7.0,1.1666666666666667,1.0,0.408248290463863,1.0,2.0
4,5,6,6,0.0,10.0,1.6666666666666667,1.0,1.2110601416389966,1.0,4.0
4,6,6,6,0.0,15.0,2.5,2.0,1.224744871391589,1.0,4.0
4,7,6,4,0.3333333333333333,10.0,1.6666666666666667,1.5,1.632993161855452,1.0,4.0
4,8,6,3,0.5,4.0,0.6666666666666666,0.5,0.816496580927726,1.0,2.0
4,9,6,6,0.0,10.0,1.6666666666666667,1.5,0.816496580927726,1.0,3.0
4,10,6,4,0.3333333333333333,8.0,1.3333333333333333,1.5,1.2110601416389968,1.0,3.0
4,11,6,4,0.3333333333333333,5.0,0.8333333333333334,1.0,0.752772652709081,1.0,2.0
4,12,6,3,0.5,9.0,1.5,1.0,1.9748417658131499,2.0,5.0
4,13,6,5,0.16666666666666666,9.0,1.5,2.0,0.8366600265340756,1.0,2.0
4,14,6,5,0.16666666666666666,7.0,1.1666666666666667,1.0,0.752772652709081,1.0,2.0
4,15,6,4,0.3333333333333333,6.0,1.0,1.0,0.8944271909999159,1.0,2.0
4,16,6,5,0.16666666666666666,12.0,2.0,2.0,1.5491933384829668,1.0,4.0
5,1,6,4,0.3333333333333333,4.0,0.6666666666666666,1.0,0.5163977794943223,1.0,1.0
5,2,6,4,0.3333333333333333,5.0,0.8333333333333334,1.0,0.752772652709081,1.0,2.0
5,3,6,5,0.16666666666666666,6.0,1.0,1.0,0.6324555320336759,1.0,2.0
5,4,6,6,0.0,13.0,2.1666666666666665,2.0,1.4719601443879746,1.0,5.0
5,5,6,5,0.16666666666666666,11.0,1.8333333333333333,1.5,1.4719601443879746,1.0,4.0
5,6,6,6,0.0,15.0,2.5,2.0,1.224744871391589,1.0,4.0
5,7,6,5,0.16666666666666666,8.0,1.3333333333333333,1.0,1.0327955589886446,1.0,3.0
5,8,6,6,0.0,9.0,1.5,1.0,0.8366600265340756,1.0,3.0
5,9,6,3,0.5,6.0,1.0,0.5,1.2649110640673518,1.0,3.0
5,10,6,5,0.16666666666666666,11.0,1.8333333333333333,2.0,0.983192080250175,2.0,3.0
5,11,6,6,0.0,9.0,1.5,1.0,0.8366600265340756,1.0,3.0
5,12,6,3,0.5,11.0,1.8333333333333333,1.5,2.041241452319315,3.0,4.0
5,13,6,4,0.3333333333333333,6.0,1.0,1.0,1.0954451150103321,1.0,3.0
5,14,6,6,0.0,11.0,1.8333333333333333,1.5,0.9831920802501751,1.0,3.0
5,15,6,4,0.3333333333333333,6.0,1.0,1.0,1.0954451150103321,1.0,3.0
5,16,6,6,0.0,14.0,2.3333333333333335,2.0,1.505545305418162,1.0,4.0
6,1,6,3,0.5,5.0,0.8333333333333334,0.5,0.983192080250175,1.0,2.0
6,2,6,4,0.3333333333333333,7.0,1.1666666666666667,1.0,1.1690451944500122,1.0,3.0
6,3,6,5,0.16666666666666666,15.0,2.5,3.0,1.6431676725154984,1.0,4.0
6,4,6,5,0.16666666666666666,8.0,1.3333333333333333,1.5,0.816496580927726,1.0,2.0
6,5,6,5,0.16666666666666666,15.0,2.5,1.0,3.0166206257996713,1.0,8.0
6,6,6,5,0.16666666666666666,10.0,1.6666666666666667,1.5,1.2110601416389966,1.0,3.0
6,7,6,6,0.0,10.0,1.6666666666666667,1.5,0.816496580927726,1.0,3.0
6,8,6,6,0.0,8.0,1.3333333333333333,1.0,0.5163977794943223,1.0,2.0
6,9,6,6,0.0,11.0,1.8333333333333333,1.5,1.1690451944500122,1.0,4.0
6,10,6,6,0.0,13.0,2.1666666666666665,2.0,1.3291601358251257,1.0,4.0
6,11,6,6,0.0,16.0,2.6666666666666665,2.0,1.9663841605003503,1.0,5.0
6,12,6,5,0.16666666666666666,12.0,2.0,1.5,1.6733200530681511,1.0,4.0
6,13,6,3,0.5,4.0,0.6666666666666666,0.5,0.816496580927726,1.0,2.0
6,14,6,4,0.3333333333333333,9.0,1.5,2.0,1.224744871391589,2.0,3.0
6,15,6,4,0.3333333333333333,6.0,1.0,1.0,0.8944271909999159,1.0,2.0
6,16,6,5,0.16666666666666666,5.0,0.8333333333333334,1.0,0.408248290463863,1.0,1.0
7,1,6,5,0.16666666666666666,19.0,3.1666666666666665,2.0,3.6560452221856705,1.0,10.0
7,2,6,4,0.3333333333333333,7.0,1.1666666666666667,1.5,0.983192080250175,1.0,2.0
7,3,6,6,0.0,13.0,2.1666666666666665,1.5,1.602081978759722,1.0,5.0
7,4,6,5,0.16666666666666666,6.0,1.0,1.0,0.6324555320336759,1.0,2.0
7,5,6,5,0.16666666666666666,20.0,3.3333333333333335,2.0,4.033195589934446,1.0,11.0
7,6,6,5,0.16666666666666666,9.0,1.5,1.0,1.378404875209022,1.0,4.0
7,7,6,5,0.16666666666666666,11.0,1.8333333333333333,2.0,0.983192080250175,2.0,3.0
7,8,6,4,0.3333333333333333,24.0,4.0,1.5,6.957010852370434,1.0,18.0
7,9,6,5,0.16666666666666666,6.0,1.0,1.0,0.6324555320336759,1.0,2.0
7,10,6,5,0.16666666666666666,12.0,2.0,2.0,1.6733200530681511,1.0,5.0
7,11,6,6,0.0,10.0,1.6666666666666667,1.0,1.2110601416389966,1.0,4.0
7,12,6,6,0.0,122.0,20.333333333333332,10.0,29.40521495698793,3.0,80.0
7,13,6,5,0.16666666666666666,7.0,1.1666666666666667,1.0,0.752772652709081,1.0,2.0
7,14,6,5,0.16666666666666666,8.0,1.3333333333333333,1.0,1.0327955589886446,1.0,3.0
7,15,6,6,0.0,260.0,43.333333333333336,30.0,31.99166558131456,16.0,90.0
7,16,6,5,0.16666666666666666,8.0,1.3333333333333333,1.0,1.0327955589886444,1.0,3.0
8,1,6,6,0.0,21.0,3.5,2.0,3.0166206257996713,1.0,9.0
8,2,6,4,0.3333333333333333,5.0,0.8333333333333334,1.0,0.752772652709081,1.0,2.0
8,3,6,6,0.0,25.0,4.166666666666667,3.0,3.868677637987775,1.0,11.0
8,4,6,2,0.6666666666666666,2.0,0.3333333333333333,0.0,0.5163977794943223,1.0,1.0
8,5,6,3,0.5,9.0,1.5,1.0,1.9748417658131499,2.0,5.0
8,6,6,6,0.0,11.0,1.8333333333333333,1.5,0.9831920802501751,1.0,3.0
8,7,6,5,0.16666666666666666,8.0,1.3333333333333333,1.0,1.0327955589886446,1.0,3.0
8,8,6,6,0.0,15.0,2.5,2.0,1.378404875209022,1.0,5.0
8,9,6,6,0.0,9.0,1.5,1.0,0.8366600265340756,1.0,3.0
8,10,6,4,0.3333333333333333,12.0,2.0,1.5,2.6076809620810595,1.0,7.0
8,11,6,3,0.5,5.0,0.8333333333333334,0.5,0.983192080250175,1.0,2.0
8,12,6,6,0.0,24.0,4.0,1.0,6.418722614352485,1.0,17.0
8,13,6,5,0.16666666666666666,8.0,1.3333333333333333,1.0,1.0327955589886444,1.0,3.0
8,14,6,4,0.3333333333333333,8.0,1.3333333333333333,1.5,1.2110601416389968,1.0,3.0
8,15,6,4,0.3333333333333333,7.0,1.1666666666666667,1.0,1.1690451944500122,1.0,3.0
8,16,6,5,0.16666666666666666,9.0,1.5,1.0,1.378404875209022,1.0,4.0
9,1,6,4,0.3333333333333333,9.0,1.5,1.0,1.6431676725154984,1.0,4.0
9,2,6,5,0.16666666666666666,8.0,1.3333333333333333,1.0,1.0327955589886444,1.0,3.0
9,3,6,3,0.5,8.0,1.3333333333333333,0.5,1.7511900715418265,1.0,4.0
9,4,6,6,0.0,32.0,5.333333333333333,6.0,2.503331114069145,1.0,8.0
9,5,6,3,0.5,6.0,1.0,0.5,1.5491933384829668,1.0,4.0
9,6,6,5,0.16666666666666666,9.0,1.5,2.0,0.8366600265340756,1.0,2.0
9,7,6,6,0.0,44.0,7.333333333333333,2.0,9.41629792788369,1.0,23.0
9,8,6,5,0.16666666666666666,7.0,1.1666666666666667,1.0,0.983192080250175,1.0,3.0
9,9,6,5,0.16666666666666666,7.0,1.1666666666666667,1.0,0.752772652709081,1.0,2.0
9,10,6,6,0.0,13.0,2.1666666666666665,2.0,1.1690451944500122,1.0,4.0
9,11,6,4,0.3333333333333333,8.0,1.3333333333333333,1.5,1.2110601416389968,1.0,3.0
9,12,6,4,0.3333333333333333,13.0,2.1666666666666665,3.0,1.7224014243685084,3.0,4.0
9,13,6,6,0.0,17.0,2.8333333333333335,1.5,3.125166662222459,1.0,9.0
9,14,6,5,0.16666666666666666,13.0,2.1666666666666665,2.5,1.4719601443879744,1.0,4.0
9,15,6,1,0.8333333333333334,4.0,0.6666666666666666,0.0,1.632993161855452,4.0,4.0
9,16,6,4,0.3333333333333333,11.0,1.8333333333333333,2.0,1.6020819787597222,2.0,4.0
10,1,6,3,0.5,9.0,1.5,0.5,2.345207879911715,1.0,6.0
10,2,6,4,0.3333333333333333,4.0,0.6666666666666666,1.0,0.5163977794943223,1.0,1.0
10,3,6,5,0.16666666666666666,7.0,1.1666666666666667,1.0,0.752772652709081,1.0,2.0
10,4,6,5,0.16666666666666666,11.0,1.8333333333333333,2.0,0.983192080250175,2.0,3.0
10,5,6,6,0.0,12.0,2.0,2.0,0.6324555320336759,1.0,3.0
10,6,6,5,0.16666666666666666,10.0,1.6666666666666667,2.0,1.0327955589886446,1.0,3.0
10,7,6,4,0.3333333333333333,5.0,0.8333333333333334,1.0,0.752772652709081,1.0,2.0
10,8,6,5,0.16666666666666666,10.0,1.6666666666666667,1.5,1.3662601021279464,1.0,4.0
10,9,6,5,0.16666666666666666,8.0,1.3333333333333333,1.0,1.0327955589886446,1.0,3.0
10,10,6,4,0.3333333333333333,5.0,0.8333333333333334,1.0,0.752772652709081,1.0,2.0
10,11,6,6,0.0,13.0,2.1666666666666665,2.0,0.752772652709081,1.0,3.0
10,12,6,6,0.0,13.0,2.1666666666666665,2.0,1.1690451944500122,1.0,4.0
10,13,6,6,0.0,12.0,2.0,2.0,0.8944271909999159,1.0,3.0
10,14,6,5,0.16666666666666666,9.0,1.5,1.5,1.0488088481701516,1.0,3.0
10,15,6,6,0.0,13.0,2.1666666666666665,2.0,1.1690451944500122,1.0,4.0
10,16,6,4,0.3333333333333333,9.0,1.5,1.0,2.258317958127243,1.0,6.0
11,1,6,5,0.16666666666666666,8.0,1.3333333333333333,1.0,1.0327955589886446,1.0,3.0
11,2,6,6,0.0,13.0,2.1666666666666665,2.0,0.752772652709081,1.0,3.0
11,3,6,4,0.3333333333333333,6.0,1.0,1.0,0.8944271909999159,1.0,2.0
11,4,6,4,0.3333333333333333,13.0,2.1666666666666665,2.0,2.1369760566432805,1.0,5.0
11,5,6,4,0.3333333333333333,4.0,0.6666666666666666,1.0,0.5163977794943223,1.0,1.0
11,6,6,3,0.5,7.0,1.1666666666666667,1.0,1.3291601358251257,2.0,3.0
11,7,6,5,0.16666666666666666,8.0,1.3333333333333333,1.0,1.0327955589886444,1.0,3.0
11,8,6,5,0.16666666666666666,10.0,1.6666666666666667,1.5,1.3662601021279464,1.0,4.0
11,9,6,5,0.16666666666666666,8.0,1.3333333333333333,1.5,0.816496580927726,1.0,2.0
11,10,6,5,0.16666666666666666,9.0,1.5,1.5,1.0488088481701516,1.0,3.0
11,11,6,4,0.3333333333333333,7.0,1.1666666666666667,1.5,0.9831920802501751,1.0,2.0
11,12,6,6,0.0,9.0,1.5,1.5,0.5477225575051661,1.0,2.0
11,13,6,6,0.0,8.0,1.3333333333333333,1.0,0.5163977794943223,1.0,2.0
11,14,6,6,0.0,12.0,2.0,1.5,1.2649110640673518,1.0,4.0
11,15,6,6,0.0,11.0,1.8333333333333333,1.0,1.6020819787597222,1.0,5.0
11,16,6,4,0.3333333333333333,11.0,1.8333333333333333,1.5,1.9407902170679516,1.0,5.0
12,1,6,6,0.0,9.0,1.5,1.5,0.5477225575051661,1.0,2.0
12,2,6,5,0.16666666666666666,7.0,1.1666666666666667,1.0,0.983192080250175,1.0,3.0
12,3,6,5,0.16666666666666666,8.0,1.3333333333333333,1.0,1.0327955589886446,1.0,3.0
12,4,6,6,0.0,12.0,2.0,1.5,1.2649110640673518,1.0,4.0
12,5,6,6,0.0,11.0,1.8333333333333333,2.0,0.7527726527090811,1.0,3.0
12,6,6,5,0.16666666666666666,14.0,2.3333333333333335,2.0,2.065591117977289,1.0,6.0
12,7,6,5,0.16666666666666666,7.0,1.1666666666666667,1.0,0.752772652709081,1.0,2.0
12,8,6,5,0.16666666666666666,5.0,0.8333333333333334,1.0,0.408248290463863,1.0,1.0
12,9,6,5,0.16666666666666666,10.0,1.6666666666666667,2.0,1.0327955589886444,1.0,3.0
12,10,6,3,0.5,3.0,0.5,0.5,0.5477225575051661,1.0,1.0
12,11,6,5,0.16666666666666666,7.0,1.1666666666666667,1.0,0.752772652709081,1.0,2.0
12,12,6,5,0.16666666666666666,11.0,1.8333333333333333,2.0,1.1690451944500122,1.0,3.0
12,13,6,4,0.3333333333333333,6.0,1.0,1.0,0.8944271909999159,1.0,2.0
12,14,6,3,0.5,6.0,1.0,1.0,1.0954451150103321,2.0,2.0
12,15,6,4,0.3333333333333333,7.0,1.1666666666666667,1.0,1.1690451944500122,1.0,3.0
12,16,6,3,0.5,9.0,1.5,1.0,1.760681686165901,2.0,4.0
13,1,6,3,0.5,20.0,3.3333333333333335,0.5,6.742897497861485,1.0,17.0
13,2,6,6,0.0,16.0,2.6666666666666665,1.5,2.250925735484551,1.0,6.0
13,3,6,2,0.6666666666666666,4.0,0.6666666666666666,0.0,1.0327955589886446,2.0,2.0
13,4,6,3,0.5,8.0,1.3333333333333333,1.0,1.5055453054181622,2.0,3.0
13,5,6,4,0.3333333333333333,9.0,1.5,1.5,1.51657508881031,1.0,4.0
13,6,6,4,0.3333333333333333,8.0,1.3333333333333333,1.0,1.8618986725025257,1.0,5.0
13,7,6,5,0.16666666666666666,20.0,3.3333333333333335,2.0,4.802776974487433,1.0,13.0
13,8,6,6,0.0,11.0,1.8333333333333333,2.0,0.752772652709081,1.0,3.0
13,9,6,3,0.5,7.0,1.1666666666666667,0.5,1.4719601443879744,1.0,3.0
13,10,6,4,0.3333333333333333,10.0,1.6666666666666667,1.5,1.8618986725025255,1.0,5.0
13,11,6,5,0.16666666666666666,11.0,1.8333333333333333,2.0,0.983192080250175,2.0,3.0
13,12,6,4,0.3333333333333333,12.0,2.0,2.5,1.6733200530681511,2.0,4.0
13,13,6,3,0.5,6.0,1.0,0.5,1.2649110640673518,1.0,3.0
13,14,6,3,0.5,17.0,2.8333333333333335,0.5,5.115336417740935,1.0,13.0
13,15,6,5,0.16666666666666666,69.0,11.5,13.5,9.22496612459905,1.0,23.0
13,16,6,5,0.16666666666666666,8.0,1.3333333333333333,1.5,0.816496580927726,1.0,2.0
14,1,6,6,0.0,11.0,1.8333333333333333,2.0,0.752772652709081,1.0,3.0
14,2,6,5,0.16666666666666666,9.0,1.5,1.0,1.224744871391589,1.0,3.0
14,3,6,4,0.3333333333333333,4.0,0.6666666666666666,1.0,0.5163977794943223,1.0,1.0
14,4,6,6,0.0,13.0,2.1666666666666665,2.0,1.3291601358251257,1.0,4.0
14,5,6,6,0.0,8.0,1.3333333333333333,1.0,0.816496580927726,1.0,3.0
14,6,6,5,0.16666666666666666,6.0,1.0,1.0,0.6324555320336759,1.0,2.0
14,7,6,4,0.3333333333333333,10.0,1.6666666666666667,2.0,1.505545305418162,2.0,4.0
14,8,6,3,0.5,7.0,1.1666666666666667,0.5,1.602081978759722,1.0,4.0
14,9,6,5,0.16666666666666666,8.0,1.3333333333333333,1.0,1.0327955589886446,1.0,3.0
14,10,6,6,0.0,1031.0,171.83333333333334,73.5,250.62914169478907,3.0,654.0
14,11,6,5,0.16666666666666666,8.0,1.3333333333333333,1.0,1.0327955589886446,1.0,3.0
14,12,6,3,0.5,7.0,1.1666666666666667,1.0,1.3291601358251257,2.0,3.0
14,13,6,5,0.16666666666666666,6.0,1.0,1.0,0.6324555320336759,1.0,2.0
14,14,6,3,0.5,3.0,0.5,0.5,0.5477225575051661,1.0,1.0
14,15,6,6,0.0,13.0,2.1666666666666665,1.5,1.4719601443879744,1.0,4.0
14,16,6,6,0.0,18.0,3.0,1.5,3.521363372331802,1.0,10.0
15,1,6,4,0.3333333333333333,74.0,12.333333333333334,1.5,27.295909339435216,1.0,68.0
15,2,6,5,0.16666666666666666,14.0,2.3333333333333335,2.5,1.632993161855452,1.0,4.0
15,3,6,4,0.3333333333333333,13.0,2.1666666666666665,2.0,2.562550812504343,2.0,7.0
15,4,6,6,0.0,14.0,2.3333333333333335,2.5,1.2110601416389968,1.0,4.0
15,5,6,5,0.16666666666666666,6.0,1.0,1.0,0.6324555320336759,1.0,2.0
15,6,6,5,0.16666666666666666,30.0,5.0,2.5,6.985699678629192,2.0,19.0
15,7,6,4,0.3333333333333333,10.0,1.6666666666666667,2.0,1.3662601021279464,2.0,3.0
15,8,6,2,0.6666666666666666,4.0,0.6666666666666666,0.0,1.0327955589886446,2.0,2.0
15,9,6,4,0.3333333333333333,10.0,1.6666666666666667,1.5,1.632993161855452,1.0,4.0
15,10,6,6,0.0,17.0,2.8333333333333335,3.0,1.3291601358251257,1.0,5.0
15,11,6,4,0.3333333333333333,5.0,0.8333333333333334,1.0,0.752772652709081,1.0,2.0
15,12,6,5,0.16666666666666666,9.0,1.5,1.0,1.224744871391589,1.0,3.0
15,13,6,5,0.16666666666666666,7.0,1.1666666666666667,1.0,0.752772652709081,1.0,2.0
15,14,6,5,0.16666666666666666,6.0,1.0,1.0,0.6324555320336759,1.0,2.0
15,15,6,5,0.16666666666666666,11.0,1.8333333333333333,1.5,1.7224014243685086,1.0,5.0
15,16,6,6,0.0,14.0,2.3333333333333335,1.0,2.8047578623950176,1.0,8.0
16,1,6,6,0.0,140.0,23.333333333333332,24.0,14.264174237111192,3.0,45.0
16,2,6,3,0.5,24.0,4.0,1.0,7.042726744663604,2.0,18.0
16,3,6,6,0.0,499.0,83.16666666666667,2.5,162.5022051132435,1.0,408.0
16,4,6,5,0.16666666666666666,13.0,2.1666666666666665,2.0,1.7224014243685084,1.0,5.0
16,5,6,6,0.0,278.0,46.333333333333336,1.0,110.55436068589364,1.0,272.0
16,6,6,5,0.16666666666666666,20.0,3.3333333333333335,3.0,3.204163957519444,1.0,9.0
16,7,6,6,0.0,417.0,69.5,2.5,164.3614918403943,2.0,405.0
16,8,6,6,0.0,40.0,6.666666666666667,2.5,11.003029885748136,1.0,29.0
16,9,6,6,0.0,26.0,4.333333333333333,3.0,3.777124126457412,1.0,10.0
16,10,6,4,0.3333333333333333,784.0,130.66666666666666,58.0,185.46338362778425,1.0,472.0
16,11,6,6,0.0,9.0,1.5,1.0,0.8366600265340756,1.0,3.0
16,12,6,4,0.3333333333333333,8.0,1.3333333333333333,1.0,1.5055453054181622,1.0,4.0
16,13,6,5,0.16666666666666666,8.0,1.3333333333333333,1.0,1.0327955589886444,1.0,3.0
16,14,6,4,0.3333333333333333,773.0,128.83333333333334,2.0,205.97224732149394,1.0,474.0
16,15,6,6,0.0,152.0,25.333333333333332,19.5,24.88908730079644,1.0,63.0
16,16,6,6,0.0,29.0,4.833333333333333,3.0,5.6005952064639235,1.0,16.0
17,1,6,5,0.16666666666666666,2184.0,364.0,251.0,418.9520258931803,23.0,1104.0
17,2,6,5,0.16666666666666666,458.0,76.33333333333333,2.5,123.00840079712714,1.0,291.0
17,3,6,5,0.16666666666666666,18.0,3.0,3.0,2.5298221281347035,1.0,7.0
17,4,6,6,0.0,353.0,58.833333333333336,61.5,54.13101390761739,1.0,140.0
17,5,6,6,0.0,46.0,7.666666666666667,3.0,8.891943919451283,1.0,24.0
17,6,6,5,0.16666666666666666,75.0,12.5,3.0,22.598672527385318,1.0,58.0
17,7,6,4,0.3333333333333333,35.0,5.833333333333333,2.0,11.391517311871437,2.0,29.0
17,8,6,6,0.0,220.0,36.666666666666664,2.5,84.92035484303317,1.0,210.0
17,9,6,5,0.16666666666666666,74.0,12.333333333333334,2.0,17.212398631993935,1.0,36.0
17,10,6,6,0.0,9.0,1.5,1.0,1.224744871391589,1.0,4.0
17,11,6,6,0.0,28.0,4.666666666666667,5.0,2.3380903889000244,2.0,7.0
17,12,6,4,0.3333333333333333,17.0,2.8333333333333335,3.0,2.9268868558020253,3.0,8.0
17,13,6,5,0.16666666666666666,12.0,2.0,1.5,1.7888543819998317,1.0,5.0
17,14,6,5,0.16666666666666666,14.0,2.3333333333333335,2.0,1.632993161855452,2.0,5.0
17,15,6,4,0.3333333333333333,9.0,1.5,1.5,1.51657508881031,1.0,4.0
17,16,6,5,0.16666666666666666,30.0,5.0,1.5,8.87693640846886,1.0,23.0
18,1,6,6,0.0,14.0,2.3333333333333335,2.5,1.2110601416389968,1.0,4.0
18,2,6,4,0.3333333333333333,5.0,0.8333333333333334,1.0,0.752772652709081,1.0,2.0
18,3,6,3,0.5,12.0,2.0,0.5,3.1622776601683795,1.0,8.0
18,4,6,3,0.5,4.0,0.6666666666666666,0.5,0.816496580927726,1.0,2.0
18,5,6,5,0.16666666666666666,16.0,2.6666666666666665,2.0,2.8751811537130436,1.0,8.0
18,6,6,5,0.16666666666666666,6.0,1.0,1.0,0.6324555320336759,1.0,2.0
18,7,6,5,0.16666666666666666,3037.0,506.1666666666667,146.5,684.2731667007458,34.0,1636.0
18,8,6,2,0.6666666666666666,6.0,1.0,0.0,1.6733200530681511,2.0,4.0
18,9,6,5,0.16666666666666666,89.0,14.833333333333334,3.5,20.546694786915648,1.0,48.0
18,10,6,5,0.16666666666666666,628.0,104.66666666666667,44.0,143.78131542960185,1.0,369.0
18,11,6,6,0.0,347.0,57.833333333333336,37.5,65.08584075408926,5.0,171.0
18,12,6,6,0.0,608.0,101.33333333333333,92.0,72.36481649715327,20.0,232.0
18,13,6,6,0.0,116.0,19.333333333333332,2.5,39.174821846010566,1.0,99.0
18,14,6,4,0.3333333333333333,421.0,70.16666666666667,57.5,79.96603445630318,2.0,184.0
18,15,6,5,0.16666666666666666,192.0,32.0,3.0,73.00958841138608,1.0,181.0
18,16,6,4,0.3333333333333333,14.0,2.3333333333333335,1.5,3.011090610836324,1.0,8.0
19,1,6,4,0.3333333333333333,9.0,1.5,1.5,1.378404875209022,1.0,3.0
19,2,6,4,0.3333333333333333,9.0,1.5,2.0,1.224744871391589,2.0,3.0
19,3,6,4,0.3333333333333333,11.0,1.8333333333333333,2.5,1.4719601443879744,2.0,3.0
19,4,6,3,0.5,8.0,1.3333333333333333,0.5,1.7511900715418263,1.0,4.0
19,5,6,5,0.16666666666666666,10.0,1.6666666666666667,1.0,1.7511900715418263,1.0,5.0
19,6,6,3,0.5,6.0,1.0,0.5,1.2649110640673518,1.0,3.0
19,7,6,6,0.0,41.0,6.833333333333333,2.5,10.907184176801392,1.0,29.0
19,8,6,6,0.0,11.0,1.8333333333333333,1.0,1.3291601358251257,1.0,4.0
19,9,6,4,0.3333333333333333,11.0,1.8333333333333333,1.0,2.316606713852541,1.0,6.0
19,10,6,4,0.3333333333333333,9.0,1.5,1.0,1.6431676725154984,1.0,4.0
19,11,6,5,0.16666666666666666,13.0,2.1666666666666665,2.5,1.4719601443879746,1.0,4.0
19,12,6,3,0.5,3.0,0.5,0.5,0.5477225575051661,1.0,1.0
19,13,6,5,0.16666666666666666,12.0,2.0,2.5,1.2649110640673518,1.0,3.0
19,14,6,5,0.16666666666666666,12.0,2.0,2.0,1.4142135623730951,1.0,4.0
19,15,6,5,0.16666666666666666,8.0,1.3333333333333333,1.0,1.0327955589886444,1.0,3.0
19,16,6,5,0.16666666666666666,13.0,2.1666666666666665,1.5,2.136976056643281,1.0,6.0
20,1,6,3,0.5,7.0,1.1666666666666667,0.5,1.602081978759722,1.0,4.0
20,2,6,5,0.16666666666666666,6.0,1.0,1.0,0.6324555320336759,1.0,2.0
20,3,6,6,0.0,16.0,2.6666666666666665,2.5,0.816496580927726,2.0,4.0
20,4,6,4,0.3333333333333333,8.0,1.3333333333333333,1.0,1.3662601021279464,1.0,3.0
20,5,6,4,0.3333333333333333,10.0,1.6666666666666667,1.5,1.8618986725025255,1.0,5.0
20,6,6,5,0.16666666666666666,8.0,1.3333333333333333,1.0,1.0327955589886444,1.0,3.0
20,7,6,5,0.16666666666666666,15.0,2.5,2.5,1.6431676725154984,2.0,5.0
20,8,6,3,0.5,6.0,1.0,0.5,1.2649110640673518,1.0,3.0
20,9,6,4,0.3333333333333333,11.0,1.8333333333333333,1.5,1.9407902170679516,1.0,5.0
20,10,6,5,0.16666666666666666,17.0,2.8333333333333335,2.5,2.48327740429189,1.0,7.0
20,11,6,4,0.3333333333333333,9.0,1.5,1.0,1.8708286933869707,1.0,5.0
20,12,6,5,0.16666666666666666,10.0,1.6666666666666667,1.0,1.505545305418162,1.0,4.0
20,13,6,4,0.3333333333333333,5.0,0.8333333333333334,1.0,0.752772652709081,1.0,2.0
20,14,6,4,0.3333333333333333,10.0,1.6666666666666667,1.5,1.8618986725025253,1.0,5.0
20,15,6,6,0.0,9.0,1.5,1.5,0.5477225575051661,1.0,2.0
20,16,6,4,0.3333333333333333,9.0,1.5,1.5,1.378404875209022,1.0,3.0
21,1,6,3,0.5,8.0,1.3333333333333333,0.5,1.7511900715418265,1.0,4.0
21,2,6,5,0.16666666666666666,669.0,111.5,1.0,182.64145203102171,1.0,432.0
21,3,6,4,0.3333333333333333,10.0,1.6666666666666667,1.0,1.96638416050035,1.0,5.0
21,4,6,5,0.16666666666666666,11.0,1.8333333333333333,2.0,0.983192080250175,2.0,3.0
21,5,6,6,0.0,10.0,1.6666666666666667,1.0,1.0327955589886446,1.0,3.0
21,6,6,6,0.0,12.0,2.0,2.0,1.0954451150103321,1.0,4.0
21,7,6,6,0.0,16.0,2.6666666666666665,3.0,1.505545305418162,1.0,5.0
21,8,6,4,0.3333333333333333,339.0,56.5,1.5,118.37862982819154,1.0,296.0
21,9,6,6,0.0,11.0,1.8333333333333333,1.5,0.9831920802501751,1.0,3.0
21,10,6,4,0.3333333333333333,8.0,1.3333333333333333,1.0,1.505545305418162,1.0,4.0
21,11,6,5,0.16666666666666666,212.0,35.333333333333336,2.5,82.14783421774834,1.0,203.0
21,12,6,6,0.0,11.0,1.8333333333333333,2.0,0.752772652709081,1.0,3.0
21,13,6,6,0.0,143.0,23.833333333333332,3.0,50.08559340435797,2.0,126.0
21,14,6,5,0.16666666666666666,8.0,1.3333333333333333,1.0,1.0327955589886444,1.0,3.0
21,15,6,3,0.5,9.0,1.5,1.0,1.760681686165901,2.0,4.0
21,16,6,3,0.5,5.0,0.8333333333333334,0.5,0.983192080250175,1.0,2.0
22,1,6,5,0.16666666666666666,16.0,2.6666666666666665,1.5,3.6696957185394363,1.0,10.0
22,2,6,5,0.16666666666666666,9.0,1.5,1.5,1.0488088481701516,1.0,3.0
22,3,6,6,0.0,2090.0,348.3333333333333,159.5,527.8547780087499,3.0,1366.0
22,4,6,6,0.0,2379.0,396.5,275.5,440.2071103469366,6.0,1230.0
22,5,6,5,0.16666666666666666,183.0,30.5,7.0,52.271407097953656,1.0,134.0
22,6,6,6,0.0,11.0,1.8333333333333333,2.0,0.752772652709081,1.0,3.0
22,7,6,6,0.0,107.0,17.833333333333332,3.0,32.25781559043741,2.0,83.0
22,8,6,6,0.0,993.0,165.5,23.5,331.4481859959411,2.0,837.0
22,9,6,4,0.3333333333333333,301.0,50.166666666666664,1.0,90.55698022055876,1.0,225.0
22,10,6,6,0.0,14.0,2.3333333333333335,2.0,1.0327955589886446,1.0,4.0
22,11,6,5,0.16666666666666666,20.0,3.3333333333333335,1.0,5.316640543300503,1.0,14.0
22,12,6,5,0.16666666666666666,23.0,3.8333333333333335,3.0,3.8686776379877745,1.0,10.0
22,13,6,6,0.0,253.0,42.166666666666664,14.0,56.336193221291296,2.0,146.0
22,14,6,5,0.16666666666666666,791.0,131.83333333333334,41.0,211.32289669287297,3.0,545.0
22,15,6,6,0.0,9.0,1.5,1.0,0.8366600265340756,1.0,3.0
22,16,6,5,0.16666666666666666,11.0,1.8333333333333333,2.0,1.1690451944500122,1.0,3.0
23,1,6,6,0.0,128.0,21.333333333333332,5.5,39.596296123080336,2.0,102.0
23,2,6,6,0.0,155.0,25.833333333333332,22.0,15.497311594811103,12.0,51.0
23,3,6,6,0.0,33.0,5.5,3.5,5.958187643906492,1.0,17.0
23,4,6,5,0.16666666666666666,126.0,21.0,1.0,43.43731115066861,1.0,109.0
23,5,6,6,0.0,907.0,151.16666666666666,65.0,232.7053215263172,1.0,601.0
23,6,6,4,0.3333333333333333,11.0,1.8333333333333333,2.0,1.6020819787597222,2.0,4.0
23,7,6,4,0.3333333333333333,7.0,1.1666666666666667,1.0,1.1690451944500122,1.0,3.0
23,8,6,4,0.3333333333333333,59.0,9.833333333333334,1.5,21.17939249994359,1.0,53.0
23,9,6,6,0.0,56.0,9.333333333333334,3.5,14.250146198080449,1.0,38.0
23,10,6,6,0.0,74.0,12.333333333333334,7.5,11.621818561080131,1.0,31.0
23,11,6,5,0.16666666666666666,763.0,127.16666666666667,3.0,203.00976987984262,1.0,471.0
23,12,6,6,0.0,541.0,90.16666666666667,18.5,147.502429358525,1.0,377.0
23,13,6,6,0.0,1569.0,261.5,57.5,393.12275436560526,1.0,977.0
23,14,6,5,0.16666666666666666,11.0,1.8333333333333333,2.0,1.3291601358251257,1.0,4.0
23,15,6,6,0.0,317.0,52.833333333333336,12.5,72.71428103657951,2.0,170.0
23,16,6,6,0.0,15.0,2.5,2.5,1.51657508881031,1.0,5.0
24,1,6,6,0.0,710.0,118.33333333333333,66.5,150.1155110795239,2.0,385.0
24,2,6,6,0.0,260.0,43.333333333333336,4.5,95.9180205522751,1.0,239.0
24,3,6,3,0.5,6.0,1.0,0.5,1.2649110640673518,1.0,3.0
24,4,6,6,0.0,50.0,8.333333333333334,4.0,9.003702941938204,1.0,23.0
24,5,6,4,0.3333333333333333,27.0,4.5,2.5,5.504543577809154,2.0,14.0
24,6,6,4,0.3333333333333333,27.0,4.5,3.0,6.774953874381729,3.0,18.0
24,7,6,6,0.0,767.0,127.83333333333333,38.0,185.01288243435016,9.0,478.0
24,8,6,4,0.3333333333333333,359.0,59.833333333333336,16.5,109.02002874090002,4.0,279.0
24,9,6,5,0.16666666666666666,90.0,15.0,3.5,25.93838853899756,2.0,67.0
24,10,6,4,0.3333333333333333,185.0,30.833333333333332,8.5,58.95224055679875,1.0,150.0
24,11,6,6,0.0,34.0,5.666666666666667,1.0,10.481730137084558,1.0,27.0
24,12,6,5,0.16666666666666666,10.0,1.6666666666666667,1.5,1.3662601021279464,1.0,4.0
24,13,6,6,0.0,10.0,1.6666666666666667,1.0,1.632993161855452,1.0,5.0
24,14,6,4,0.3333333333333333,37.0,6.166666666666667,4.0,6.968978882638881,1.0,15.0
24,15,6,6,0.0,383.0,63.833333333333336,14.0,126.55499463342673,2.0,321.0
24,16,6,5,0.16666666666666666,10.0,1.6666666666666667,1.5,1.3662601021279464,1.0,4.0
