well,electrode,n_measurements,bursts_n_nonzero,bursts_fraction_zero,bursts_total,bursts_mean,bursts_median,bursts_std,bursts_min,bursts_max
1,1,6,0,1.0,0.0,0.0,0.0,0.0,,0.0
1,2,6,0,1.0,0.0,0.0,0.0,0.0,,0.0
1,3,6,0,1.0,0.0,0.0,0.0,0.0,,0.0
1,4,6,5,0.16666666666666666,15.0,2.5,1.0,3.331666249791536,1.0,9.0
1,5,6,0,1.0,0.0,0.0,0.0,0.0,,0.0
1,6,6,0,1.0,0.0,0.0,0.0,0.0,,0.0
1,7,6,0,1.0,0.0,0.0,0.0,0.0,,0.0
1,8,6,0,1.0,0.0,0.0,0.0,0.0,,0.0
1,9,6,0,1.0,0.0,0.0,0.0,0.0,,0.0
1,10,6,0,1.0,0.0,0.0,0.0,0.0,,0.0
1,11,6,0,1.0,0.0,0.0,0.0,0.0,,0.0
1,12,6,0,1.0,0.0,0.0,0.0,0.0,,0.0
1,13,6,0,1.0,0.0,0.0,0.0,0.0,,0.0
1,14,6,0,1.0,0.0,0.0,0.0,0.0,,0.0
1,15,6,0,1.0,0.0,0.0,0.0,0.0,,0.0
1,16,6,0,1.0,0.0,0.0,0.0,0.0,,0.0
2,1,6,0,1.0,0.0,0.0,0.0,0.0,,0.0
2,2,6,0,1.0,0.0,0.0,0.0,0.0,,0.0
2,3,6,0,1.0,0.0,0.0,0.0,0.0,,0.0
2,4,6,0,1.0,0.0,0.0,0.0,0.0,,0.0
2,5,6,1,0.8333333333333334,1.0,0.16666666666666666,0.0,0.408248290463863,1.0,1.0
2,6,6,0,1.0,0.0,0.0,0.0,0.0,,0.0
2,7,6,0,1.0,0.0,0.0,0.0,0.0,,0.0
2,8,6,0,1.0,0.0,0.0,0.0,0.0,,0.0
2,9,6,1,0.8333333333333334,5.0,0.8333333333333334,0.0,2.041241452319315,5.0,5.0
2,10,6,0,1.0,0.0,0.0,0.0,0.0,,0.0
2,11,6,0,1.0,0.0,0.0,0.0,0.0,,0.0
2,12,6,0,1.0,0.0,0.0,0.0,0.0,,0.0
2,13,6,0,1.0,0.0,0.0,0.0,0.0,,0.0
2,14,6,0,1.0,0.0,0.0,0.0,0.0,,0.0
2,15,6,0,1.0,0.0,0.0,0.0,0.0,,0.0
2,16,6,0,1.0,0.0,0.0,0.0,0.0,,0.0
3,1,6,0,1.0,0.0,0.0,0.0,0.0,,0.0
3,2,6,0,1.0,0.0,0.0,0.0,0.0,,0.0
3,3,6,0,1.0,0.0,0.0,0.0,0.0,,0.0
3,4,6,0,1.0,0.0,0.0,0.0,0.0,,0.0
3,5,6,0,1.0,0.0,0.0,0.0,0.0,,0.0
3,6,6,0,1.0,0.0,0.0,0.0,0.0,,0.0
3,7,6,0,1.0,0.0,0.0,0.0,0.0,,0.0
3,8,6,0,1.0,0.0,0.0,0.0,0.0,,0.0
3,9,6,0,1.0,0.0,0.0,0.0,0.0,,0.0
3,10,6,0,1.0,0.0,0.0,0.0,0.0,,0.0
3,11,6,1,0.8333333333333334,1.0,0.16666666666666666,0.0,0.408248290463863,1.0,1.0
3,12,6,0,1.0,0.0,0.0,0.0,0.0,,0.0
3,13,6,0,1.0,0.0,0.0,0.0,0.0,,0.0
3,14,6,0,1.0,0.0,0.0,0.0,0.0,,0.0
3,15,6,0,1.0,0.0,0.0,0.0,0.0,,0.0
3,16,6,0,1.0,0.0,0.0,0.0,0.0,,0.0
4,1,6,0,1.0,0.0,0.0,0.0,0.0,,0.0
4,2,6,0,1.0,0.0,0.0,0.0,0.0,,0.0
4,3,6,0,1.0,0.0,0.0,0.0,0.0,,0.0
4,4,6,0,1.0,0.0,0.0,0.0,0.0,,0.0
4,5,6,0,1.0,0.0,0.0,0.0,0.0,,0.0
4,6,6,0,1.0,0.0,0.0,0.0,0.0,,0.0
4,7,6,0,1.0,0.0,0.0,0.0,0.0,,0.0
4,8,6,0,1.0,0.0,0.0,0.0,0.0,,0.0
4,9,6,0,1.0,0.0,0.0,0.0,0.0,,0.0
4,10,6,0,1.0,0.0,0.0,0.0,0.0,,0.0
4,11,6,0,1.0,0.0,0.0,0.0,0.0,,0.0
4,12,6,0,1.0,0.0,0.0,0.0,0.0,,0.0
4,13,6,0,1.0,0.0,0.0,0.0,0.0,,0.0
4,14,6,0,1.0,0.0,0.0,0.0,0.0,,0.0
4,15,6,0,1.0,0.0,0.0,0.0,0.0,,0.0
4,16,6,0,1.0,0.0,0.0,0.0,0.0,,0.0
5,1,6,0,1.0,0.0,0.0,0.0,0.0,,0.0
5,2,6,0,1.0,0.0,0.0,0.0,0.0,,0.0
5,3,6,0,1.0,0.0,0.0,0.0,0.0,,0.0
5,4,6,0,1.0,0.0,0.0,0.0,0.0,,0.0
5,5,6,0,1.0,0.0,0.0,0.0,0.0,,0.0
5,6,6,0,1.0,0.0,0.0,0.0,0.0,,0.0
5,7,6,0,1.0,0.0,0.0,0.0,0.0,,0.0
5,8,6,0,1.0,0.0,0.0,0.0,0.0,,0.0
5,9,6,0,1.0,0.0,0.0,0.0,0.0,,0.0
5,10,6,0,1.0,0.0,0.0,0.0,0.0,,0.0
5,11,6,0,1.0,0.0,0.0,0.0,0.0,,0.0
5,12,6,0,1.0,0.0,0.0,0.0,0.0,,0.0
5,13,6,0,1.0,0.0,0.0,0.0,0.0,,0.0
5,14,6,0,1.0,0.0,0.0,0.0,0.0,,0.0
5,15,6,0,1.0,0.0,0.0,0.0,0.0,,0.0
5,16,6,0,1.0,0.0,0.0,0.0,0.0,,0.0
6,1,6,0,1.0,0.0,0.0,0.0,0.0,,0.0
6,2,6,0,1.0,0.0,0.0,0.0,0.0,,0.0
6,3,6,0,1.0,0.0,0.0,0.0,0.0,,0.0
6,4,6,0,1.0,0.0,0.0,0.0,0.0,,0.0
6,5,6,0,1.0,0.0,0.0,0.0,0.0,,0.0
6,6,6,0,1.0,0.0,0.0,0.0,0.0,,0.0
6,7,6,0,1.0,0.0,0.0,0.0,0.0,,0.0
6,8,6,0,1.0,0.0,0.0,0.0,0.0,,0.0
6,9,6,0,1.0,0.0,0.0,0.0,0.0,,0.0
6,10,6,0,1.0,0.0,0.0,0.0,0.0,,0.0
6,11,6,0,1.0,0.0,0.0,0.0,0.0,,0.0
6,12,6,0,1.0,0.0,0.0,0.0,0.0,,0.0
6,13,6,0,1.0,0.0,0.0,0.0,0.0,,0.0
6,14,6,0,1.0,0.0,0.0,0.0,0.0,,0.0
6,15,6,0,1.0,0.0,0.0,0.0,0.0,,0.0
6,16,6,0,1.0,0.0,0.0,0.0,0.0,,0.0
7,1,6,0,1.0,0.0,0.0,0.0,0.0,,0.0
7,2,6,0,1.0,0.0,0.0,0.0,0.0,,0.0
7,3,6,0,1.0,0.0,0.0,0.0,0.0,,0.0
7,4,6,0,1.0,0.0,0.0,0.0,0.0,,0.0
7,5,6,0,1.0,0.0,0.0,0.0,0.0,,0.0
7,6,6,0,1.0,0.0,0.0,0.0,0.0,,0.0
7,7,6,0,1.0,0.0,0.0,0.0,0.0,,0.0
7,8,6,0,1.0,0.0,0.0,0.0,0.0,,0.0
7,9,6,0,1.0,0.0,0.0,0.0,0.0,,0.0
7,10,6,0,1.0,0.0,0.0,0.0,0.0,,0.0
7,11,6,0,1.0,0.0,0.0,0.0,0.0,,0.0
7,12,6,1,0.8333333333333334,2.0,0.3333333333333333,0.0,0.816496580927726,2.0,2.0
7,13,6,0,1.0,0.0,0.0,0.0,0.0,,0.0
7,14,6,0,1.0,0.0,0.0,0.0,0.0,,0.0
7,15,6,1,0.8333333333333334,2.0,0.3333333333333333,0.0,0.816496580927726,2.0,2.0
7,16,6,0,1.0,0.0,0.0,0.0,0.0,,0.0
8,1,6,0,1.0,0.0,0.0,0.0,0.0,,0.0
8,2,6,0,1.0,0.0,0.0,0.0,0.0,,0.0
8,3,6,0,1.0,0.0,0.0,0.0,0.0,,0.0
8,4,6,0,1.0,0.0,0.0,0.0,0.0,,0.0
8,5,6,0,1.0,0.0,0.0,0.0,0.0,,0.0
8,6,6,0,1.0,0.0,0.0,0.0,0.0,,0.0
8,7,6,0,1.0,0.0,0.0,0.0,0.0,,0.0
8,8,6,0,1.0,0.0,0.0,0.0,0.0,,0.0
8,9,6,0,1.0,0.0,0.0,0.0,0.0,,0.0
8,10,6,0,1.0,0.0,0.0,0.0,0.0,,0.0
8,11,6,0,1.0,0.0,0.0,0.0,0.0,,0.0
8,12,6,0,1.0,0.0,0.0,0.0,0.0,,0.0
8,13,6,0,1.0,0.0,0.0,0.0,0.0,,0.0
8,14,6,0,1.0,0.0,0.0,0.0,0.0,,0.0
8,15,6,0,1.0,0.0,0.0,0.0,0.0,,0.0
8,16,6,0,1.0,0.0,0.0,0.0,0.0,,0.0
9,1,6,0,1.0,0.0,0.0,0.0,0.0,,0.0
9,2,6,0,1.0,0.0,0.0,0.0,0.0,,0.0
9,3,6,0,1.0,0.0,0.0,0.0,0.0,,0.0
9,4,6,0,1.0,0.0,0.0,0.0,0.0,,0.0
9,5,6,0,1.0,0.0,0.0,0.0,0.0,,0.0
9,6,6,0,1.0,0.0,0.0,0.0,0.0,,0.0
9,7,6,0,1.0,0.0,0.0,0.0,0.0,,0.0
9,8,6,0,1.0,0.0,0.0,0.0,0.0,,0.0
9,9,6,0,1.0,0.0,0.0,0.0,0.0,,0.0
9,10,6,0,1.0,0.0,0.0,0.0,0.0,,0.0
9,11,6,0,1.0,0.0,0.0,0.0,0.0,,0.0
9,12,6,0,1.0,0.0,0.0,0.0,0.0,,0.0
9,13,6,0,1.0,0.0,0.0,0.0,0.0,,0.0
9,14,6,0,1.0,0.0,0.0,0.0,0.0,,0.0
9,15,6,0,1.0,0.0,0.0,0.0,0.0,,0.0
9,16,6,0,1.0,0.0,0.0,0.0,0.0,,0.0
10,1,6,0,1.0,0.0,0.0,0.0,0.0,,0.0
10,2,6,0,1.0,0.0,0.0,0.0,0.0,,0.0
10,3,6,0,1.0,0.0,0.0,0.0,0.0,,0.0
10,4,6,0,1.0,0.0,0.0,0.0,0.0,,0.0
10,5,6,0,1.0,0.0,0.0,0.0,0.0,,0.0
10,6,6,0,1.0,0.0,0.0,0.0,0.0,,0.0
10,7,6,0,1.0,0.0,0.0,0.0,0.0,,0.0
10,8,6,0,1.0,0.0,0.0,0.0,0.0,,0.0
10,9,6,0,1.0,0.0,0.0,0.0,0.0,,0.0
10,10,6,0,1.0,0.0,0.0,0.0,0.0,,0.0
10,11,6,0,1.0,0.0,0.0,0.0,0.0,,0.0
10,12,6,0,1.0,0.0,0.0,0.0,0.0,,0.0
10,13,6,0,1.0,0.0,0.0,0.0,0.0,,0.0
10,14,6,0,1.0,0.0,0.0,0.0,0.0,,0.0
10,15,6,0,1.0,0.0,0.0,0.0,0.0,,0.0
10,16,6,0,1.0,0.0,0.0,0.0,0.0,,0.0
11,1,6,0,1.0,0.0,0.0,0.0,0.0,,0.0
11,2,6,0,1.0,0.0,0.0,0.0,0.0,,0.0
11,3,6,0,1.0,0.0,0.0,0.0,0.0,,0.0
11,4,6,0,1.0,0.0,0.0,0.0,0.0,,0.0
11,5,6,0,1.0,0.0,0.0,0.0,0.0,,0.0
11,6,6,0,1.0,0.0,0.0,0.0,0.0,,0.0
11,7,6,0,1.0,0.0,0.0,0.0,0.0,,0.0
11,8,6,0,1.0,0.0,0.0,0.0,0.0,,0.0
11,9,6,0,1.0,0.0,0.0,0.0,0.0,,0.0
11,10,6,0,1.0,0.0,0.0,0.0,0.0,,0.0
11,11,6,0,1.0,0.0,0.0,0.0,0.0,,0.0
11,12,6,0,1.0,0.0,0.0,0.0,0.0,,0.0
11,13,6,0,1.0,0.0,0.0,0.0,0.0,,0.0
11,14,6,0,1.0,0.0,0.0,0.0,0.0,,0.0
11,15,6,0,1.0,0.0,0.0,0.0,0.0,,0.0
11,16,6,0,1.0,0.0,0.0,0.0,0.0,,0.0
12,1,6,0,1.0,0.0,0.0,0.0,0.0,,0.0
12,2,6,0,1.0,0.0,0.0,0.0,0.0,,0.0
12,3,6,0,1.0,0.0,0.0,0.0,0.0,,0.0
12,4,6,0,1.0,0.0,0.0,0.0,0.0,,0.0
12,5,6,0,1.0,0.0,0.0,0.0,0.0,,0.0
12,6,6,0,1.0,0.0,0.0,0.0,0.0,,0.0
12,7,6,0,1.0,0.0,0.0,0.0,0.0,,0.0
12,8,6,0,1.0,0.0,0.0,0.0,0.0,,0.0
12,9,6,0,1.0,0.0,0.0,0.0,0.0,,0.0
12,10,6,0,1.0,0.0,0.0,0.0,0.0,,0.0
12,11,6,0,1.0,0.0,0.0,0.0,0.0,,0.0
12,12,6,0,1.0,0.0,0.0,0.0,0.0,,0.0
12,13,6,0,1.0,0.0,0.0,0.0,0.0,,0.0
12,14,6,0,1.0,0.0,0.0,0.0,0.0,,0.0
12,15,6,0,1.0,0.0,0.0,0.0,0.0,,0.0
12,16,6,0,1.0,0.0,0.0,0.0,0.0,,0.0
13,1,6,0,1.0,0.0,0.0,0.0,0.0,,0.0
13,2,6,0,1.0,0.0,0.0,0.0,0.0,,0.0
13,3,6,0,1.0,0.0,0.0,0.0,0.0,,0.0
13,4,6,0,1.0,0.0,0.0,0.0,0.0,,0.0
13,5,6,0,1.0,0.0,0.0,0.0,0.0,,0.0
13,6,6,0,1.0,0.0,0.0,0.0,0.0,,0.0
13,7,6,0,1.0,0.0,0.0,0.0,0.0,,0.0
13,8,6,0,1.0,0.0,0.0,0.0,0.0,,0.0
13,9,6,0,1.0,0.0,0.0,0.0,0.0,,0.0
13,10,6,0,1.0,0.0,0.0,0.0,0.0,,0.0
13,11,6,0,1.0,0.0,0.0,0.0,0.0,,0.0
13,12,6,0,1.0,0.0,0.0,0.0,0.0,,0.0
13,13,6,0,1.0,0.0,0.0,0.0,0.0,,0.0
13,14,6,0,1.0,0.0,0.0,0.0,0.0,,0.0
13,15,6,0,1.0,0.0,0.0,0.0,0.0,,0.0
13,16,6,0,1.0,0.0,0.0,0.0,0.0,,0.0
14,1,6,0,1.0,0.0,0.0,0.0,0.0,,0.0
14,2,6,0,1.0,0.0,0.0,0.0,0.0,,0.0
14,3,6,0,1.0,0.0,0.0,0.0,0.0,,0.0
14,4,6,0,1.0,0.0,0.0,0.0,0.0,,0.0
14,5,6,0,1.0,0.0,0.0,0.0,0.0,,0.0
14,6,6,0,1.0,0.0,0.0,0.0,0.0,,0.0
14,7,6,0,1.0,0.0,0.0,0.0,0.0,,0.0
14,8,6,0,1.0,0.0,0.0,0.0,0.0,,0.0
14,9,6,0,1.0,0.0,0.0,0.0,0.0,,0.0
14,10,6,2,0.6666666666666666,27.0,4.5,0.0,10.540398474441087,1.0,26.0
14,11,6,0,1.0,0.0,0.0,0.0,0.0,,0.0
14,12,6,0,1.0,0.0,0.0,0.0,0.0,,0.0
14,13,6,0,1.0,0.0,0.0,0.0,0.0,,0.0
14,14,6,0,1.0,0.0,0.0,0.0,0.0,,0.0
14,15,6,0,1.0,0.0,0.0,0.0,0.0,,0.0
14,16,6,0,1.0,0.0,0.0,0.0,0.0,,0.0
15,1,6,0,1.0,0.0,0.0,0.0,0.0,,0.0
15,2,6,0,1.0,0.0,0.0,0.0,0.0,,0.0
15,3,6,0,1.0,0.0,0.0,0.0,0.0,,0.0
15,4,6,0,1.0,0.0,0.0,0.0,0.0,,0.0
15,5,6,0,1.0,0.0,0.0,0.0,0.0,,0.0
15,6,6,0,1.0,0.0,0.0,0.0,0.0,,0.0
15,7,6,0,1.0,0.0,0.0,0.0,0.0,,0.0
15,8,6,0,1.0,0.0,0.0,0.0,0.0,,0.0
15,9,6,0,1.0,0.0,0.0,0.0,0.0,,0.0
15,10,6,0,1.0,0.0,0.0,0.0,0.0,,0.0
15,11,6,0,1.0,0.0,0.0,0.0,0.0,,0.0
15,12,6,0,1.0,0.0,0.0,0.0,0.0,,0.0
15,13,6,0,1.0,0.0,0.0,0.0,0.0,,0.0
15,14,6,0,1.0,0.0,0.0,0.0,0.0,,0.0
15,15,6,0,1.0,0.0,0.0,0.0,0.0,,0.0
15,16,6,0,1.0,0.0,0.0,0.0,0.0,,0.0
16,1,6,0,1.0,0.0,0.0,0.0,0.0,,0.0
16,2,6,0,1.0,0.0,0.0,0.0,0.0,,0.0
16,3,6,2,0.6666666666666666,2.0,0.3333333333333333,0.0,0.5163977794943223,1.0,1.0
16,4,6,0,1.0,0.0,0.0,0.0,0.0,,0.0
16,5,6,0,1.0,0.0,0.0,0.0,0.0,,0.0
16,6,6,0,1.0,0.0,0.0,0.0,0.0,,0.0
16,7,6,1,0.8333333333333334,19.0,3.1666666666666665,0.0,7.756717518813397,19.0,19.0
16,8,6,1,0.8333333333333334,1.0,0.16666666666666666,0.0,0.408248290463863,1.0,1.0
16,9,6,0,1.0,0.0,0.0,0.0,0.0,,0.0
16,10,6,1,0.8333333333333334,29.0,4.833333333333333,0.0,11.839200423452029,29.0,29.0
16,11,6,0,1.0,0.0,0.0,0.0,0.0,,0.0
16,12,6,0,1.0,0.0,0.0,0.0,0.0,,0.0
16,13,6,0,1.0,0.0,0.0,0.0,0.0,,0.0
16,14,6,1,0.8333333333333334,26.0,4.333333333333333,0.0,10.614455552060438,26.0,26.0
16,15,6,0,1.0,0.0,0.0,0.0,0.0,,0.0
16,16,6,1,0.8333333333333334,1.0,0.16666666666666666,0.0,0.408248290463863,1.0,1.0
17,1,6,4,0.3333333333333333,155.0,25.833333333333332,14.5,33.724867185308035,1.0,85.0
17,2,6,1,0.8333333333333334,2.0,0.3333333333333333,0.0,0.816496580927726,2.0,2.0
17,3,6,0,1.0,0.0,0.0,0.0,0.0,,0.0
17,4,6,1,0.8333333333333334,1.0,0.16666666666666666,0.0,0.408248290463863,1.0,1.0
17,5,6,0,1.0,0.0,0.0,0.0,0.0,,0.0
17,6,6,0,1.0,0.0,0.0,0.0,0.0,,0.0
17,7,6,0,1.0,0.0,0.0,0.0,0.0,,0.0
17,8,6,1,0.8333333333333334,20.0,3.3333333333333335,0.0,8.16496580927726,20.0,20.0
17,9,6,0,1.0,0.0,0.0,0.0,0.0,,0.0
17,10,6,0,1.0,0.0,0.0,0.0,0.0,,0.0
17,11,6,0,1.0,0.0,0.0,0.0,0.0,,0.0
17,12,6,0,1.0,0.0,0.0,0.0,0.0,,0.0
17,13,6,0,1.0,0.0,0.0,0.0,0.0,,0.0
17,14,6,0,1.0,0.0,0.0,0.0,0.0,,0.0
17,15,6,0,1.0,0.0,0.0,0.0,0.0,,0.0
17,16,6,1,0.8333333333333334,2.0,0.3333333333333333,0.0,0.816496580927726,2.0,2.0
18,1,6,0,1.0,0.0,0.0,0.0,0.0,,0.0
18,2,6,0,1.0,0.0,0.0,0.0,0.0,,0.0
18,3,6,0,1.0,0.0,0.0,0.0,0.0,,0.0
18,4,6,0,1.0,0.0,0.0,0.0,0.0,,0.0
18,5,6,0,1.0,0.0,0.0,0.0,0.0,,0.0
18,6,6,0,1.0,0.0,0.0,0.0,0.0,,0.0
18,7,6,2,0.6666666666666666,137.0,22.833333333333332,0.0,36.38910093237626,55.0,82.0
18,8,6,0,1.0,0.0,0.0,0.0,0.0,,0.0
18,9,6,0,1.0,0.0,0.0,0.0,0.0,,0.0
18,10,6,1,0.8333333333333334,2.0,0.3333333333333333,0.0,0.816496580927726,2.0,2.0
18,11,6,2,0.6666666666666666,3.0,0.5,0.0,0.8366600265340756,1.0,2.0
18,12,6,0,1.0,0.0,0.0,0.0,0.0,,0.0
18,13,6,0,1.0,0.0,0.0,0.0,0.0,,0.0
18,14,6,2,0.6666666666666666,8.0,1.3333333333333333,0.0,2.160246899469287,3.0,5.0
18,15,6,1,0.8333333333333334,1.0,0.16666666666666666,0.0,0.408248290463863,1.0,1.0
18,16,6,0,1.0,0.0,0.0,0.0,0.0,,0.0
19,1,6,0,1.0,0.0,0.0,0.0,0.0,,0.0
19,2,6,0,1.0,0.0,0.0,0.0,0.0,,0.0
19,3,6,0,1.0,0.0,0.0,0.0,0.0,,0.0
19,4,6,0,1.0,0.0,0.0,0.0,0.0,,0.0
19,5,6,0,1.0,0.0,0.0,0.0,0.0,,0.0
19,6,6,0,1.0,0.0,0.0,0.0,0.0,,0.0
19,7,6,0,1.0,0.0,0.0,0.0,0.0,,0.0
19,8,6,0,1.0,0.0,0.0,0.0,0.0,,0.0
19,9,6,0,1.0,0.0,0.0,0.0,0.0,,0.0
19,10,6,0,1.0,0.0,0.0,0.0,0.0,,0.0
19,11,6,0,1.0,0.0,0.0,0.0,0.0,,0.0
19,12,6,0,1.0,0.0,0.0,0.0,0.0,,0.0
19,13,6,0,1.0,0.0,0.0,0.0,0.0,,0.0
19,14,6,0,1.0,0.0,0.0,0.0,0.0,,0.0
19,15,6,0,1.0,0.0,0.0,0.0,0.0,,0.0
19,16,6,0,1.0,0.0,0.0,0.0,0.0,,0.0
20,1,6,0,1.0,0.0,0.0,0.0,0.0,,0.0
20,2,6,0,1.0,0.0,0.0,0.0,0.0,,0.0
20,3,6,0,1.0,0.0,0.0,0.0,0.0,,0.0
20,4,6,0,1.0,0.0,0.0,0.0,0.0,,0.0
20,5,6,0,1.0,0.0,0.0,0.0,0.0,,0.0
20,6,6,0,1.0,0.0,0.0,0.0,0.0,,0.0
20,7,6,0,1.0,0.0,0.0,0.0,0.0,,0.0
20,8,6,0,1.0,0.0,0.0,0.0,0.0,,0.0
20,9,6,0,1.0,0.0,0.0,0.0,0.0,,0.0
20,10,6,0,1.0,0.0,0.0,0.0,0.0,,0.0
20,11,6,0,1.0,0.0,0.0,0.0,0.0,,0.0
20,12,6,0,1.0,0.0,0.0,0.0,0.0,,0.0
20,13,6,0,1.0,0.0,0.0,0.0,0.0,,0.0
20,14,6,0,1.0,0.0,0.0,0.0,0.0,,0.0
20,15,6,0,1.0,0.0,0.0,0.0,0.0,,0.0
20,16,6,0,1.0,0.0,0.0,0.0,0.0,,0.0
21,1,6,0,1.0,0.0,0.0,0.0,0.0,,0.0
21,2,6,2,0.6666666666666666,5.0,0.8333333333333334,0.0,1.3291601358251257,2.0,3.0
21,3,6,0,1.0,0.0,0.0,0.0,0.0,,0.0
21,4,6,0,1.0,0.0,0.0,0.0,0.0,,0.0
21,5,6,0,1.0,0.0,0.0,0.0,0.0,,0.0
21,6,6,0,1.0,0.0,0.0,0.0,0.0,,0.0
21,7,6,0,1.0,0.0,0.0,0.0,0.0,,0.0
21,8,6,1,0.8333333333333334,8.0,1.3333333333333333,0.0,3.265986323710904,8.0,8.0
21,9,6,0,1.0,0.0,0.0,0.0,0.0,,0.0
21,10,6,0,1.0,0.0,0.0,0.0,0.0,,0.0
21,11,6,1,0.8333333333333334,7.0,1.1666666666666667,0.0,2.857738033247041,7.0,7.0
21,12,6,0,1.0,0.0,0.0,0.0,0.0,,0.0
21,13,6,0,1.0,0.0,0.0,0.0,0.0,,0.0
21,14,6,0,1.0,0.0,0.0,0.0,0.0,,0.0
21,15,6,0,1.0,0.0,0.0,0.0,0.0,,0.0
21,16,6,0,1.0,0.0,0.0,0.0,0.0,,0.0
22,1,6,0,1.0,0.0,0.0,0.0,0.0,,0.0
22,2,6,0,1.0,0.0,0.0,0.0,0.0,,0.0
22,3,6,3,0.5,122.0,20.333333333333332,11.0,27.875915530555528,22.0,71.0
22,4,6,3,0.5,110.0,18.333333333333332,5.5,28.345487589150178,11.0,72.0
22,5,6,1,0.8333333333333334,2.0,0.3333333333333333,0.0,0.816496580927726,2.0,2.0
22,6,6,0,1.0,0.0,0.0,0.0,0.0,,0.0
22,7,6,0,1.0,0.0,0.0,0.0,0.0,,0.0
22,8,6,1,0.8333333333333334,38.0,6.333333333333333,0.0,15.513435037626794,38.0,38.0
22,9,6,0,1.0,0.0,0.0,0.0,0.0,,0.0
22,10,6,0,1.0,0.0,0.0,0.0,0.0,,0.0
22,11,6,0,1.0,0.0,0.0,0.0,0.0,,0.0
22,12,6,0,1.0,0.0,0.0,0.0,0.0,,0.0
22,13,6,0,1.0,0.0,0.0,0.0,0.0,,0.0
22,14,6,2,0.6666666666666666,43.0,7.166666666666667,0.0,15.676946981688326,4.0,39.0
22,15,6,0,1.0,0.0,0.0,0.0,0.0,,0.0
22,16,6,0,1.0,0.0,0.0,0.0,0.0,,0.0
23,1,6,0,1.0,0.0,0.0,0.0,0.0,,0.0
23,2,6,0,1.0,0.0,0.0,0.0,0.0,,0.0
23,3,6,0,1.0,0.0,0.0,0.0,0.0,,0.0
23,4,6,0,1.0,0.0,0.0,0.0,0.0,,0.0
23,5,6,2,0.6666666666666666,43.0,7.166666666666667,0.0,17.06946591626893,1.0,42.0
23,6,6,0,1.0,0.0,0.0,0.0,0.0,,0.0
23,7,6,0,1.0,0.0,0.0,0.0,0.0,,0.0
23,8,6,0,1.0,0.0,0.0,0.0,0.0,,0.0
23,9,6,0,1.0,0.0,0.0,0.0,0.0,,0.0
23,10,6,0,1.0,0.0,0.0,0.0,0.0,,0.0
23,11,6,2,0.6666666666666666,53.0,8.833333333333334,0.0,14.702607478493965,18.0,35.0
23,12,6,1,0.8333333333333334,41.0,6.833333333333333,0.0,16.73817990901838,41.0,41.0
23,13,6,2,0.6666666666666666,111.0,18.5,0.0,31.20096152364539,36.0,75.0
23,14,6,0,1.0,0.0,0.0,0.0,0.0,,0.0
23,15,6,0,1.0,0.0,0.0,0.0,0.0,,0.0
23,16,6,0,1.0,0.0,0.0,0.0,0.0,,0.0
24,1,6,1,0.8333333333333334,6.0,1.0,0.0,2.449489742783178,6.0,6.0
24,2,6,0,1.0,0.0,0.0,0.0,0.0,,0.0
24,3,6,0,1.0,0.0,0.0,0.0,0.0,,0.0
24,4,6,0,1.0,0.0,0.0,0.0,0.0,,0.0
24,5,6,0,1.0,0.0,0.0,0.0,0.0,,0.0
24,6,6,0,1.0,0.0,0.0,0.0,0.0,,0.0
24,7,6,2,0.6666666666666666,20.0,3.3333333333333335,0.0,7.229568912920511,2.0,18.0
24,8,6,2,0.6666666666666666,28.0,4.666666666666667,0.0,8.824209124146291,6.0,22.0
24,9,6,0,1.0,0.0,0.0,0.0,0.0,,0.0
24,10,6,0,1.0,0.0,0.0,0.0,0.0,,0.0
24,11,6,0,1.0,0.0,0.0,0.0,0.0,,0.0
24,12,6,0,1.0,0.0,0.0,0.0,0.0,,0.0
24,13,6,0,1.0,0.0,0.0,0.0,0.0,,0.0
24,14,6,0,1.0,0.0,0.0,0.0,0.0,,0.0
24,15,6,1,0.8333333333333334,1.0,0.16666666666666666,0.0,0.408248290463863,1.0,1.0
24,16,6,0,1.0,0.0,0.0,0.0,0.0,,0.0
