well,electrode,mean_spikes,median_spikes,std_spikes,min_spikes,max_spikes,total_spikes,frac_nonzero,n_measurements
1,1,17.536585365853657,2.0,64.46632607878605,0.0,390.0,719,0.9024390243902439,41
1,2,184.0,4.0,400.79895817984453,0.0,1704.0,7544,0.9512195121951219,41
1,3,36.41463414634146,3.0,201.47988771015187,0.0,1310.0,1493,0.8780487804878049,41
1,4,4.146341463414634,2.0,8.893848177004026,0.0,43.0,170,0.8536585365853658,41
1,5,2.658536585365854,2.0,3.5791384444806087,0.0,23.0,109,0.8536585365853658,41
1,6,394.9024390243902,6.0,551.8209680011792,0.0,1777.0,16191,0.926829268292683,41
1,7,2.4390243902439024,2.0,1.6086470680820633,0.0,7.0,100,0.9024390243902439,41
1,8,4.097560975609756,2.0,6.373745225336631,0.0,29.0,168,0.8780487804878049,41
1,9,3.1707317073170733,2.0,4.299191296751962,0.0,25.0,130,0.8780487804878049,41
1,10,3.073170731707317,2.0,3.36691393692437,0.0,17.0,126,0.8780487804878049,41
1,11,2.3658536585365852,2.0,1.6639080878839552,0.0,7.0,97,0.9024390243902439,41
1,12,2.4634146341463414,2.0,3.3720339159797232,0.0,22.0,101,0.8292682926829268,41
1,13,4.024390243902439,2.0,10.239778496265814,0.0,68.0,165,0.9024390243902439,41
1,14,81.58536585365853,2.0,240.61800265249462,0.0,1122.0,3345,0.8292682926829268,41
1,15,2.048780487804878,2.0,1.4133720189707726,0.0,5.0,84,0.8292682926829268,41
1,16,1.8780487804878048,2.0,1.3102805871769065,0.0,5.0,77,0.8048780487804879,41
2,1,1.951219512195122,1.0,1.5919189143493384,0.0,6.0,80,0.8048780487804879,41
2,2,2.268292682926829,2.0,2.208899850260995,0.0,12.0,93,0.7804878048780488,41
2,3,37.707317073170735,2.0,215.62006376420527,0.0,1401.0,1546,0.8780487804878049,41
2,4,2.3902439024390243,2.0,1.6802736243560816,0.0,6.0,98,0.8780487804878049,41
2,5,19.48780487804878,3.0,58.262284144358986,0.0,269.0,799,0.9024390243902439,41
2,6,8.097560975609756,2.0,22.87058487638096,0.0,112.0,332,0.926829268292683,41
2,7,25.121951219512194,3.0,68.70161538980253,0.0,406.0,1030,0.8780487804878049,41
2,8,8.0,2.0,17.75030058144671,0.0,90.0,328,0.9024390243902439,41
2,9,3.707317073170732,2.0,6.58247452336005,0.0,35.0,152,0.8292682926829268,41
2,10,1.8780487804878048,2.0,1.5491165373854066,0.0,5.0,77,0.7804878048780488,41
2,11,6.2439024390243905,2.0,26.89888971124643,0.0,176.0,256,0.7560975609756098,41
2,12,11.024390243902438,3.0,27.16120601948808,0.0,140.0,452,0.9512195121951219,41
2,13,3.4390243902439024,2.0,7.221407134305967,0.0,48.0,141,0.9024390243902439,41
2,14,9.317073170731707,3.0,38.21916198261263,0.0,248.0,382,0.8292682926829268,41
2,15,4.902439024390244,2.0,13.084723690287081,0.0,75.0,201,0.8048780487804879,41
2,16,15.78048780487805,3.0,48.41865806218233,0.0,254.0,647,0.926829268292683,41
3,1,563.170731707317,602.0,491.3682193103713,0.0,1624.0,23090,0.926829268292683,41
3,2,12.121951219512194,2.0,62.305774356346475,0.0,406.0,497,0.8536585365853658,41
3,3,2.268292682926829,2.0,2.2308741614203167,0.0,14.0,93,0.8780487804878049,41
3,4,3.975609756097561,2.0,13.969457633688469,0.0,92.0,163,0.8536585365853658,41
3,5,2.073170731707317,2.0,1.3861729013056412,0.0,5.0,85,0.8536585365853658,41
3,6,3.024390243902439,2.0,5.181994177205118,0.0,34.0,124,0.9512195121951219,41
3,7,30.463414634146343,3.0,108.64309380831673,0.0,568.0,1249,0.8780487804878049,41
3,8,2.1463414634146343,2.0,1.539099762369122,0.0,6.0,88,0.8536585365853658,41
3,9,9.341463414634147,2.0,44.40204881896592,0.0,290.0,383,0.9024390243902439,41
3,10,2.5365853658536586,2.0,1.6689058921518052,0.0,8.0,104,0.8780487804878049,41
3,11,112.63414634146342,6.0,190.2221751195115,0.0,803.0,4618,0.9024390243902439,41
3,12,4.780487804878049,2.0,11.994942420223843,0.0,77.0,196,0.8536585365853658,41
3,13,2.1219512195121952,2.0,1.6408671406394302,0.0,6.0,87,0.8536585365853658,41
3,14,2.341463414634146,2.0,1.676374661213618,0.0,8.0,96,0.9024390243902439,41
3,15,9.804878048780488,3.0,21.36696733927889,0.0,92.0,402,0.8292682926829268,41
3,16,35.41463414634146,2.0,144.31215752746547,0.0,876.0,1452,0.8780487804878049,41
4,1,2.1219512195121952,2.0,1.3649823004520216,0.0,5.0,87,0.8536585365853658,41
4,2,9.048780487804878,2.0,29.282435607342425,0.0,177.0,371,0.8292682926829268,41
4,3,111.8780487804878,4.0,181.4336128163891,0.0,626.0,4587,0.926829268292683,41
4,4,2.2195121951219514,2.0,1.5062826982092203,0.0,6.0,91,0.9024390243902439,41
4,5,2.3902439024390243,2.0,2.1626321900156964,0.0,10.0,98,0.7804878048780488,41
4,6,4.048780487804878,2.0,10.11868886597708,0.0,67.0,166,0.8536585365853658,41
4,7,134.78048780487805,3.0,286.7906104694165,0.0,1240.0,5526,0.8780487804878049,41
4,8,7.2926829268292686,3.0,29.733157890943186,0.0,195.0,299,0.8292682926829268,41
4,9,50.707317073170735,2.0,176.9073402084582,0.0,888.0,2079,0.8048780487804879,41
4,10,5.2439024390243905,2.0,9.468253728825008,0.0,49.0,215,0.8536585365853658,41
4,11,2.5609756097560976,2.0,2.2528981929279004,0.0,11.0,105,0.9024390243902439,41
4,12,2.048780487804878,2.0,2.083046777833773,0.0,10.0,84,0.7317073170731707,41
4,13,2.4146341463414633,2.0,1.7104500870523647,0.0,6.0,99,0.8536585365853658,41
4,14,3.0,2.0,4.928760790181369,0.0,33.0,123,0.9024390243902439,41
4,15,2.268292682926829,2.0,1.9757603074223058,0.0,10.0,93,0.8292682926829268,41
4,16,2.1951219512195124,2.0,1.5336790168060965,0.0,6.0,90,0.8536585365853658,41
5,1,27.634146341463413,2.0,150.256164371344,0.0,977.0,1133,0.8536585365853658,41
5,2,36.75609756097561,3.0,103.36904770672584,0.0,477.0,1507,0.9512195121951219,41
5,3,82.1951219512195,7.0,219.63242236021165,0.0,1072.0,3370,0.975609756097561,41
5,4,187.14634146341464,5.0,318.6992282644739,0.0,1301.0,7673,0.975609756097561,41
5,5,106.3170731707317,2.0,399.34253522535533,0.0,2115.0,4359,0.9024390243902439,41
5,6,304.8048780487805,5.0,630.6410683180849,0.0,2718.0,12497,0.9512195121951219,41
5,7,582.5121951219512,98.0,863.0271488240544,0.0,3153.0,23883,0.926829268292683,41
5,8,166.97560975609755,26.0,217.35712860712783,1.0,786.0,6846,1.0,41
5,9,19.804878048780488,2.0,75.05224830879246,0.0,358.0,812,0.8780487804878049,41
5,10,100.41463414634147,3.0,420.7051557546267,0.0,2654.0,4117,0.8536585365853658,41
5,11,36.53658536585366,7.0,59.70663956255174,0.0,285.0,1498,0.9024390243902439,41
5,12,253.1219512195122,17.0,615.3647815695929,0.0,2917.0,10378,0.8780487804878049,41
5,13,2.5121951219512195,2.0,2.2965716890406522,0.0,12.0,103,0.8780487804878049,41
5,14,57.292682926829265,4.0,205.11379874173585,0.0,1295.0,2349,0.926829268292683,41
5,15,19.902439024390244,3.0,86.45845044058878,0.0,563.0,816,0.8780487804878049,41
5,16,62.80487804878049,3.0,233.97886286775474,0.0,1398.0,2575,0.8536585365853658,41
6,1,64.8048780487805,3.0,190.35592074209433,0.0,1029.0,2657,0.9024390243902439,41
6,2,444.7560975609756,27.0,843.5492317376969,0.0,3994.0,18235,0.8536585365853658,41
6,3,1025.121951219512,511.0,1269.8118776575116,1.0,4435.0,42030,1.0,41
6,4,17.390243902439025,3.0,72.41104822344835,0.0,466.0,713,0.8292682926829268,41
6,5,119.60975609756098,4.0,302.0280941583351,0.0,1306.0,4904,0.8536585365853658,41
6,6,8.121951219512194,3.0,17.302467217206292,0.0,73.0,333,0.8048780487804879,41
6,7,87.73170731707317,4.0,214.07031263289076,0.0,1102.0,3597,0.8292682926829268,41
6,8,116.78048780487805,3.0,297.2232069358405,0.0,1478.0,4788,0.9024390243902439,41
6,9,34.78048780487805,3.0,90.2391165507487,0.0,385.0,1426,0.9512195121951219,41
6,10,37.8780487804878,3.0,105.6106967794528,0.0,498.0,1553,0.8780487804878049,41
6,11,32.048780487804876,4.0,91.18326526488535,0.0,449.0,1314,0.9512195121951219,41
6,12,35.65853658536585,2.0,143.7885659411742,0.0,784.0,1462,0.8780487804878049,41
6,13,57.36585365853659,5.0,101.40687331723912,0.0,425.0,2352,0.926829268292683,41
6,14,401.9512195121951,4.0,1064.4780915437207,0.0,4703.0,16480,0.9512195121951219,41
6,15,21.170731707317074,3.0,68.16082217779073,0.0,422.0,868,0.8292682926829268,41
6,16,24.365853658536587,3.0,67.37726188702847,0.0,322.0,999,0.9512195121951219,41
7,1,30.170731707317074,4.0,67.50533942351609,0.0,327.0,1237,0.926829268292683,41
7,2,128.4878048780488,3.0,316.2300892759481,0.0,1838.0,5268,0.9024390243902439,41
7,3,144.73170731707316,2.0,361.537032100464,0.0,1461.0,5934,0.9512195121951219,41
7,4,3.7560975609756095,2.0,6.423206735811145,0.0,38.0,154,0.8536585365853658,41
7,5,72.6829268292683,3.0,410.28755169315156,0.0,2665.0,2980,0.8780487804878049,41
7,6,3.5121951219512195,2.0,3.650071507615695,0.0,18.0,144,0.9024390243902439,41
7,7,160.09756097560975,4.0,383.4423545493427,0.0,1426.0,6564,0.9512195121951219,41
7,8,2.048780487804878,2.0,1.5452716157519177,0.0,5.0,84,0.7804878048780488,41
7,9,21.902439024390244,4.0,53.710518058837614,0.0,252.0,898,0.926829268292683,41
7,10,14.268292682926829,3.0,38.159501192120025,0.0,210.0,585,0.975609756097561,41
7,11,94.63414634146342,2.0,253.99834415607387,0.0,1356.0,3880,0.9024390243902439,41
7,12,2.7804878048780486,2.0,3.0484877908279193,0.0,19.0,114,0.8780487804878049,41
7,13,6.121951219512195,3.0,9.208148888285852,0.0,43.0,251,0.8780487804878049,41
7,14,31.21951219512195,3.0,77.10541159557494,0.0,370.0,1280,0.926829268292683,41
7,15,9.682926829268293,2.0,20.696929222436562,0.0,101.0,397,0.8536585365853658,41
7,16,12.78048780487805,2.0,43.49629207360428,0.0,275.0,524,0.8536585365853658,41
8,1,29.390243902439025,3.0,95.72442103699214,0.0,544.0,1205,0.8780487804878049,41
8,2,21.121951219512194,3.0,62.71157170300419,0.0,376.0,866,0.926829268292683,41
8,3,42.26829268292683,3.0,133.0494176283061,0.0,636.0,1733,0.9024390243902439,41
8,4,2.292682926829268,2.0,1.9784682722608042,0.0,11.0,94,0.926829268292683,41
8,5,6.439024390243903,2.0,23.168574995904876,0.0,150.0,264,0.8780487804878049,41
8,6,19.951219512195124,3.0,97.2085892068492,0.0,633.0,818,0.9024390243902439,41
8,7,1145.3902439024391,1170.0,974.2362331352695,0.0,3360.0,46961,0.9512195121951219,41
8,8,3.3902439024390243,2.0,6.11626399907372,0.0,41.0,139,0.926829268292683,41
8,9,2.6097560975609757,2.0,1.8462625236854207,0.0,9.0,107,0.926829268292683,41
8,10,6.585365853658536,3.0,17.387934714814147,0.0,95.0,270,0.8048780487804879,41
8,11,27.48780487804878,3.0,64.29471849917967,0.0,309.0,1127,0.9024390243902439,41
8,12,2.707317073170732,2.0,2.7871123480993765,0.0,17.0,111,0.8536585365853658,41
8,13,2.1463414634146343,2.0,1.6163942951981356,0.0,6.0,88,0.8780487804878049,41
8,14,56.5609756097561,3.0,192.15885816110557,0.0,1135.0,2319,0.8536585365853658,41
8,15,16.097560975609756,2.0,65.586957685514,0.0,381.0,660,0.8780487804878049,41
8,16,1.975609756097561,2.0,1.5537178837690717,0.0,6.0,81,0.8048780487804879,41
9,1,326.5853658536585,3.0,735.7896695623161,0.0,2776.0,13390,0.9024390243902439,41
9,2,14.097560975609756,3.0,60.37759432513177,0.0,394.0,578,0.8292682926829268,41
9,3,74.73170731707317,3.0,167.49430633064105,0.0,656.0,3064,0.9512195121951219,41
9,4,2.1463414634146343,2.0,1.3715039921472731,0.0,5.0,88,0.9024390243902439,41
9,5,2.048780487804878,2.0,1.2869176544656507,0.0,4.0,84,0.9024390243902439,41
9,6,1.951219512195122,2.0,1.4642274165662084,0.0,6.0,80,0.8536585365853658,41
9,7,3.707317073170732,2.0,9.053348396706465,0.0,60.0,152,0.9024390243902439,41
9,8,2.341463414634146,2.0,1.7194689494648356,0.0,7.0,96,0.926829268292683,41
9,9,2.1463414634146343,2.0,1.474349391190967,0.0,6.0,88,0.8780487804878049,41
9,10,2.268292682926829,1.0,3.615848517250489,0.0,23.0,93,0.7804878048780488,41
9,11,5.7560975609756095,2.0,22.38333492426777,0.0,147.0,236,0.8536585365853658,41
9,12,2.3902439024390243,2.0,2.676711203574429,0.0,17.0,98,0.8292682926829268,41
9,13,2.073170731707317,2.0,1.2569852416317195,0.0,5.0,85,0.8536585365853658,41
9,14,22.390243902439025,3.0,61.94170274512077,0.0,291.0,918,0.9512195121951219,41
9,15,2.658536585365854,2.0,2.763964597718646,0.0,18.0,109,0.926829268292683,41
9,16,3.1219512195121952,2.0,4.09160426495954,0.0,27.0,128,0.9024390243902439,41
10,1,8.902439024390244,2.0,43.82827068370746,0.0,286.0,365,0.9024390243902439,41
10,2,339.4390243902439,3.0,666.7470741713992,0.0,2799.0,13917,0.9024390243902439,41
10,3,456.4634146341463,6.0,931.8222665650296,0.0,3616.0,18715,0.9024390243902439,41
10,4,2.951219512195122,3.0,2.64068745218117,0.0,15.0,121,0.9024390243902439,41
10,5,75.63414634146342,2.0,259.5774010323516,0.0,1279.0,3101,0.8780487804878049,41
10,6,101.65853658536585,4.0,234.46894950245598,0.0,966.0,4168,0.8536585365853658,41
10,7,2.3658536585365852,2.0,1.4939895444988833,0.0,6.0,97,0.975609756097561,41
10,8,11.707317073170731,2.0,48.11381014790083,0.0,313.0,480,0.8048780487804879,41
10,9,3.951219512195122,2.0,9.36248669154597,0.0,62.0,162,0.9024390243902439,41
10,10,51.68292682926829,2.0,167.27200559223382,0.0,831.0,2119,0.9024390243902439,41
10,11,2.048780487804878,2.0,2.4983040053271957,0.0,16.0,84,0.9024390243902439,41
10,12,6.024390243902439,2.0,21.858176797731332,0.0,143.0,247,0.8048780487804879,41
10,13,5.414634146341464,3.0,12.935064105088017,0.0,79.0,222,0.8780487804878049,41
10,14,55.51219512195122,2.0,199.67218524019836,0.0,1036.0,2276,0.8292682926829268,41
10,15,1.975609756097561,2.0,1.1993454490872435,0.0,4.0,81,0.8292682926829268,41
10,16,4.463414634146342,2.0,13.972267935704028,0.0,92.0,183,0.8536585365853658,41
11,1,77.82926829268293,4.0,168.62310440295244,0.0,697.0,3191,0.975609756097561,41
11,2,151.29268292682926,24.0,240.84852479863764,0.0,1084.0,6203,0.9512195121951219,41
11,3,54.390243902439025,3.0,159.92450628248508,0.0,659.0,2230,0.8536585365853658,41
11,4,2.097560975609756,2.0,1.3934494494717755,0.0,5.0,86,0.8780487804878049,41
11,5,5.829268292682927,2.0,22.850417553984297,0.0,150.0,239,0.8536585365853658,41
11,6,2.4390243902439024,2.0,1.8616643548547689,0.0,9.0,100,0.8780487804878049,41
11,7,5.7073170731707314,2.0,13.784480319546052,0.0,73.0,234,0.9024390243902439,41
11,8,20.365853658536587,3.0,77.46273883098955,0.0,501.0,835,0.8780487804878049,41
11,9,8.902439024390244,2.0,30.326519729919696,0.0,173.0,365,0.8536585365853658,41
11,10,2.097560975609756,2.0,1.4280274310540926,0.0,5.0,86,0.8780487804878049,41
11,11,3.268292682926829,2.0,4.190723729590313,0.0,23.0,134,0.8292682926829268,41
11,12,3.1463414634146343,2.0,3.6596746197479257,0.0,24.0,129,0.926829268292683,41
11,13,8.487804878048781,2.0,40.443349087647796,0.0,264.0,348,0.9024390243902439,41
11,14,1.975609756097561,1.0,1.7318790708367544,0.0,6.0,81,0.8048780487804879,41
11,15,3.975609756097561,2.0,6.066653374372304,0.0,33.0,163,0.8780487804878049,41
11,16,75.26829268292683,9.0,127.65712926892341,0.0,621.0,3086,0.8536585365853658,41
12,1,4.097560975609756,2.0,9.80245085841535,0.0,65.0,168,0.8536585365853658,41
12,2,8.853658536585366,2.0,22.765571969597314,0.0,119.0,363,0.9024390243902439,41
12,3,5.073170731707317,2.0,8.730072063800124,0.0,41.0,208,0.8780487804878049,41
12,4,9.75609756097561,2.0,46.11691424946947,0.0,301.0,400,0.8780487804878049,41
12,5,5.097560975609756,4.0,5.863507973771085,0.0,32.0,209,0.926829268292683,41
12,6,798.170731707317,67.0,990.9656759195467,0.0,2768.0,32725,0.8780487804878049,41
12,7,25.073170731707318,2.0,85.94620843065154,0.0,521.0,1028,0.926829268292683,41
12,8,4.170731707317073,2.0,9.291754642835398,0.0,60.0,171,0.9024390243902439,41
12,9,17.365853658536587,2.0,36.80121690562259,0.0,156.0,712,0.7560975609756098,41
12,10,507.2682926829268,75.0,758.1384140434413,0.0,2552.0,20798,0.9512195121951219,41
12,11,11.097560975609756,2.0,36.567215009668914,0.0,184.0,455,0.8292682926829268,41
12,12,4.0,2.0,8.021313072972164,0.0,50.0,164,0.8292682926829268,41
12,13,15.121951219512194,3.0,46.92245555400029,0.0,291.0,620,0.9512195121951219,41
12,14,31.097560975609756,3.0,62.22571222849798,0.0,230.0,1275,0.8536585365853658,41
12,15,4.829268292682927,2.0,12.823192477626737,0.0,81.0,198,0.8536585365853658,41
12,16,2.1463414634146343,2.0,1.58592860556184,0.0,6.0,88,0.8536585365853658,41
13,1,2279.4146341463415,1671.0,2121.3858674956405,0.0,7618.0,93456,0.9512195121951219,41
13,2,146.17073170731706,3.0,433.9147326848076,0.0,2001.0,5993,0.9512195121951219,41
13,3,61.90243902439025,4.0,131.45745947867601,0.0,623.0,2538,0.926829268292683,41
13,4,36.75609756097561,3.0,124.22280935987068,0.0,595.0,1507,0.8780487804878049,41
13,5,170.65853658536585,4.0,383.1589881915923,0.0,1648.0,6997,0.9024390243902439,41
13,6,35.31707317073171,2.0,158.37412313644722,0.0,996.0,1448,0.926829268292683,41
13,7,158.82926829268294,5.0,314.22765573891155,0.0,1388.0,6512,0.9024390243902439,41
13,8,104.2439024390244,4.0,241.90905169523535,0.0,1319.0,4274,0.9024390243902439,41
13,9,148.85365853658536,8.0,380.81841015240497,0.0,2317.0,6103,0.926829268292683,41
13,10,21.414634146341463,2.0,95.4951092119525,0.0,609.0,878,0.8536585365853658,41
13,11,29.341463414634145,3.0,157.9582547130879,1.0,1028.0,1203,1.0,41
13,12,258.8048780487805,3.0,644.5770486788384,0.0,2587.0,10611,0.8536585365853658,41
13,13,470.0487804878049,4.0,1389.5279589990178,0.0,6838.0,19272,0.9024390243902439,41
13,14,222.82926829268294,14.0,405.2226068404706,0.0,1665.0,9136,0.8780487804878049,41
13,15,3.7560975609756095,2.0,10.103803890795415,0.0,66.0,154,0.7804878048780488,41
13,16,3.8536585365853657,2.0,7.445938410316863,0.0,46.0,158,0.926829268292683,41
14,1,254.97560975609755,39.0,461.41904597717013,0.0,2052.0,10454,0.975609756097561,41
14,2,974.2439024390244,177.0,1251.1684447335483,0.0,3913.0,39944,0.9512195121951219,41
14,3,942.4146341463414,752.0,892.829538140448,0.0,2994.0,38639,0.975609756097561,41
14,4,69.48780487804878,13.0,204.77877676227732,0.0,1306.0,2849,0.9024390243902439,41
14,5,261.1951219512195,20.0,473.9737164428463,0.0,2539.0,10709,0.975609756097561,41
14,6,264.1951219512195,71.0,346.41369737974014,0.0,1169.0,10832,0.975609756097561,41
14,7,862.9756097560976,816.0,614.4510335053947,5.0,2191.0,35382,1.0,41
14,8,1281.0487804878048,801.0,1186.1771954829846,1.0,4482.0,52523,1.0,41
14,9,180.29268292682926,135.0,193.71266676067833,1.0,725.0,7392,1.0,41
14,10,925.4634146341464,7.0,1503.0205538338046,1.0,5535.0,37944,1.0,41
14,11,53.53658536585366,5.0,172.13254926122934,0.0,925.0,2195,0.975609756097561,41
14,12,105.07317073170732,3.0,562.3827092996501,0.0,3650.0,4308,0.9024390243902439,41
14,13,738.4146341463414,4.0,1340.4801647100055,0.0,4712.0,30275,0.9512195121951219,41
14,14,20.878048780487806,2.0,66.36638699689784,0.0,347.0,856,0.9024390243902439,41
14,15,381.5609756097561,21.0,797.0061984880147,0.0,3557.0,15644,0.926829268292683,41
14,16,36.97560975609756,6.0,87.59426638015172,0.0,377.0,1516,0.9512195121951219,41
15,1,18.048780487804876,3.0,56.21993016087158,0.0,333.0,740,0.9512195121951219,41
15,2,338.6585365853659,6.0,693.3476799946444,0.0,3568.0,13885,0.9024390243902439,41
15,3,17.195121951219512,2.0,52.3334615300463,0.0,319.0,705,0.8292682926829268,41
15,4,369.2682926829268,17.0,634.6210708988415,0.0,2150.0,15140,0.926829268292683,41
15,5,65.5609756097561,3.0,147.3361924275505,0.0,584.0,2688,0.9512195121951219,41
15,6,4.829268292682927,2.0,12.409481896034944,0.0,79.0,198,0.8536585365853658,41
15,7,164.609756097561,3.0,434.10125142665095,0.0,2229.0,6749,0.8292682926829268,41
15,8,2.658536585365854,3.0,1.8820040706205294,0.0,8.0,109,0.8780487804878049,41
15,9,5.804878048780488,2.0,19.18869015496307,0.0,126.0,238,0.9512195121951219,41
15,10,2.317073170731707,2.0,1.7027814317762986,0.0,6.0,95,0.8048780487804879,41
15,11,1.8048780487804879,2.0,1.4852036436720322,0.0,6.0,74,0.7804878048780488,41
15,12,5.804878048780488,2.0,20.87853316055386,0.0,137.0,238,0.8292682926829268,41
15,13,10.24390243902439,2.0,52.63393159837746,0.0,343.0,420,0.8292682926829268,41
15,14,10.78048780487805,2.0,45.9265119220154,0.0,297.0,442,0.9024390243902439,41
15,15,7.658536585365853,2.0,25.293988253354918,0.0,159.0,314,0.926829268292683,41
15,16,24.70731707317073,3.0,94.70448102887343,0.0,515.0,1013,0.9024390243902439,41
16,1,9.073170731707316,2.0,35.53932225763213,0.0,230.0,372,0.7804878048780488,41
16,2,2.292682926829268,2.0,2.3189979168789687,0.0,14.0,94,0.8536585365853658,41
16,3,2.6341463414634148,2.0,2.648111131344383,0.0,14.0,108,0.9024390243902439,41
16,4,1.829268292682927,2.0,1.3951560630317164,0.0,5.0,75,0.8292682926829268,41
16,5,3.926829268292683,2.0,7.594575226652884,0.0,46.0,161,0.9512195121951219,41
16,6,45.24390243902439,3.0,123.49795702621567,0.0,558.0,1855,0.9512195121951219,41
16,7,1.9268292682926829,2.0,1.488004784650697,0.0,6.0,79,0.8292682926829268,41
16,8,2.1707317073170733,2.0,1.3233814601220035,0.0,6.0,89,0.926829268292683,41
16,9,539.609756097561,5.0,971.6080931806234,0.0,3872.0,22124,0.9512195121951219,41
16,10,3.5121951219512195,2.0,7.846459357553079,0.0,52.0,144,0.8780487804878049,41
16,11,4.121951219512195,2.0,13.659973791981464,0.0,90.0,169,0.8292682926829268,41
16,12,2.048780487804878,2.0,1.7383931396298011,0.0,7.0,84,0.8292682926829268,41
16,13,27.829268292682926,3.0,83.32917459382995,0.0,501.0,1141,0.9024390243902439,41
16,14,2.4146341463414633,3.0,1.4975689202935367,0.0,6.0,99,0.8536585365853658,41
16,15,53.1219512195122,2.0,156.20174495792313,0.0,873.0,2178,0.8292682926829268,41
16,16,2.024390243902439,2.0,1.553717883769072,0.0,6.0,83,0.8780487804878049,41
17,1,1.829268292682927,2.0,1.1666595846928194,0.0,4.0,75,0.8292682926829268,41
17,2,37.4390243902439,2.0,103.32969935976729,0.0,573.0,1535,0.926829268292683,41
17,3,172.21951219512195,4.0,290.0917022543651,0.0,1319.0,7061,0.926829268292683,41
17,4,1.6585365853658536,1.0,1.2993385953041174,0.0,5.0,68,0.8048780487804879,41
17,5,2.073170731707317,2.0,1.6288593031281953,0.0,7.0,85,0.8292682926829268,41
17,6,1.7560975609756098,1.0,1.5425744683748193,0.0,6.0,72,0.8048780487804879,41
17,7,4.219512195121951,3.0,8.161516463351562,0.0,52.0,173,0.9024390243902439,41
17,8,2.2439024390243905,2.0,1.6346923004991256,0.0,8.0,92,0.9024390243902439,41
17,9,11.829268292682928,2.0,46.54706636587833,0.0,299.0,485,0.8048780487804879,41
17,10,2.8536585365853657,2.0,5.326239581404942,0.0,35.0,117,0.8536585365853658,41
17,11,15.073170731707316,2.0,52.573010902099895,0.0,330.0,618,0.9512195121951219,41
17,12,3.6341463414634148,2.0,7.007856558146706,0.0,41.0,149,0.8780487804878049,41
17,13,46.78048780487805,2.0,233.29145512407518,0.0,1511.0,1918,0.9024390243902439,41
17,14,2.341463414634146,2.0,2.0195357604375075,0.0,10.0,96,0.8536585365853658,41
17,15,11.951219512195122,3.0,49.854398352584255,0.0,325.0,490,0.8780487804878049,41
17,16,3.1951219512195124,2.0,5.522545861285893,0.0,35.0,131,0.8048780487804879,41
18,1,1.8780487804878048,2.0,1.4682845798334059,0.0,8.0,77,0.8292682926829268,41
18,2,2.317073170731707,2.0,1.9685208559981535,0.0,9.0,95,0.9024390243902439,41
18,3,18.853658536585368,3.0,50.54558964891569,0.0,293.0,773,0.8536585365853658,41
18,4,275.9268292682927,4.0,540.8222461799414,0.0,1919.0,11313,0.926829268292683,41
18,5,2.5609756097560976,2.0,3.787326623176912,0.0,25.0,105,0.8536585365853658,41
18,6,13.853658536585366,2.0,46.163316116888666,0.0,281.0,568,0.8780487804878049,41
18,7,163.3658536585366,3.0,347.3411028957797,0.0,1308.0,6698,0.9024390243902439,41
18,8,2.682926829268293,2.0,4.045105590531412,0.0,26.0,110,0.8292682926829268,41
18,9,3.1463414634146343,3.0,2.322330364618076,0.0,11.0,129,0.926829268292683,41
18,10,2.5609756097560976,2.0,2.153259361399341,0.0,13.0,105,0.9512195121951219,41
18,11,7.926829268292683,2.0,22.598715961691102,0.0,128.0,325,0.8292682926829268,41
18,12,30.951219512195124,3.0,141.63418204269416,0.0,916.0,1269,0.8536585365853658,41
18,13,2.7560975609756095,2.0,2.417219606206312,0.0,13.0,113,0.8292682926829268,41
18,14,30.121951219512194,2.0,95.76526054838499,0.0,457.0,1235,0.8780487804878049,41
18,15,13.121951219512194,2.0,32.61691549917845,0.0,169.0,538,0.9024390243902439,41
18,16,6.219512195121951,2.0,21.77099457167943,0.0,142.0,255,0.8292682926829268,41
19,1,8.585365853658537,2.0,31.685170502053477,0.0,196.0,352,0.8292682926829268,41
19,2,21.21951219512195,4.0,65.47258305175811,0.0,361.0,870,0.8780487804878049,41
19,3,5.975609756097561,3.0,10.20159673030206,0.0,48.0,245,0.9024390243902439,41
19,4,19.170731707317074,10.0,28.412383455298954,0.0,162.0,786,0.926829268292683,41
19,5,5.512195121951219,2.0,21.32229103969458,0.0,140.0,226,0.8536585365853658,41
19,6,1074.4878048780488,1067.0,932.6306910824027,0.0,3409.0,44054,0.975609756097561,41
19,7,266.6341463414634,13.0,360.83654539495296,0.0,1082.0,10932,0.9024390243902439,41
19,8,2.317073170731707,2.0,1.3332341823137999,0.0,6.0,95,0.9512195121951219,41
19,9,11.585365853658537,3.0,26.487894713048934,0.0,125.0,475,0.9024390243902439,41
19,10,4.146341463414634,2.0,8.899331231682954,0.0,59.0,170,0.9512195121951219,41
19,11,2.7560975609756095,3.0,1.357553175617146,0.0,6.0,113,0.975609756097561,41
19,12,1.8780487804878048,2.0,1.6108643635081334,0.0,6.0,77,0.7560975609756098,41
19,13,2.024390243902439,2.0,1.2588768683477016,0.0,5.0,83,0.8536585365853658,41
19,14,1.951219512195122,1.0,1.779986564928677,0.0,8.0,80,0.7560975609756098,41
19,15,2.341463414634146,2.0,1.5078616113242664,0.0,5.0,96,0.9512195121951219,41
19,16,468.4146341463415,329.0,516.6899327595904,0.0,1807.0,19205,0.9512195121951219,41
20,1,2.1219512195121952,2.0,1.3102805871769065,0.0,5.0,87,0.926829268292683,41
20,2,42.048780487804876,12.0,75.01738049653272,1.0,295.0,1724,1.0,41
20,3,80.21951219512195,4.0,156.72354286311588,0.0,630.0,3289,0.9512195121951219,41
20,4,8.21951219512195,3.0,11.447679912183188,0.0,53.0,337,0.975609756097561,41
20,5,13.390243902439025,2.0,34.538686721245156,0.0,176.0,549,0.8292682926829268,41
20,6,14.195121951219512,2.0,63.52384592099949,0.0,412.0,582,0.8780487804878049,41
20,7,854.9268292682926,839.0,746.0689626871422,0.0,2286.0,35052,0.9024390243902439,41
20,8,258.6341463414634,3.0,477.0697528432607,0.0,1860.0,10604,0.9024390243902439,41
20,9,253.3170731707317,4.0,638.4080214906677,0.0,2391.0,10386,0.9024390243902439,41
20,10,30.585365853658537,3.0,114.19836733909521,0.0,700.0,1254,0.7804878048780488,41
20,11,25.878048780487806,4.0,53.88071518979193,0.0,242.0,1061,0.926829268292683,41
20,12,66.4390243902439,4.0,196.24040119828234,0.0,1000.0,2724,0.9024390243902439,41
20,13,6.560975609756097,2.0,17.01512781785496,0.0,88.0,269,0.7560975609756098,41
20,14,2.073170731707317,2.0,1.2762415075074272,0.0,5.0,85,0.926829268292683,41
20,15,2.5365853658536586,2.0,3.0691029989758296,0.0,19.0,104,0.8780487804878049,41
20,16,2.1463414634146343,2.0,1.4908006624327927,0.0,6.0,88,0.8780487804878049,41
21,1,24.29268292682927,5.0,69.38413535631446,0.0,387.0,996,0.975609756097561,41
21,2,32.58536585365854,4.0,167.41142188060428,0.0,1090.0,1336,0.926829268292683,41
21,3,432.6585365853659,170.0,546.8723313693705,0.0,2165.0,17739,0.9512195121951219,41
21,4,316.9756097560976,14.0,516.7789775138284,0.0,2141.0,12996,0.9512195121951219,41
21,5,46.26829268292683,4.0,89.08806944028625,0.0,399.0,1897,0.8780487804878049,41
21,6,109.6829268292683,5.0,228.73623525419606,0.0,1069.0,4497,0.926829268292683,41
21,7,97.78048780487805,4.0,279.69264596095496,0.0,1492.0,4009,0.926829268292683,41
21,8,988.8048780487804,12.0,1637.9876145264525,0.0,5664.0,40541,0.9512195121951219,41
21,9,3.4390243902439024,3.0,3.5957209018892393,0.0,21.0,141,0.8780487804878049,41
21,10,579.439024390244,89.0,743.3977056199457,0.0,2369.0,23757,0.9512195121951219,41
21,11,1077.6829268292684,142.0,1336.6488025714996,0.0,4340.0,44185,0.9024390243902439,41
21,12,741.5121951219512,9.0,1327.9629204702826,0.0,5673.0,30402,0.9512195121951219,41
21,13,41.048780487804876,3.0,222.77823942640228,0.0,1448.0,1683,0.9024390243902439,41
21,14,262.0,71.0,354.090452823128,0.0,1362.0,10742,0.9512195121951219,41
21,15,811.9024390243902,22.0,1501.1187016140711,0.0,4989.0,33288,0.975609756097561,41
21,16,429.4878048780488,136.0,767.8700068450744,0.0,2986.0,17609,0.9512195121951219,41
22,1,277.9024390243902,52.0,436.3495357063238,0.0,1885.0,11394,0.9512195121951219,41
22,2,51.78048780487805,15.0,110.96835677182976,0.0,657.0,2123,0.926829268292683,41
22,3,420.0243902439024,10.0,898.5838584264844,0.0,3782.0,17221,0.926829268292683,41
22,4,1108.1707317073171,27.0,1870.57760614383,0.0,7682.0,45435,0.9512195121951219,41
22,5,246.21951219512195,11.0,437.75990257468885,0.0,1878.0,10095,0.9512195121951219,41
22,6,73.53658536585365,3.0,167.60058466062753,0.0,676.0,3015,0.9512195121951219,41
22,7,35.78048780487805,3.0,126.65596038955714,0.0,768.0,1467,0.926829268292683,41
22,8,93.8048780487805,3.0,315.1310389084543,0.0,1453.0,3846,0.9024390243902439,41
22,9,4.878048780487805,3.0,9.507878945716596,0.0,57.0,200,0.9512195121951219,41
22,10,5.804878048780488,3.0,9.14708940031325,0.0,55.0,238,0.9512195121951219,41
22,11,122.5609756097561,3.0,488.30348663762663,0.0,2784.0,5025,0.926829268292683,41
22,12,42.51219512195122,2.0,150.0283098409031,0.0,736.0,1743,0.8536585365853658,41
22,13,3.4146341463414633,3.0,4.977880878133064,0.0,32.0,140,0.9024390243902439,41
22,14,5.463414634146342,2.0,16.56928919531054,0.0,109.0,224,0.8536585365853658,41
22,15,309.0,3.0,630.2138235667591,0.0,2386.0,12669,0.926829268292683,41
22,16,64.46341463414635,3.0,156.1965768278246,0.0,624.0,2643,0.8292682926829268,41
23,1,135.8780487804878,3.0,336.19986761085823,0.0,1534.0,5571,0.926829268292683,41
23,2,1690.2682926829268,1137.0,1922.351520155309,0.0,6149.0,69301,0.975609756097561,41
23,3,268.609756097561,132.0,302.9320843187407,1.0,1041.0,11013,1.0,41
23,4,6.146341463414634,2.0,15.332988469166665,0.0,74.0,252,0.8780487804878049,41
23,5,35.5609756097561,2.0,107.07053721968337,0.0,656.0,1458,0.9024390243902439,41
23,6,10.609756097560975,2.0,45.95537498687628,0.0,300.0,435,0.8780487804878049,41
23,7,24.51219512195122,2.0,71.81586275999146,0.0,321.0,1005,0.8780487804878049,41
23,8,4.487804878048781,3.0,5.20376013779301,0.0,31.0,184,0.9024390243902439,41
23,9,98.63414634146342,4.0,285.360427298835,0.0,1317.0,4044,0.8780487804878049,41
23,10,2.7804878048780486,2.0,1.9817729820265246,0.0,8.0,114,0.8780487804878049,41
23,11,5.414634146341464,2.0,17.44115627426187,0.0,114.0,222,0.8048780487804879,41
23,12,2.4390243902439024,2.0,1.7813228913668502,0.0,8.0,100,0.8536585365853658,41
23,13,3.3658536585365852,2.0,5.485039953879765,0.0,36.0,138,0.926829268292683,41
23,14,157.85365853658536,3.0,315.0383299153984,0.0,1114.0,6472,0.9512195121951219,41
23,15,22.75609756097561,3.0,57.65193309550877,0.0,286.0,933,0.8780487804878049,41
23,16,1174.3170731707316,69.0,1930.8448351727761,0.0,6651.0,48147,0.926829268292683,41
24,1,2.3658536585365852,2.0,1.972445523820071,0.0,7.0,97,0.8536585365853658,41
24,2,4.414634146341464,3.0,5.40990784717555,0.0,25.0,181,0.9512195121951219,41
24,3,22.024390243902438,3.0,80.85955538956995,0.0,511.0,903,0.8536585365853658,41
24,4,4.536585365853658,2.0,9.892341361304021,0.0,60.0,186,0.8292682926829268,41
24,5,2.2439024390243905,2.0,1.8183413482552002,0.0,8.0,92,0.8048780487804879,41
24,6,10.121951219512194,2.0,45.298034804705956,0.0,296.0,415,0.8780487804878049,41
24,7,193.85365853658536,3.0,483.0479732260913,0.0,2306.0,7948,0.926829268292683,41
24,8,2.4146341463414633,2.0,1.820956727310253,0.0,7.0,99,0.8780487804878049,41
24,9,2.4390243902439024,2.0,1.9133520641419697,0.0,8.0,100,0.8292682926829268,41
24,10,77.48780487804878,2.0,282.16887539472333,0.0,1684.0,3177,0.8536585365853658,41
24,11,14.512195121951219,3.0,48.58641883470564,0.0,286.0,595,0.9024390243902439,41
24,12,2.292682926829268,2.0,1.3835955710910082,0.0,5.0,94,0.9024390243902439,41
24,13,2.5853658536585367,3.0,1.7104500870523647,0.0,7.0,106,0.9024390243902439,41
24,14,2.097560975609756,2.0,1.2455751546149956,0.0,5.0,86,0.8780487804878049,41
24,15,17.24390243902439,3.0,52.89141222552101,0.0,320.0,707,0.9024390243902439,41
24,16,8.878048780487806,2.0,15.771532121548468,0.0,55.0,364,0.9024390243902439,41
25,1,2.5609756097560976,2.0,2.7766340430746745,0.0,17.0,105,0.8780487804878049,41
25,2,3.048780487804878,2.0,5.405287472385855,0.0,36.0,125,0.8536585365853658,41
25,3,2.097560975609756,2.0,1.7779801920592777,0.0,9.0,86,0.8536585365853658,41
25,4,3.4390243902439024,2.0,6.637104792286721,0.0,44.0,141,0.9024390243902439,41
25,5,4.219512195121951,2.0,7.604594872620142,0.0,42.0,173,0.8048780487804879,41
25,6,19.097560975609756,3.0,70.23091004506831,0.0,445.0,783,0.8780487804878049,41
25,7,2.4146341463414633,2.0,1.847550913600549,0.0,9.0,99,0.8780487804878049,41
25,8,2.341463414634146,2.0,1.8025693870148172,0.0,7.0,96,0.8048780487804879,41
25,9,9.78048780487805,2.0,48.440817396137625,0.0,316.0,401,0.8536585365853658,41
25,10,879.829268292683,118.0,984.1584718326375,0.0,2542.0,36073,0.9512195121951219,41
25,11,7.853658536585366,3.0,19.34357014946582,0.0,111.0,322,0.8536585365853658,41
25,12,5.2926829268292686,3.0,10.643316699360177,0.0,65.0,217,0.9512195121951219,41
25,13,14.195121951219512,2.0,72.09587773209185,0.0,470.0,582,0.926829268292683,41
25,14,2.2195121951219514,2.0,2.0896048771320874,0.0,12.0,91,0.8780487804878049,41
25,15,4.536585365853658,2.0,11.963557593437379,0.0,79.0,186,0.9512195121951219,41
25,16,6.682926829268292,3.0,13.536651285271267,0.0,71.0,274,0.926829268292683,41
26,1,2.341463414634146,2.0,1.995235252313908,0.0,11.0,96,0.9024390243902439,41
26,2,14.170731707317072,2.0,55.26958429593163,0.0,344.0,581,0.926829268292683,41
26,3,14.634146341463415,2.0,67.55657289519974,0.0,438.0,600,0.9512195121951219,41
26,4,2.5853658536585367,2.0,1.7246506858208477,0.0,7.0,106,0.9024390243902439,41
26,5,7.2926829268292686,2.0,32.413670634801846,0.0,212.0,299,0.8048780487804879,41
26,6,25.975609756097562,2.0,86.52942198195153,0.0,455.0,1065,0.8536585365853658,41
26,7,5.170731707317073,2.0,10.916316807208196,0.0,55.0,212,0.926829268292683,41
26,8,5.7073170731707314,2.0,14.579042597022827,0.0,77.0,234,0.8780487804878049,41
26,9,1.951219512195122,2.0,1.607167171662007,0.0,6.0,80,0.8048780487804879,41
26,10,177.3170731707317,2.0,437.1757719295128,0.0,1757.0,7270,0.8292682926829268,41
26,11,4.926829268292683,2.0,12.297908297066042,0.0,77.0,202,0.8292682926829268,41
26,12,12.902439024390244,2.0,47.72267696274156,0.0,224.0,529,0.9024390243902439,41
26,13,5.487804878048781,2.0,14.388548887357567,0.0,85.0,225,0.8536585365853658,41
26,14,2.1463414634146343,2.0,1.704527337527429,0.0,6.0,88,0.8048780487804879,41
26,15,2.4146341463414633,2.0,1.834302017264699,0.0,10.0,99,0.8780487804878049,41
26,16,3.317073170731707,2.0,6.733386146259996,0.0,44.0,136,0.8536585365853658,41
27,1,3.1219512195121952,2.0,7.16425790397677,0.0,47.0,128,0.8292682926829268,41
27,2,2.2195121951219514,2.0,2.4743779225312,0.0,14.0,91,0.7804878048780488,41
27,3,2.3658536585365852,2.0,1.7635343885390458,0.0,7.0,97,0.8536585365853658,41
27,4,21.414634146341463,2.0,58.94808613528087,0.0,322.0,878,0.975609756097561,41
27,5,2.341463414634146,2.0,2.1023767745863364,0.0,11.0,96,0.8780487804878049,41
27,6,135.5121951219512,3.0,401.73538930745286,0.0,1423.0,5556,0.8536585365853658,41
27,7,5.878048780487805,2.0,18.726784159946693,0.0,117.0,241,0.8780487804878049,41
27,8,312.4634146341463,5.0,639.8257421898778,0.0,2206.0,12811,0.9024390243902439,41
27,9,2.1951219512195124,2.0,1.7421533100905924,0.0,6.0,90,0.8048780487804879,41
27,10,278.5121951219512,4.0,535.3845721490128,0.0,1898.0,11419,0.8536585365853658,41
27,11,2.4390243902439024,2.0,3.378907172790035,0.0,22.0,100,0.8292682926829268,41
27,12,44.41463414634146,2.0,149.65602440095856,0.0,689.0,1821,0.9024390243902439,41
27,13,2.7560975609756095,2.0,2.7210156622820634,0.0,16.0,113,0.926829268292683,41
27,14,22.073170731707318,3.0,80.57155288219845,0.0,387.0,905,0.8780487804878049,41
27,15,84.09756097560975,2.0,276.98576214866273,0.0,1317.0,3448,0.8292682926829268,41
27,16,2.4634146341463414,2.0,1.4831995898059291,0.0,6.0,101,0.8780487804878049,41
28,1,2.268292682926829,2.0,1.711145533345403,0.0,8.0,93,0.926829268292683,41
28,2,3.4390243902439024,2.0,5.695735591320439,0.0,35.0,141,0.8292682926829268,41
28,3,2.0,2.0,1.4313561708410936,0.0,6.0,82,0.8536585365853658,41
28,4,3.2195121951219514,2.0,2.4545845122749514,0.0,10.0,132,0.926829268292683,41
28,5,1.951219512195122,2.0,1.3960085874394326,0.0,6.0,80,0.8536585365853658,41
28,6,486.9024390243902,5.0,879.4722864746665,0.0,3082.0,19963,0.926829268292683,41
28,7,2.5365853658536586,2.0,3.5960517710780593,0.0,23.0,104,0.8292682926829268,41
28,8,16.634146341463413,2.0,58.957924681995486,0.0,323.0,682,0.8536585365853658,41
28,9,2.2195121951219514,2.0,1.8414230329928656,0.0,9.0,91,0.8292682926829268,41
28,10,16.975609756097562,2.0,58.05946816963098,0.0,314.0,696,0.9512195121951219,41
28,11,8.536585365853659,2.0,40.743155978298745,0.0,266.0,350,0.8780487804878049,41
28,12,153.0487804878049,2.0,560.1568574404291,0.0,2658.0,6275,0.926829268292683,41
28,13,4.2682926829268295,2.0,9.725561969452139,0.0,61.0,175,0.8292682926829268,41
28,14,1.9024390243902438,2.0,1.4783787766528524,0.0,7.0,78,0.8048780487804879,41
28,15,3.4634146341463414,2.0,5.7809508922254675,0.0,36.0,142,0.8780487804878049,41
28,16,3.048780487804878,3.0,2.5940947903040645,0.0,14.0,125,0.8780487804878049,41
29,1,219.0487804878049,4.0,501.52391919319564,0.0,1924.0,8981,0.926829268292683,41
29,2,197.4878048780488,2.0,621.2831773327239,0.0,2614.0,8097,0.9024390243902439,41
29,3,1242.439024390244,877.0,1200.982241268767,0.0,3686.0,50940,0.9512195121951219,41
29,4,142.0731707317073,12.0,302.4464790584022,0.0,1394.0,5825,0.9024390243902439,41
29,5,193.70731707317074,3.0,339.4119192398378,0.0,1204.0,7942,0.8780487804878049,41
29,6,95.4390243902439,5.0,227.79687665480034,0.0,1123.0,3913,0.926829268292683,41
29,7,146.78048780487805,10.0,277.1292304160309,0.0,1454.0,6018,0.9512195121951219,41
29,8,258.8780487804878,24.0,508.32749166894035,0.0,2670.0,10614,0.9512195121951219,41
29,9,56.048780487804876,4.0,196.79070858736617,0.0,1204.0,2298,0.9024390243902439,41
29,10,253.5121951219512,13.0,541.562964920267,0.0,2631.0,10394,0.926829268292683,41
29,11,260.9024390243902,7.0,685.2854418585874,1.0,3180.0,10697,1.0,41
29,12,160.5121951219512,44.0,289.47691444676633,0.0,1487.0,6581,0.9512195121951219,41
29,13,283.1707317073171,23.0,455.3561941311559,0.0,2061.0,11610,0.9512195121951219,41
29,14,144.7560975609756,8.0,301.51566561152543,0.0,1318.0,5935,0.926829268292683,41
29,15,435.1707317073171,40.0,903.5197003383295,0.0,4031.0,17842,0.9024390243902439,41
29,16,388.6585365853659,56.0,560.607058149145,0.0,1774.0,15935,0.926829268292683,41
30,1,5.878048780487805,3.0,11.756046958700933,0.0,57.0,241,0.8536585365853658,41
30,2,28.682926829268293,3.0,67.44769934943098,0.0,340.0,1176,0.9024390243902439,41
30,3,863.780487804878,290.0,1103.8250902489835,0.0,4975.0,35415,0.9512195121951219,41
30,4,204.4390243902439,13.0,474.4242749095354,0.0,1897.0,8382,0.9512195121951219,41
30,5,21.390243902439025,5.0,36.126389279577005,0.0,140.0,877,0.9024390243902439,41
30,6,4.073170731707317,2.0,13.804188554702426,0.0,91.0,167,0.8780487804878049,41
30,7,494.4390243902439,62.0,819.0427204909962,0.0,3332.0,20272,0.975609756097561,41
30,8,102.04878048780488,4.0,192.53000415133425,0.0,688.0,4184,0.9024390243902439,41
30,9,2188.7804878048782,1069.0,2274.7636758755157,0.0,7315.0,89740,0.926829268292683,41
30,10,5.219512195121951,3.0,10.680532084859111,0.0,68.0,214,0.926829268292683,41
30,11,11.195121951219512,3.0,26.580039743950838,0.0,119.0,459,0.926829268292683,41
30,12,7.658536585365853,3.0,19.841579594005285,0.0,120.0,314,0.9024390243902439,41
30,13,8.487804878048781,3.0,13.321762776529335,0.0,57.0,348,0.975609756097561,41
30,14,10.317073170731707,2.0,44.86480451441416,0.0,293.0,423,0.8780487804878049,41
30,15,36.02439024390244,3.0,106.23432172529307,0.0,657.0,1477,0.9512195121951219,41
30,16,572.170731707317,3.0,940.0996029855619,0.0,3626.0,23459,0.9024390243902439,41
31,1,906.829268292683,34.0,1324.4424856066616,0.0,4570.0,37180,0.9512195121951219,41
31,2,9.170731707317072,3.0,30.393277850356892,0.0,197.0,376,0.9512195121951219,41
31,3,42.53658536585366,3.0,179.100339442281,0.0,1136.0,1744,0.9024390243902439,41
31,4,1661.5365853658536,703.0,1853.7730160413316,0.0,5060.0,68123,0.975609756097561,41
31,5,40.292682926829265,3.0,94.18825049774675,0.0,450.0,1652,0.8780487804878049,41
31,6,2.0,2.0,1.4650397480664592,0.0,6.0,82,0.8536585365853658,41
31,7,68.82926829268293,3.0,211.9307183663319,0.0,961.0,2822,0.8292682926829268,41
31,8,5.170731707317073,2.0,16.527733439142104,0.0,109.0,212,0.8536585365853658,41
31,9,2.902439024390244,2.0,3.6345555507049307,0.0,23.0,119,0.9512195121951219,41
31,10,270.2926829268293,22.0,524.9413088635133,0.0,2309.0,11082,0.9024390243902439,41
31,11,19.195121951219512,3.0,46.624195284859745,0.0,243.0,787,0.9024390243902439,41
31,12,253.82926829268294,7.0,493.4923778015676,0.0,1633.0,10407,0.9512195121951219,41
31,13,5.512195121951219,2.0,11.442586163462735,0.0,64.0,226,0.8780487804878049,41
31,14,28.75609756097561,3.0,96.10075517781627,0.0,492.0,1179,0.9024390243902439,41
31,15,165.5121951219512,3.0,449.31053534092894,0.0,1901.0,6786,0.9024390243902439,41
31,16,88.8048780487805,4.0,280.05045011631563,1.0,1226.0,3641,1.0,41
32,1,2.341463414634146,2.0,1.9077474406854797,0.0,8.0,96,0.8780487804878049,41
32,2,210.3658536585366,20.0,340.16715805526144,0.0,1202.0,8625,0.975609756097561,41
32,3,118.70731707317073,2.0,448.8651404784118,0.0,2246.0,4867,0.9024390243902439,41
32,4,28.78048780487805,3.0,78.3987656059873,0.0,414.0,1180,0.9512195121951219,41
32,5,13.170731707317072,3.0,45.73726795461671,0.0,281.0,540,0.9024390243902439,41
32,6,764.0487804878048,29.0,995.3301683169899,0.0,3402.0,31326,0.8292682926829268,41
32,7,11.097560975609756,3.0,51.597317418475036,0.0,337.0,455,0.8780487804878049,41
32,8,3.902439024390244,2.0,9.161970386779974,0.0,56.0,160,0.9024390243902439,41
32,9,3.6341463414634148,3.0,4.354734443814588,0.0,25.0,149,0.9024390243902439,41
32,10,2.4390243902439024,2.0,2.7144489670146807,0.0,17.0,100,0.8780487804878049,41
32,11,2.6097560975609757,2.0,1.7090583454980344,0.0,9.0,107,0.926829268292683,41
32,12,3.6097560975609757,2.0,7.234328895941761,0.0,40.0,148,0.8536585365853658,41
32,13,8.21951219512195,2.0,22.473303614996226,0.0,126.0,337,0.8292682926829268,41
32,14,3.2439024390243905,2.0,5.418038920733168,0.0,36.0,133,0.9024390243902439,41
32,15,2.5365853658536586,2.0,2.0612281559801557,0.0,10.0,104,0.8536585365853658,41
32,16,1.853658536585366,2.0,1.4238555628611147,0.0,6.0,76,0.8048780487804879,41
33,1,9.048780487804878,2.0,22.25785826647189,0.0,131.0,371,0.8292682926829268,41
33,2,2.682926829268293,2.0,2.570366059061019,0.0,11.0,110,0.8048780487804879,41
33,3,2.658536585365854,2.0,2.4356073625014494,0.0,14.0,109,0.8292682926829268,41
33,4,3.1463414634146343,2.0,3.9728405738043593,0.0,24.0,129,0.8536585365853658,41
33,5,6.780487804878049,2.0,14.18090814650484,0.0,79.0,278,0.9024390243902439,41
33,6,2.1219512195121952,2.0,1.4346771873027064,0.0,5.0,87,0.8292682926829268,41
33,7,2.1951219512195124,2.0,1.4179943271949886,0.0,5.0,90,0.8536585365853658,41
33,8,2.1707317073170733,2.0,1.3597424258308637,0.0,6.0,89,0.8780487804878049,41
33,9,28.29268292682927,3.0,78.0860200793093,0.0,333.0,1160,0.9024390243902439,41
33,10,2.048780487804878,2.0,1.5452716157519177,0.0,6.0,84,0.8292682926829268,41
33,11,5.487804878048781,3.0,8.19316178648319,0.0,35.0,225,0.8292682926829268,41
33,12,3.5121951219512195,1.0,9.263413349773218,0.0,61.0,144,0.8292682926829268,41
33,13,2.048780487804878,1.0,1.6667658110507206,0.0,6.0,84,0.8048780487804879,41
33,14,2.341463414634146,2.0,1.6321429292021081,0.0,7.0,96,0.8780487804878049,41
33,15,4.341463414634147,2.0,9.598296993503105,0.0,61.0,178,0.926829268292683,41
33,16,2.317073170731707,2.0,1.6592537904092632,0.0,7.0,95,0.8780487804878049,41
34,1,3.682926829268293,2.0,7.970797384569851,0.0,53.0,151,0.8780487804878049,41
34,2,132.09756097560975,2.0,424.5589852367638,0.0,2128.0,5416,0.9512195121951219,41
34,3,2.8292682926829267,2.0,5.103334342939321,0.0,34.0,116,0.8780487804878049,41
34,4,3.3658536585365852,2.0,5.2626437646128315,0.0,34.0,138,0.926829268292683,41
34,5,8.975609756097562,3.0,27.684183919023944,0.0,180.0,368,0.9512195121951219,41
34,6,7.024390243902439,2.0,31.672476167477292,0.0,207.0,288,0.7804878048780488,41
34,7,24.0,4.0,55.270509933351285,0.0,317.0,984,0.9024390243902439,41
34,8,3.097560975609756,2.0,2.7744907513287558,0.0,14.0,127,0.9512195121951219,41
34,9,29.51219512195122,3.0,132.98690967144822,0.0,857.0,1210,0.926829268292683,41
34,10,2.4390243902439024,2.0,1.938679214559771,0.0,10.0,100,0.8780487804878049,41
34,11,228.21951219512195,9.0,349.3313831149878,0.0,1168.0,9357,0.926829268292683,41
34,12,2.2195121951219514,2.0,1.7601579075774356,0.0,8.0,91,0.8292682926829268,41
34,13,22.829268292682926,2.0,78.28244747318159,0.0,448.0,936,0.8536585365853658,41
34,14,2.658536585365854,2.0,1.8294308870828466,0.0,9.0,109,0.9024390243902439,41
34,15,10.951219512195122,2.0,40.12599134525675,0.0,234.0,449,0.8536585365853658,41
34,16,75.60975609756098,2.0,308.68413708868235,0.0,1680.0,3100,0.8536585365853658,41
35,1,2.4634146341463414,2.0,2.1195669251122373,0.0,11.0,101,0.8780487804878049,41
35,2,19.097560975609756,2.0,97.70083877065836,0.0,636.0,783,0.8780487804878049,41
35,3,8.682926829268293,3.0,25.94876661798487,0.0,150.0,356,0.8536585365853658,41
35,4,4.780487804878049,3.0,6.638807544710491,0.0,35.0,196,0.8780487804878049,41
35,5,2.5365853658536586,2.0,2.0011894143186355,0.0,8.0,104,0.8536585365853658,41
35,6,2.5609756097560976,2.0,2.0724532474388293,0.0,9.0,105,0.8536585365853658,41
35,7,363.8780487804878,2.0,786.1646384736703,0.0,3159.0,14919,0.8048780487804879,41
35,8,233.7560975609756,3.0,581.2154119994983,0.0,2211.0,9584,0.8048780487804879,41
35,9,133.8048780487805,3.0,227.28280648246604,0.0,985.0,5486,0.9024390243902439,41
35,10,3.902439024390244,3.0,6.222715578677144,0.0,40.0,160,0.8292682926829268,41
35,11,2.073170731707317,2.0,1.4548530040982186,0.0,6.0,85,0.8536585365853658,41
35,12,6.390243902439025,3.0,9.481375964722318,0.0,51.0,262,0.975609756097561,41
35,13,267.4390243902439,3.0,584.0227212745252,0.0,2527.0,10965,0.9024390243902439,41
35,14,2.1951219512195124,2.0,1.7139244966595966,0.0,7.0,90,0.8292682926829268,41
35,15,2.682926829268293,2.0,2.3315338235281513,0.0,14.0,110,0.9024390243902439,41
35,16,2.341463414634146,2.0,1.8160498018523203,0.0,8.0,96,0.8292682926829268,41
36,1,2.1951219512195124,2.0,1.6112336160891458,0.0,6.0,90,0.9024390243902439,41
36,2,14.097560975609756,3.0,47.4741546518189,0.0,277.0,578,0.926829268292683,41
36,3,2.097560975609756,2.0,1.8974293013440708,0.0,9.0,86,0.8048780487804879,41
36,4,3.1463414634146343,2.0,6.527842715441992,0.0,43.0,129,0.8780487804878049,41
36,5,1.829268292682927,2.0,1.4963767463588262,0.0,5.0,75,0.7560975609756098,41
36,6,58.65853658536585,4.0,116.35765086547421,0.0,529.0,2405,0.9024390243902439,41
36,7,7.0,2.0,21.940051359523675,0.0,141.0,287,0.8780487804878049,41
36,8,2.5121951219512195,2.0,3.069296822778414,0.0,19.0,103,0.8536585365853658,41
36,9,2.097560975609756,2.0,1.4280274310540926,0.0,7.0,86,0.8780487804878049,41
36,10,21.073170731707318,2.0,117.64651275374544,0.0,765.0,864,0.8048780487804879,41
36,11,2.682926829268293,2.0,3.4952164132044596,0.0,18.0,110,0.7804878048780488,41
36,12,11.975609756097562,2.0,35.42941302865498,0.0,197.0,491,0.926829268292683,41
36,13,545.390243902439,4.0,1167.02857778558,0.0,4923.0,22361,0.9024390243902439,41
36,14,1.8048780487804879,2.0,1.3831655491471049,0.0,6.0,74,0.8048780487804879,41
36,15,2.0,2.0,1.4650397480664592,0.0,6.0,82,0.8292682926829268,41
36,16,1.7804878048780488,2.0,1.522388930178267,0.0,5.0,73,0.7560975609756098,41
37,1,132.29268292682926,3.0,336.7361450897053,0.0,1497.0,5424,0.926829268292683,41
37,2,213.5609756097561,19.0,499.44877169762634,0.0,2384.0,8756,0.926829268292683,41
37,3,410.8536585365854,68.0,708.5591550076476,0.0,2722.0,16845,0.9024390243902439,41
37,4,5.609756097560975,3.0,7.666455436830104,0.0,34.0,230,0.9024390243902439,41
37,5,468.6585365853659,31.0,945.8264578033252,0.0,4420.0,19215,0.975609756097561,41
37,6,698.1951219512196,12.0,1310.0786462989158,0.0,5750.0,28626,0.9512195121951219,41
37,7,461.219512195122,11.0,1038.329110666892,0.0,3802.0,18910,0.9512195121951219,41
37,8,236.26829268292684,4.0,540.7995446847486,0.0,2007.0,9687,0.9512195121951219,41
37,9,27.48780487804878,2.0,107.44757586188751,0.0,556.0,1127,0.926829268292683,41
37,10,159.7560975609756,3.0,415.3885504304053,0.0,1894.0,6550,0.8780487804878049,41
37,11,64.58536585365853,7.0,123.31478174005686,0.0,551.0,2648,0.9024390243902439,41
37,12,155.70731707317074,7.0,371.8493823004042,0.0,2064.0,6384,0.9512195121951219,41
37,13,4.097560975609756,2.0,9.884219692479968,0.0,63.0,168,0.8536585365853658,41
37,14,15.658536585365853,3.0,50.672843429918665,0.0,303.0,642,0.8048780487804879,41
37,15,459.7317073170732,10.0,975.0034652693952,0.0,4253.0,18849,0.8536585365853658,41
37,16,117.1219512195122,4.0,239.91921354976782,1.0,1151.0,4802,1.0,41
38,1,7.073170731707317,3.0,27.57286598681661,0.0,181.0,290,0.8536585365853658,41
38,2,143.46341463414635,4.0,323.76618313906386,0.0,1204.0,5882,0.926829268292683,41
38,3,59.146341463414636,4.0,218.5481540927464,0.0,1250.0,2425,0.8780487804878049,41
38,4,158.4878048780488,4.0,345.93916862342195,0.0,1322.0,6498,0.926829268292683,41
38,5,62.951219512195124,3.0,212.29350957066458,0.0,1217.0,2581,0.926829268292683,41
38,6,18.170731707317074,2.0,54.47796710106393,0.0,253.0,745,0.8536585365853658,41
38,7,342.0243902439024,3.0,1098.0036538169443,0.0,6405.0,14023,0.8780487804878049,41
38,8,41.68292682926829,5.0,105.14228200207756,0.0,512.0,1709,0.926829268292683,41
38,9,86.21951219512195,7.0,176.66373075879412,0.0,965.0,3535,0.926829268292683,41
38,10,1229.8536585365853,702.0,1440.4014101932194,0.0,4949.0,50424,0.926829268292683,41
38,11,420.5365853658537,4.0,904.3890566203694,0.0,4338.0,17242,0.9024390243902439,41
38,12,24.29268292682927,5.0,51.8911825314207,0.0,285.0,996,0.9024390243902439,41
38,13,76.36585365853658,6.0,287.61430441186343,0.0,1849.0,3131,0.9024390243902439,41
38,14,10.21951219512195,2.0,29.841460922782396,0.0,188.0,419,0.926829268292683,41
38,15,73.8048780487805,3.0,197.6032264366042,0.0,983.0,3026,0.9512195121951219,41
38,16,26.48780487804878,4.0,57.18268625533923,0.0,237.0,1086,0.8780487804878049,41
39,1,23.658536585365855,3.0,73.77738755832702,0.0,431.0,970,0.926829268292683,41
39,2,192.78048780487805,3.0,479.53277627469146,0.0,1776.0,7904,0.926829268292683,41
39,3,2.2195121951219514,2.0,1.5062826982092206,0.0,6.0,91,0.9024390243902439,41
39,4,4.024390243902439,2.0,9.43911892559958,0.0,62.0,165,0.8048780487804879,41
39,5,494.4390243902439,17.0,735.9104879548702,0.0,2765.0,20272,0.926829268292683,41
39,6,4.560975609756097,2.0,14.067864747728446,0.0,93.0,187,0.9024390243902439,41
39,7,19.341463414634145,3.0,83.64577162088673,0.0,544.0,793,0.926829268292683,41
39,8,77.78048780487805,3.0,240.99666146813414,0.0,1149.0,3189,0.9512195121951219,41
39,9,6.853658536585366,2.0,16.181231186552868,0.0,80.0,281,0.8536585365853658,41
39,10,7.146341463414634,2.0,21.023286712026874,0.0,121.0,293,0.9024390243902439,41
39,11,140.7560975609756,3.0,249.33147497666488,0.0,837.0,5771,0.8780487804878049,41
39,12,2.3902439024390243,2.0,1.9985122366459993,0.0,8.0,98,0.8048780487804879,41
39,13,55.19512195121951,2.0,187.18573266355,0.0,1075.0,2263,0.8536585365853658,41
39,14,3.1463414634146343,2.0,4.274490274046126,0.0,27.0,129,0.926829268292683,41
39,15,2.7804878048780486,2.0,4.146771857145885,0.0,27.0,114,0.8048780487804879,41
39,16,690.439024390244,5.0,1492.8075047647555,0.0,6034.0,28308,0.926829268292683,41
40,1,11.585365853658537,3.0,25.391544213558138,0.0,132.0,475,0.8292682926829268,41
40,2,4.536585365853658,2.0,11.99613263082612,0.0,74.0,186,0.8536585365853658,41
40,3,5.414634146341464,2.0,18.553778932363862,0.0,121.0,222,0.8292682926829268,41
40,4,119.58536585365853,2.0,356.2076659046748,0.0,1492.0,4903,0.7804878048780488,41
40,5,7.926829268292683,3.0,19.929620367564482,0.0,116.0,325,0.8292682926829268,41
40,6,6.560975609756097,3.0,13.157671935243812,0.0,62.0,269,0.8536585365853658,41
40,7,64.90243902439025,3.0,248.87099262401173,0.0,1540.0,2661,0.8780487804878049,41
40,8,56.0,3.0,101.03199203536545,0.0,428.0,2296,0.9512195121951219,41
40,9,5.439024390243903,2.0,11.542178812126958,0.0,68.0,223,0.9512195121951219,41
40,10,4.7073170731707314,2.0,9.574467831964252,0.0,53.0,193,0.8292682926829268,41
40,11,31.4390243902439,3.0,109.44138620139243,0.0,673.0,1289,0.975609756097561,41
40,12,114.5609756097561,2.0,520.0361642574808,0.0,3140.0,4697,0.926829268292683,41
40,13,2.2195121951219514,2.0,1.5851782252948214,0.0,6.0,91,0.8780487804878049,41
40,14,18.73170731707317,2.0,72.11407778068191,0.0,425.0,768,0.8780487804878049,41
40,15,99.1219512195122,3.0,278.2452151646932,0.0,1297.0,4064,0.8536585365853658,41
40,16,1.9268292682926829,1.0,1.9429703674784813,0.0,9.0,79,0.7317073170731707,41
41,1,17.853658536585368,2.0,64.60935557702557,0.0,311.0,732,0.7560975609756098,41
41,2,16.609756097560975,3.0,48.917490536906286,0.0,306.0,681,0.8536585365853658,41
41,3,88.36585365853658,2.0,268.85445841502633,0.0,1226.0,3623,0.8536585365853658,41
41,4,2.1951219512195124,2.0,1.596024209656867,0.0,8.0,90,0.9024390243902439,41
41,5,58.707317073170735,3.0,204.79486987458512,0.0,1016.0,2407,0.9024390243902439,41
41,6,2.0,2.0,1.3792893185949944,0.0,5.0,82,0.8048780487804879,41
41,7,2.2195121951219514,2.0,2.0778999145120847,0.0,12.0,91,0.8048780487804879,41
41,8,30.585365853658537,3.0,80.99833651099928,0.0,382.0,1254,0.8536585365853658,41
41,9,5.926829268292683,2.0,22.99882313415659,0.0,151.0,243,0.8536585365853658,41
41,10,11.75609756097561,2.0,58.12424895410079,0.0,379.0,482,0.8536585365853658,41
41,11,1.9024390243902438,1.0,2.886510916430461,0.0,18.0,78,0.7317073170731707,41
41,12,6.560975609756097,2.0,22.87191139269962,0.0,149.0,269,0.926829268292683,41
41,13,2.341463414634146,2.0,1.8689994205529772,0.0,8.0,96,0.9024390243902439,41
41,14,9.536585365853659,2.0,47.371442236433815,0.0,309.0,391,0.8536585365853658,41
41,15,3.292682926829268,2.0,9.210926444860764,0.0,61.0,135,0.8536585365853658,41
41,16,2.292682926829268,2.0,1.485604130033274,0.0,5.0,94,0.9024390243902439,41
42,1,11.512195121951219,2.0,49.00976605077983,0.0,315.0,472,0.8292682926829268,41
42,2,2.5365853658536586,2.0,1.308463276195284,1.0,6.0,104,1.0,41
42,3,2.024390243902439,2.0,1.8009185309243643,0.0,7.0,83,0.7804878048780488,41
42,4,9.682926829268293,2.0,44.98804124262697,0.0,294.0,397,0.975609756097561,41
42,5,3.1219512195121952,2.0,4.168377598358685,0.0,23.0,128,0.9024390243902439,41
42,6,163.3170731707317,9.0,323.88250195767057,0.0,1142.0,6696,0.8780487804878049,41
42,7,174.53658536585365,4.0,527.2698248275793,0.0,3294.0,7156,0.8780487804878049,41
42,8,8.585365853658537,2.0,33.21105870019958,0.0,215.0,352,0.8536585365853658,41
42,9,3.4146341463414633,2.0,6.566640042785728,0.0,43.0,140,0.8048780487804879,41
42,10,90.53658536585365,3.0,257.44581220615464,0.0,1015.0,3712,0.9024390243902439,41
42,11,14.487804878048781,2.0,65.61867742410507,0.0,428.0,594,0.926829268292683,41
42,12,3.2439024390243905,2.0,6.694666562325996,0.0,44.0,133,0.8536585365853658,41
42,13,11.75609756097561,3.0,43.3318338946485,0.0,260.0,482,0.926829268292683,41
42,14,39.853658536585364,2.0,197.3846759287386,0.0,1258.0,1634,0.8536585365853658,41
42,15,2.1219512195121952,2.0,1.713577372707346,0.0,7.0,87,0.8048780487804879,41
42,16,90.70731707317073,3.0,346.359903322234,0.0,1973.0,3719,0.8048780487804879,41
43,1,13.024390243902438,3.0,38.17449525590131,0.0,234.0,534,0.8780487804878049,41
43,2,760.8048780487804,706.0,833.8017024452487,0.0,2615.0,31193,0.9512195121951219,41
43,3,2.097560975609756,2.0,1.3934494494717755,0.0,5.0,86,0.8780487804878049,41
43,4,2.4634146341463414,2.0,1.754402976424824,0.0,10.0,101,0.9024390243902439,41
43,5,2.4146341463414633,2.0,1.4975689202935367,0.0,6.0,99,0.926829268292683,41
43,6,14.24390243902439,2.0,48.97275523699557,0.0,300.0,584,0.8780487804878049,41
43,7,16.414634146341463,2.0,64.18911677746492,0.0,358.0,673,0.8780487804878049,41
43,8,13.048780487804878,3.0,28.37290980333022,0.0,138.0,535,0.8536585365853658,41
43,9,1.829268292682927,2.0,1.2474840831750655,0.0,4.0,75,0.8048780487804879,41
43,10,3.1463414634146343,2.0,4.598838536348361,0.0,26.0,129,0.8536585365853658,41
43,11,12.24390243902439,2.0,50.12218265924846,0.0,321.0,502,0.7804878048780488,41
43,12,52.53658536585366,2.0,146.04461355803537,0.0,647.0,2154,0.8536585365853658,41
43,13,26.341463414634145,2.0,67.27069805918929,0.0,296.0,1080,0.8780487804878049,41
43,14,1.951219512195122,2.0,1.4971716344607615,0.0,6.0,80,0.7804878048780488,41
43,15,2.048780487804878,2.0,1.4305247120600177,0.0,7.0,84,0.8780487804878049,41
43,16,2.4146341463414633,2.0,2.262909952145015,0.0,11.0,99,0.8048780487804879,41
44,1,4.829268292682927,3.0,7.567267248547911,0.0,42.0,198,0.926829268292683,41
44,2,197.609756097561,8.0,345.68813507855145,0.0,1209.0,8102,0.9512195121951219,41
44,3,15.365853658536585,2.0,39.68765618601783,0.0,178.0,630,0.8780487804878049,41
44,4,2.1219512195121952,2.0,1.6703310895867252,0.0,6.0,87,0.7560975609756098,41
44,5,139.82926829268294,18.0,246.743067952053,0.0,1108.0,5733,0.8780487804878049,41
44,6,2.024390243902439,2.0,1.553717883769072,0.0,6.0,83,0.8048780487804879,41
44,7,10.048780487804878,2.0,30.219482666967206,0.0,150.0,412,0.7560975609756098,41
44,8,24.73170731707317,2.0,118.46333679825902,0.0,768.0,1014,0.8780487804878049,41
44,9,16.853658536585368,2.0,76.6348837895927,0.0,491.0,691,0.8048780487804879,41
44,10,1.9268292682926829,2.0,1.5833007187431687,0.0,6.0,79,0.7804878048780488,41
44,11,2.1219512195121952,2.0,1.5332910873660206,0.0,5.0,87,0.8048780487804879,41
44,12,2.341463414634146,2.0,1.8427148065877172,0.0,10.0,96,0.8780487804878049,41
44,13,2.5365853658536586,2.0,3.2766547558530075,0.0,17.0,104,0.8048780487804879,41
44,14,2.317073170731707,2.0,1.7866582021280426,0.0,7.0,95,0.8536585365853658,41
44,15,1.975609756097561,2.0,1.2781046347876979,0.0,5.0,81,0.8536585365853658,41
44,16,2.8780487804878048,2.0,4.532780990718125,0.0,29.0,118,0.8048780487804879,41
45,1,287.4146341463415,82.0,368.6375690930285,0.0,1631.0,11784,0.926829268292683,41
45,2,886.0975609756098,192.0,1234.3216129276814,0.0,3890.0,36330,0.8780487804878049,41
45,3,125.92682926829268,14.0,196.95491501478972,0.0,849.0,5163,0.9024390243902439,41
45,4,1198.8292682926829,115.0,1619.5216382328279,0.0,5387.0,49152,0.926829268292683,41
45,5,85.26829268292683,3.0,178.80375185541516,0.0,799.0,3496,0.9024390243902439,41
45,6,66.04878048780488,5.0,164.26821482244156,0.0,792.0,2708,0.9512195121951219,41
45,7,4.951219512195122,2.0,10.380448835430245,0.0,63.0,203,0.8780487804878049,41
45,8,6.853658536585366,2.0,21.402713499733988,0.0,105.0,281,0.8292682926829268,41
45,9,132.02439024390245,2.0,330.9959463170006,0.0,1838.0,5413,0.8536585365853658,41
45,10,99.2439024390244,3.0,265.42361727842007,0.0,1318.0,4069,0.9024390243902439,41
45,11,14.170731707317072,2.0,50.864670972327545,0.0,281.0,581,0.8292682926829268,41
45,12,5.7317073170731705,2.0,19.947521870958944,0.0,131.0,235,0.8780487804878049,41
45,13,373.8536585365854,5.0,873.4725360691674,0.0,3523.0,15328,0.926829268292683,41
45,14,16.75609756097561,3.0,41.35614531726424,0.0,224.0,687,0.8536585365853658,41
45,15,287.9512195121951,3.0,835.2643790958152,0.0,4457.0,11806,0.9024390243902439,41
45,16,2.097560975609756,2.0,1.94816834611862,0.0,9.0,86,0.8048780487804879,41
46,1,581.4634146341464,220.0,740.1460995381324,0.0,2934.0,23840,0.9512195121951219,41
46,2,144.1219512195122,6.0,239.17696225648808,0.0,987.0,5909,0.9512195121951219,41
46,3,765.9268292682926,433.0,906.7016179065397,0.0,4334.0,31403,0.8780487804878049,41
46,4,9.439024390243903,2.0,28.791130731603495,0.0,172.0,387,0.8536585365853658,41
46,5,78.3170731707317,4.0,158.74483882900984,0.0,798.0,3211,0.9024390243902439,41
46,6,13.682926829268293,5.0,23.549055208007132,0.0,107.0,561,0.926829268292683,41
46,7,52.73170731707317,3.0,228.66228419693144,0.0,1446.0,2162,0.926829268292683,41
46,8,69.85365853658537,3.0,195.8599002741388,0.0,1063.0,2864,0.8048780487804879,41
46,9,94.1951219512195,4.0,207.29891455626253,0.0,993.0,3862,0.9512195121951219,41
46,10,134.9268292682927,5.0,544.4340713628035,0.0,3357.0,5532,0.926829268292683,41
46,11,3.341463414634146,2.0,6.3230501905390675,0.0,42.0,137,0.9024390243902439,41
46,12,2.731707317073171,2.0,1.8744025421308146,0.0,6.0,112,0.926829268292683,41
46,13,52.19512195121951,3.0,169.93072039011133,0.0,913.0,2140,0.9512195121951219,41
46,14,497.4390243902439,8.0,767.953061598533,0.0,2978.0,20395,0.926829268292683,41
46,15,338.3658536585366,6.0,587.386512384808,0.0,1926.0,13873,0.9024390243902439,41
46,16,3.5853658536585367,2.0,5.441375407887764,0.0,34.0,147,0.8780487804878049,41
47,1,2.2195121951219514,2.0,1.660329017084635,0.0,7.0,91,0.9024390243902439,41
47,2,3.8780487804878048,2.0,10.432582922586567,0.0,69.0,159,0.8780487804878049,41
47,3,248.3658536585366,17.0,402.6535008675035,0.0,1273.0,10183,0.8780487804878049,41
47,4,2.707317073170732,2.0,3.3294246367292546,0.0,21.0,111,0.8536585365853658,41
47,5,17.51219512195122,3.0,44.96997478058895,0.0,206.0,718,0.8780487804878049,41
47,6,196.21951219512195,3.0,527.0193457917711,0.0,1870.0,8045,0.8292682926829268,41
47,7,2.2195121951219514,2.0,1.440057504304928,0.0,5.0,91,0.8780487804878049,41
47,8,16.658536585365855,2.0,52.2170002015966,0.0,252.0,683,0.8536585365853658,41
47,9,108.26829268292683,2.0,456.1063218149076,0.0,2829.0,4439,0.926829268292683,41
47,10,102.53658536585365,4.0,308.09209088580815,0.0,1452.0,4204,0.8536585365853658,41
47,11,157.4878048780488,2.0,394.1902550398122,0.0,1514.0,6457,0.8780487804878049,41
47,12,3.4634146341463414,3.0,5.37880919351799,0.0,36.0,142,0.926829268292683,41
47,13,7.487804878048781,2.0,29.31171575577406,0.0,191.0,307,0.9024390243902439,41
47,14,1.951219512195122,2.0,1.4642274165662084,0.0,6.0,80,0.8292682926829268,41
47,15,23.634146341463413,2.0,97.82083076517159,0.0,615.0,969,0.8292682926829268,41
47,16,2.4634146341463414,2.0,1.9139737870061901,0.0,7.0,101,0.8048780487804879,41
48,1,42.609756097560975,3.0,102.88114811045742,0.0,511.0,1747,0.9512195121951219,41
48,2,13.536585365853659,3.0,35.08046330100907,0.0,144.0,555,0.926829268292683,41
48,3,20.146341463414632,2.0,70.47143028642962,0.0,419.0,826,0.8048780487804879,41
48,4,5.7073170731707314,2.0,17.812360606131893,0.0,109.0,234,0.8536585365853658,41
48,5,66.63414634146342,3.0,150.2975513971488,0.0,662.0,2732,0.8292682926829268,41
48,6,9.24390243902439,2.0,25.29511713008319,0.0,151.0,379,0.8048780487804879,41
48,7,26.73170731707317,2.0,130.13801761511655,0.0,840.0,1096,0.8536585365853658,41
48,8,80.70731707317073,2.0,306.1009114577102,0.0,1688.0,3309,0.8780487804878049,41
48,9,21.609756097560975,2.0,100.69172418551936,0.0,646.0,886,0.9024390243902439,41
48,10,54.46341463414634,4.0,145.1058650645974,0.0,698.0,2233,0.8292682926829268,41
48,11,51.21951219512195,3.0,161.58294890046972,0.0,954.0,2100,0.8780487804878049,41
48,12,565.390243902439,517.0,499.6179944643942,0.0,1885.0,23181,0.926829268292683,41
48,13,60.90243902439025,2.0,212.8504347071595,0.0,1034.0,2497,0.8536585365853658,41
48,14,9.048780487804878,2.0,31.669752607497692,0.0,193.0,371,0.8292682926829268,41
48,15,11.634146341463415,2.0,56.537385040326164,0.0,369.0,477,0.8780487804878049,41
48,16,200.7560975609756,3.0,462.00104426488497,0.0,1817.0,8231,0.8780487804878049,41
