id,date,well,n_electrodes_inactive,n_electrodes_present,n_electrodes_total,fraction_inactive_in_well
1,2025-01-27,1,13,16,16,0.8125
1,2025-01-27,2,14,16,16,0.875
1,2025-01-27,3,12,16,16,0.75
1,2025-01-27,4,11,16,16,0.6875
1,2025-01-27,5,13,16,16,0.8125
1,2025-01-27,6,13,16,16,0.8125
1,2025-01-27,7,14,16,16,0.875
1,2025-01-27,8,7,16,16,0.4375
1,2025-01-27,9,9,16,16,0.5625
1,2025-01-27,10,14,16,16,0.875
1,2025-01-27,11,15,16,16,0.9375
1,2025-01-27,12,12,16,16,0.75
1,2025-01-27,13,10,16,16,0.625
1,2025-01-27,14,8,16,16,0.5
1,2025-01-27,15,15,16,16,0.9375
1,2025-01-27,16,8,16,16,0.5
1,2025-01-27,17,16,16,16,1.0
1,2025-01-27,18,15,16,16,0.9375
1,2025-01-27,19,10,16,16,0.625
1,2025-01-27,20,10,16,16,0.625
1,2025-01-27,21,12,16,16,0.75
1,2025-01-27,22,15,16,16,0.9375
1,2025-01-27,23,12,16,16,0.75
1,2025-01-27,24,10,16,16,0.625
1,2025-01-27,25,15,16,16,0.9375
1,2025-01-27,26,13,16,16,0.8125
1,2025-01-27,27,15,16,16,0.9375
1,2025-01-27,28,13,16,16,0.8125
1,2025-01-27,29,11,16,16,0.6875
1,2025-01-27,30,14,16,16,0.875
1,2025-01-27,31,13,16,16,0.8125
1,2025-01-27,32,15,16,16,0.9375
1,2025-01-27,33,16,16,16,1.0
1,2025-01-27,34,16,16,16,1.0
1,2025-01-27,35,16,16,16,1.0
1,2025-01-27,36,11,16,16,0.6875
1,2025-01-27,37,13,16,16,0.8125
1,2025-01-27,38,13,16,16,0.8125
1,2025-01-27,39,15,16,16,0.9375
1,2025-01-27,40,14,16,16,0.875
1,2025-01-27,41,13,16,16,0.8125
1,2025-01-27,42,13,16,16,0.8125
1,2025-01-27,43,14,16,16,0.875
1,2025-01-27,44,15,16,16,0.9375
1,2025-01-27,45,11,16,16,0.6875
1,2025-01-27,46,12,16,16,0.75
1,2025-01-27,47,13,16,16,0.8125
1,2025-01-27,48,14,16,16,0.875
2,2025-01-28,1,12,16,16,0.75
2,2025-01-28,2,10,16,16,0.625
2,2025-01-28,3,15,16,16,0.9375
2,2025-01-28,4,13,16,16,0.8125
2,2025-01-28,5,11,16,16,0.6875
2,2025-01-28,6,12,16,16,0.75
2,2025-01-28,7,12,16,16,0.75
2,2025-01-28,8,12,16,16,0.75
2,2025-01-28,9,12,16,16,0.75
2,2025-01-28,10,11,16,16,0.6875
2,2025-01-28,11,12,16,16,0.75
2,2025-01-28,12,10,16,16,0.625
2,2025-01-28,13,11,16,16,0.6875
2,2025-01-28,14,6,16,16,0.375
2,2025-01-28,15,8,16,16,0.5
2,2025-01-28,16,14,16,16,0.875
2,2025-01-28,17,13,16,16,0.8125
2,2025-01-28,18,13,16,16,0.8125
2,2025-01-28,19,8,16,16,0.5
2,2025-01-28,20,7,16,16,0.4375
2,2025-01-28,21,11,16,16,0.6875
2,2025-01-28,22,8,16,16,0.5
2,2025-01-28,23,11,16,16,0.6875
2,2025-01-28,24,14,16,16,0.875
2,2025-01-28,25,14,16,16,0.875
2,2025-01-28,26,9,16,16,0.5625
2,2025-01-28,27,12,16,16,0.75
2,2025-01-28,28,13,16,16,0.8125
2,2025-01-28,29,9,16,16,0.5625
2,2025-01-28,30,12,16,16,0.75
2,2025-01-28,31,7,16,16,0.4375
2,2025-01-28,32,13,16,16,0.8125
2,2025-01-28,33,15,16,16,0.9375
2,2025-01-28,34,13,16,16,0.8125
2,2025-01-28,35,14,16,16,0.875
2,2025-01-28,36,14,16,16,0.875
2,2025-01-28,37,11,16,16,0.6875
2,2025-01-28,38,11,16,16,0.6875
2,2025-01-28,39,12,16,16,0.75
2,2025-01-28,40,12,16,16,0.75
2,2025-01-28,41,13,16,16,0.8125
2,2025-01-28,42,10,16,16,0.625
2,2025-01-28,43,13,16,16,0.8125
2,2025-01-28,44,10,16,16,0.625
2,2025-01-28,45,14,16,16,0.875
2,2025-01-28,46,10,16,16,0.625
2,2025-01-28,47,12,16,16,0.75
2,2025-01-28,48,15,16,16,0.9375
3,2025-01-29,1,2,16,16,0.125
3,2025-01-29,2,1,16,16,0.0625
3,2025-01-29,3,2,16,16,0.125
3,2025-01-29,4,1,16,16,0.0625
3,2025-01-29,5,2,16,16,0.125
3,2025-01-29,6,0,16,16,0.0
3,2025-01-29,7,1,16,16,0.0625
3,2025-01-29,8,4,16,16,0.25
3,2025-01-29,9,0,16,16,0.0
3,2025-01-29,10,4,16,16,0.25
3,2025-01-29,11,1,16,16,0.0625
3,2025-01-29,12,2,16,16,0.125
3,2025-01-29,13,0,16,16,0.0
3,2025-01-29,14,0,16,16,0.0
3,2025-01-29,15,1,16,16,0.0625
3,2025-01-29,16,1,16,16,0.0625
3,2025-01-29,17,1,16,16,0.0625
3,2025-01-29,18,0,16,16,0.0
3,2025-01-29,19,1,16,16,0.0625
3,2025-01-29,20,0,16,16,0.0
3,2025-01-29,21,0,16,16,0.0
3,2025-01-29,22,1,16,16,0.0625
3,2025-01-29,23,1,16,16,0.0625
3,2025-01-29,24,0,16,16,0.0
3,2025-01-29,25,2,16,16,0.125
3,2025-01-29,26,2,16,16,0.125
3,2025-01-29,27,3,16,16,0.1875
3,2025-01-29,28,1,16,16,0.0625
3,2025-01-29,29,3,16,16,0.1875
3,2025-01-29,30,2,16,16,0.125
3,2025-01-29,31,0,16,16,0.0
3,2025-01-29,32,2,16,16,0.125
3,2025-01-29,33,2,16,16,0.125
3,2025-01-29,34,2,16,16,0.125
3,2025-01-29,35,2,16,16,0.125
3,2025-01-29,36,2,16,16,0.125
3,2025-01-29,37,0,16,16,0.0
3,2025-01-29,38,5,16,16,0.3125
3,2025-01-29,39,1,16,16,0.0625
3,2025-01-29,40,2,16,16,0.125
3,2025-01-29,41,1,16,16,0.0625
3,2025-01-29,42,3,16,16,0.1875
3,2025-01-29,43,1,16,16,0.0625
3,2025-01-29,44,1,16,16,0.0625
3,2025-01-29,45,0,16,16,0.0
3,2025-01-29,46,1,16,16,0.0625
3,2025-01-29,47,3,16,16,0.1875
3,2025-01-29,48,0,16,16,0.0
4,2025-01-30,1,0,16,16,0.0
4,2025-01-30,2,0,16,16,0.0
4,2025-01-30,3,1,16,16,0.0625
4,2025-01-30,4,2,16,16,0.125
4,2025-01-30,5,0,16,16,0.0
4,2025-01-30,6,2,16,16,0.125
4,2025-01-30,7,3,16,16,0.1875
4,2025-01-30,8,2,16,16,0.125
4,2025-01-30,9,2,16,16,0.125
4,2025-01-30,10,4,16,16,0.25
4,2025-01-30,11,0,16,16,0.0
4,2025-01-30,12,1,16,16,0.0625
4,2025-01-30,13,2,16,16,0.125
4,2025-01-30,14,0,16,16,0.0
4,2025-01-30,15,3,16,16,0.1875
4,2025-01-30,16,1,16,16,0.0625
4,2025-01-30,17,0,16,16,0.0
4,2025-01-30,18,2,16,16,0.125
4,2025-01-30,19,1,16,16,0.0625
4,2025-01-30,20,1,16,16,0.0625
4,2025-01-30,21,1,16,16,0.0625
4,2025-01-30,22,1,16,16,0.0625
4,2025-01-30,23,2,16,16,0.125
4,2025-01-30,24,2,16,16,0.125
4,2025-01-30,25,2,16,16,0.125
4,2025-01-30,26,2,16,16,0.125
4,2025-01-30,27,2,16,16,0.125
4,2025-01-30,28,0,16,16,0.0
4,2025-01-30,29,2,16,16,0.125
4,2025-01-30,30,1,16,16,0.0625
4,2025-01-30,31,3,16,16,0.1875
4,2025-01-30,32,1,16,16,0.0625
4,2025-01-30,33,3,16,16,0.1875
4,2025-01-30,34,2,16,16,0.125
4,2025-01-30,35,2,16,16,0.125
4,2025-01-30,36,5,16,16,0.3125
4,2025-01-30,37,1,16,16,0.0625
4,2025-01-30,38,0,16,16,0.0
4,2025-01-30,39,1,16,16,0.0625
4,2025-01-30,40,3,16,16,0.1875
4,2025-01-30,41,0,16,16,0.0
4,2025-01-30,42,2,16,16,0.125
4,2025-01-30,43,1,16,16,0.0625
4,2025-01-30,44,4,16,16,0.25
4,2025-01-30,45,2,16,16,0.125
4,2025-01-30,46,0,16,16,0.0
4,2025-01-30,47,2,16,16,0.125
4,2025-01-30,48,0,16,16,0.0
5,2025-01-31,1,3,16,16,0.1875
5,2025-01-31,2,2,16,16,0.125
5,2025-01-31,3,1,16,16,0.0625
5,2025-01-31,4,3,16,16,0.1875
5,2025-01-31,5,3,16,16,0.1875
5,2025-01-31,6,2,16,16,0.125
5,2025-01-31,7,2,16,16,0.125
5,2025-01-31,8,1,16,16,0.0625
5,2025-01-31,9,2,16,16,0.125
5,2025-01-31,10,2,16,16,0.125
5,2025-01-31,11,1,16,16,0.0625
5,2025-01-31,12,1,16,16,0.0625
5,2025-01-31,13,2,16,16,0.125
5,2025-01-31,14,0,16,16,0.0
5,2025-01-31,15,1,16,16,0.0625
5,2025-01-31,16,4,16,16,0.25
5,2025-01-31,17,3,16,16,0.1875
5,2025-01-31,18,2,16,16,0.125
5,2025-01-31,19,2,16,16,0.125
5,2025-01-31,20,4,16,16,0.25
5,2025-01-31,21,0,16,16,0.0
5,2025-01-31,22,0,16,16,0.0
5,2025-01-31,23,0,16,16,0.0
5,2025-01-31,24,3,16,16,0.1875
5,2025-01-31,25,4,16,16,0.25
5,2025-01-31,26,0,16,16,0.0
5,2025-01-31,27,1,16,16,0.0625
5,2025-01-31,28,3,16,16,0.1875
5,2025-01-31,29,1,16,16,0.0625
5,2025-01-31,30,0,16,16,0.0
5,2025-01-31,31,1,16,16,0.0625
5,2025-01-31,32,1,16,16,0.0625
5,2025-01-31,33,0,16,16,0.0
5,2025-01-31,34,1,16,16,0.0625
5,2025-01-31,35,2,16,16,0.125
5,2025-01-31,36,2,16,16,0.125
5,2025-01-31,37,1,16,16,0.0625
5,2025-01-31,38,2,16,16,0.125
5,2025-01-31,39,2,16,16,0.125
5,2025-01-31,40,0,16,16,0.0
5,2025-01-31,41,2,16,16,0.125
5,2025-01-31,42,4,16,16,0.25
5,2025-01-31,43,2,16,16,0.125
5,2025-01-31,44,2,16,16,0.125
5,2025-01-31,45,1,16,16,0.0625
5,2025-01-31,46,2,16,16,0.125
5,2025-01-31,47,1,16,16,0.0625
5,2025-01-31,48,1,16,16,0.0625
6,2025-02-03,1,2,16,16,0.125
6,2025-02-03,2,1,16,16,0.0625
6,2025-02-03,3,2,16,16,0.125
6,2025-02-03,4,2,16,16,0.125
6,2025-02-03,5,2,16,16,0.125
6,2025-02-03,6,2,16,16,0.125
6,2025-02-03,7,2,16,16,0.125
6,2025-02-03,8,2,16,16,0.125
6,2025-02-03,9,0,16,16,0.0
6,2025-02-03,10,3,16,16,0.1875
6,2025-02-03,11,3,16,16,0.1875
6,2025-02-03,12,1,16,16,0.0625
6,2025-02-03,13,1,16,16,0.0625
6,2025-02-03,14,0,16,16,0.0
6,2025-02-03,15,2,16,16,0.125
6,2025-02-03,16,0,16,16,0.0
6,2025-02-03,17,0,16,16,0.0
6,2025-02-03,18,1,16,16,0.0625
6,2025-02-03,19,1,16,16,0.0625
6,2025-02-03,20,1,16,16,0.0625
6,2025-02-03,21,1,16,16,0.0625
6,2025-02-03,22,2,16,16,0.125
6,2025-02-03,23,2,16,16,0.125
6,2025-02-03,24,0,16,16,0.0
6,2025-02-03,25,2,16,16,0.125
6,2025-02-03,26,3,16,16,0.1875
6,2025-02-03,27,3,16,16,0.1875
6,2025-02-03,28,1,16,16,0.0625
6,2025-02-03,29,3,16,16,0.1875
6,2025-02-03,30,0,16,16,0.0
6,2025-02-03,31,1,16,16,0.0625
6,2025-02-03,32,0,16,16,0.0
6,2025-02-03,33,1,16,16,0.0625
6,2025-02-03,34,1,16,16,0.0625
6,2025-02-03,35,0,16,16,0.0
6,2025-02-03,36,2,16,16,0.125
6,2025-02-03,37,1,16,16,0.0625
6,2025-02-03,38,0,16,16,0.0
6,2025-02-03,39,1,16,16,0.0625
6,2025-02-03,40,1,16,16,0.0625
6,2025-02-03,41,2,16,16,0.125
6,2025-02-03,42,4,16,16,0.25
6,2025-02-03,43,2,16,16,0.125
6,2025-02-03,44,3,16,16,0.1875
6,2025-02-03,45,3,16,16,0.1875
6,2025-02-03,46,1,16,16,0.0625
6,2025-02-03,47,3,16,16,0.1875
6,2025-02-03,48,1,16,16,0.0625
7,2025-02-04,1,3,16,16,0.1875
7,2025-02-04,2,1,16,16,0.0625
7,2025-02-04,3,4,16,16,0.25
7,2025-02-04,4,2,16,16,0.125
7,2025-02-04,5,4,16,16,0.25
7,2025-02-04,6,0,16,16,0.0
7,2025-02-04,7,0,16,16,0.0
7,2025-02-04,8,1,16,16,0.0625
7,2025-02-04,9,1,16,16,0.0625
7,2025-02-04,10,1,16,16,0.0625
7,2025-02-04,11,3,16,16,0.1875
7,2025-02-04,12,2,16,16,0.125
7,2025-02-04,13,3,16,16,0.1875
7,2025-02-04,14,2,16,16,0.125
7,2025-02-04,15,0,16,16,0.0
7,2025-02-04,16,3,16,16,0.1875
7,2025-02-04,17,1,16,16,0.0625
7,2025-02-04,18,2,16,16,0.125
7,2025-02-04,19,0,16,16,0.0
7,2025-02-04,20,1,16,16,0.0625
7,2025-02-04,21,1,16,16,0.0625
7,2025-02-04,22,1,16,16,0.0625
7,2025-02-04,23,1,16,16,0.0625
7,2025-02-04,24,1,16,16,0.0625
7,2025-02-04,25,0,16,16,0.0
7,2025-02-04,26,1,16,16,0.0625
7,2025-02-04,27,2,16,16,0.125
7,2025-02-04,28,1,16,16,0.0625
7,2025-02-04,29,1,16,16,0.0625
7,2025-02-04,30,6,16,16,0.375
7,2025-02-04,31,0,16,16,0.0
7,2025-02-04,32,1,16,16,0.0625
7,2025-02-04,33,3,16,16,0.1875
7,2025-02-04,34,1,16,16,0.0625
7,2025-02-04,35,2,16,16,0.125
7,2025-02-04,36,2,16,16,0.125
7,2025-02-04,37,1,16,16,0.0625
7,2025-02-04,38,1,16,16,0.0625
7,2025-02-04,39,2,16,16,0.125
7,2025-02-04,40,1,16,16,0.0625
7,2025-02-04,41,2,16,16,0.125
7,2025-02-04,42,2,16,16,0.125
7,2025-02-04,43,1,16,16,0.0625
7,2025-02-04,44,13,16,16,0.8125
7,2025-02-04,45,16,16,16,1.0
7,2025-02-04,46,16,16,16,1.0
7,2025-02-04,47,16,16,16,1.0
7,2025-02-04,48,16,16,16,1.0
8,2025-02-05,1,4,16,16,0.25
8,2025-02-05,2,2,16,16,0.125
8,2025-02-05,3,2,16,16,0.125
8,2025-02-05,4,0,16,16,0.0
8,2025-02-05,5,2,16,16,0.125
8,2025-02-05,6,2,16,16,0.125
8,2025-02-05,7,2,16,16,0.125
8,2025-02-05,8,1,16,16,0.0625
8,2025-02-05,9,1,16,16,0.0625
8,2025-02-05,10,3,16,16,0.1875
8,2025-02-05,11,1,16,16,0.0625
8,2025-02-05,12,0,16,16,0.0
8,2025-02-05,13,2,16,16,0.125
8,2025-02-05,14,0,16,16,0.0
8,2025-02-05,15,0,16,16,0.0
8,2025-02-05,16,1,16,16,0.0625
8,2025-02-05,17,2,16,16,0.125
8,2025-02-05,18,1,16,16,0.0625
8,2025-02-05,19,2,16,16,0.125
8,2025-02-05,20,4,16,16,0.25
8,2025-02-05,21,3,16,16,0.1875
8,2025-02-05,22,0,16,16,0.0
8,2025-02-05,23,2,16,16,0.125
8,2025-02-05,24,0,16,16,0.0
8,2025-02-05,25,0,16,16,0.0
8,2025-02-05,26,2,16,16,0.125
8,2025-02-05,27,1,16,16,0.0625
8,2025-02-05,28,0,16,16,0.0
8,2025-02-05,29,0,16,16,0.0
8,2025-02-05,30,1,16,16,0.0625
8,2025-02-05,31,0,16,16,0.0
8,2025-02-05,32,1,16,16,0.0625
8,2025-02-05,33,4,16,16,0.25
8,2025-02-05,34,1,16,16,0.0625
8,2025-02-05,35,2,16,16,0.125
8,2025-02-05,36,2,16,16,0.125
8,2025-02-05,37,0,16,16,0.0
8,2025-02-05,38,1,16,16,0.0625
8,2025-02-05,39,3,16,16,0.1875
8,2025-02-05,40,2,16,16,0.125
8,2025-02-05,41,2,16,16,0.125
8,2025-02-05,42,2,16,16,0.125
8,2025-02-05,43,1,16,16,0.0625
8,2025-02-05,44,1,16,16,0.0625
8,2025-02-05,45,1,16,16,0.0625
8,2025-02-05,46,0,16,16,0.0
8,2025-02-05,47,1,16,16,0.0625
8,2025-02-05,48,0,16,16,0.0
9,2025-02-06,1,1,16,16,0.0625
9,2025-02-06,2,1,16,16,0.0625
9,2025-02-06,3,3,16,16,0.1875
9,2025-02-06,4,4,16,16,0.25
9,2025-02-06,5,4,16,16,0.25
9,2025-02-06,6,1,16,16,0.0625
9,2025-02-06,7,0,16,16,0.0
9,2025-02-06,8,1,16,16,0.0625
9,2025-02-06,9,1,16,16,0.0625
9,2025-02-06,10,4,16,16,0.25
9,2025-02-06,11,1,16,16,0.0625
9,2025-02-06,12,4,16,16,0.25
9,2025-02-06,13,3,16,16,0.1875
9,2025-02-06,14,0,16,16,0.0
9,2025-02-06,15,0,16,16,0.0
9,2025-02-06,16,4,16,16,0.25
9,2025-02-06,17,1,16,16,0.0625
9,2025-02-06,18,1,16,16,0.0625
9,2025-02-06,19,1,16,16,0.0625
9,2025-02-06,20,2,16,16,0.125
9,2025-02-06,21,0,16,16,0.0
9,2025-02-06,22,1,16,16,0.0625
9,2025-02-06,23,0,16,16,0.0
9,2025-02-06,24,0,16,16,0.0
9,2025-02-06,25,4,16,16,0.25
9,2025-02-06,26,1,16,16,0.0625
9,2025-02-06,27,2,16,16,0.125
9,2025-02-06,28,2,16,16,0.125
9,2025-02-06,29,2,16,16,0.125
9,2025-02-06,30,1,16,16,0.0625
9,2025-02-06,31,2,16,16,0.125
9,2025-02-06,32,2,16,16,0.125
9,2025-02-06,33,1,16,16,0.0625
9,2025-02-06,34,2,16,16,0.125
9,2025-02-06,35,2,16,16,0.125
9,2025-02-06,36,3,16,16,0.1875
9,2025-02-06,37,2,16,16,0.125
9,2025-02-06,38,1,16,16,0.0625
9,2025-02-06,39,0,16,16,0.0
9,2025-02-06,40,1,16,16,0.0625
9,2025-02-06,41,1,16,16,0.0625
9,2025-02-06,42,2,16,16,0.125
9,2025-02-06,43,1,16,16,0.0625
9,2025-02-06,44,1,16,16,0.0625
9,2025-02-06,45,2,16,16,0.125
9,2025-02-06,46,1,16,16,0.0625
9,2025-02-06,47,3,16,16,0.1875
9,2025-02-06,48,1,16,16,0.0625
10,2025-02-07,1,3,16,16,0.1875
10,2025-02-07,2,0,16,16,0.0
10,2025-02-07,3,2,16,16,0.125
10,2025-02-07,4,0,16,16,0.0
10,2025-02-07,5,1,16,16,0.0625
10,2025-02-07,6,1,16,16,0.0625
10,2025-02-07,7,0,16,16,0.0
10,2025-02-07,8,2,16,16,0.125
10,2025-02-07,9,2,16,16,0.125
10,2025-02-07,10,0,16,16,0.0
10,2025-02-07,11,0,16,16,0.0
10,2025-02-07,12,1,16,16,0.0625
10,2025-02-07,13,1,16,16,0.0625
10,2025-02-07,14,0,16,16,0.0
10,2025-02-07,15,0,16,16,0.0
10,2025-02-07,16,2,16,16,0.125
10,2025-02-07,17,4,16,16,0.25
10,2025-02-07,18,1,16,16,0.0625
10,2025-02-07,19,3,16,16,0.1875
10,2025-02-07,20,2,16,16,0.125
10,2025-02-07,21,0,16,16,0.0
10,2025-02-07,22,0,16,16,0.0
10,2025-02-07,23,2,16,16,0.125
10,2025-02-07,24,1,16,16,0.0625
10,2025-02-07,25,1,16,16,0.0625
10,2025-02-07,26,1,16,16,0.0625
10,2025-02-07,27,0,16,16,0.0
10,2025-02-07,28,0,16,16,0.0
10,2025-02-07,29,1,16,16,0.0625
10,2025-02-07,30,0,16,16,0.0
10,2025-02-07,31,0,16,16,0.0
10,2025-02-07,32,1,16,16,0.0625
10,2025-02-07,33,3,16,16,0.1875
10,2025-02-07,34,1,16,16,0.0625
10,2025-02-07,35,1,16,16,0.0625
10,2025-02-07,36,1,16,16,0.0625
10,2025-02-07,37,0,16,16,0.0
10,2025-02-07,38,3,16,16,0.1875
10,2025-02-07,39,1,16,16,0.0625
10,2025-02-07,40,0,16,16,0.0
10,2025-02-07,41,1,16,16,0.0625
10,2025-02-07,42,0,16,16,0.0
10,2025-02-07,43,0,16,16,0.0
10,2025-02-07,44,0,16,16,0.0
10,2025-02-07,45,0,16,16,0.0
10,2025-02-07,46,1,16,16,0.0625
10,2025-02-07,47,1,16,16,0.0625
10,2025-02-07,48,1,16,16,0.0625
11,2025-02-11,1,1,16,16,0.0625
11,2025-02-11,2,2,16,16,0.125
11,2025-02-11,3,1,16,16,0.0625
11,2025-02-11,4,2,16,16,0.125
11,2025-02-11,5,0,16,16,0.0
11,2025-02-11,6,1,16,16,0.0625
11,2025-02-11,7,1,16,16,0.0625
11,2025-02-11,8,1,16,16,0.0625
11,2025-02-11,9,2,16,16,0.125
11,2025-02-11,10,0,16,16,0.0
11,2025-02-11,11,3,16,16,0.1875
11,2025-02-11,12,0,16,16,0.0
11,2025-02-11,13,0,16,16,0.0
11,2025-02-11,14,1,16,16,0.0625
11,2025-02-11,15,0,16,16,0.0
11,2025-02-11,16,2,16,16,0.125
11,2025-02-11,17,1,16,16,0.0625
11,2025-02-11,18,1,16,16,0.0625
11,2025-02-11,19,1,16,16,0.0625
11,2025-02-11,20,2,16,16,0.125
11,2025-02-11,21,0,16,16,0.0
11,2025-02-11,22,0,16,16,0.0
11,2025-02-11,23,1,16,16,0.0625
11,2025-02-11,24,0,16,16,0.0
11,2025-02-11,25,1,16,16,0.0625
11,2025-02-11,26,4,16,16,0.25
11,2025-02-11,27,1,16,16,0.0625
11,2025-02-11,28,2,16,16,0.125
11,2025-02-11,29,1,16,16,0.0625
11,2025-02-11,30,0,16,16,0.0
11,2025-02-11,31,2,16,16,0.125
11,2025-02-11,32,1,16,16,0.0625
11,2025-02-11,33,1,16,16,0.0625
11,2025-02-11,34,1,16,16,0.0625
11,2025-02-11,35,4,16,16,0.25
11,2025-02-11,36,1,16,16,0.0625
11,2025-02-11,37,2,16,16,0.125
11,2025-02-11,38,0,16,16,0.0
11,2025-02-11,39,1,16,16,0.0625
11,2025-02-11,40,3,16,16,0.1875
11,2025-02-11,41,2,16,16,0.125
11,2025-02-11,42,1,16,16,0.0625
11,2025-02-11,43,3,16,16,0.1875
11,2025-02-11,44,2,16,16,0.125
11,2025-02-11,45,1,16,16,0.0625
11,2025-02-11,46,1,16,16,0.0625
11,2025-02-11,47,0,16,16,0.0
11,2025-02-11,48,0,16,16,0.0
12,2025-02-12,1,1,16,16,0.0625
12,2025-02-12,2,0,16,16,0.0
12,2025-02-12,3,2,16,16,0.125
12,2025-02-12,4,3,16,16,0.1875
12,2025-02-12,5,0,16,16,0.0
12,2025-02-12,6,2,16,16,0.125
12,2025-02-12,7,2,16,16,0.125
12,2025-02-12,8,2,16,16,0.125
12,2025-02-12,9,4,16,16,0.25
12,2025-02-12,10,1,16,16,0.0625
12,2025-02-12,11,1,16,16,0.0625
12,2025-02-12,12,2,16,16,0.125
12,2025-02-12,13,1,16,16,0.0625
12,2025-02-12,14,0,16,16,0.0
12,2025-02-12,15,4,16,16,0.25
12,2025-02-12,16,3,16,16,0.1875
12,2025-02-12,17,1,16,16,0.0625
12,2025-02-12,18,0,16,16,0.0
12,2025-02-12,19,1,16,16,0.0625
12,2025-02-12,20,3,16,16,0.1875
12,2025-02-12,21,1,16,16,0.0625
12,2025-02-12,22,0,16,16,0.0
12,2025-02-12,23,2,16,16,0.125
12,2025-02-12,24,1,16,16,0.0625
12,2025-02-12,25,3,16,16,0.1875
12,2025-02-12,26,1,16,16,0.0625
12,2025-02-12,27,2,16,16,0.125
12,2025-02-12,28,1,16,16,0.0625
12,2025-02-12,29,2,16,16,0.125
12,2025-02-12,30,0,16,16,0.0
12,2025-02-12,31,1,16,16,0.0625
12,2025-02-12,32,2,16,16,0.125
12,2025-02-12,33,2,16,16,0.125
12,2025-02-12,34,0,16,16,0.0
12,2025-02-12,35,1,16,16,0.0625
12,2025-02-12,36,2,16,16,0.125
12,2025-02-12,37,0,16,16,0.0
12,2025-02-12,38,2,16,16,0.125
12,2025-02-12,39,0,16,16,0.0
12,2025-02-12,40,2,16,16,0.125
12,2025-02-12,41,3,16,16,0.1875
12,2025-02-12,42,1,16,16,0.0625
12,2025-02-12,43,1,16,16,0.0625
12,2025-02-12,44,1,16,16,0.0625
12,2025-02-12,45,1,16,16,0.0625
12,2025-02-12,46,1,16,16,0.0625
12,2025-02-12,47,2,16,16,0.125
12,2025-02-12,48,0,16,16,0.0
13,2025-02-13,1,1,16,16,0.0625
13,2025-02-13,2,0,16,16,0.0
13,2025-02-13,3,0,16,16,0.0
13,2025-02-13,4,0,16,16,0.0
13,2025-02-13,5,1,16,16,0.0625
13,2025-02-13,6,1,16,16,0.0625
13,2025-02-13,7,1,16,16,0.0625
13,2025-02-13,8,3,16,16,0.1875
13,2025-02-13,9,0,16,16,0.0
13,2025-02-13,10,1,16,16,0.0625
13,2025-02-13,11,2,16,16,0.125
13,2025-02-13,12,2,16,16,0.125
13,2025-02-13,13,3,16,16,0.1875
13,2025-02-13,14,2,16,16,0.125
13,2025-02-13,15,2,16,16,0.125
13,2025-02-13,16,1,16,16,0.0625
13,2025-02-13,17,1,16,16,0.0625
13,2025-02-13,18,2,16,16,0.125
13,2025-02-13,19,3,16,16,0.1875
13,2025-02-13,20,3,16,16,0.1875
13,2025-02-13,21,1,16,16,0.0625
13,2025-02-13,22,0,16,16,0.0
13,2025-02-13,23,0,16,16,0.0
13,2025-02-13,24,1,16,16,0.0625
13,2025-02-13,25,2,16,16,0.125
13,2025-02-13,26,2,16,16,0.125
13,2025-02-13,27,3,16,16,0.1875
13,2025-02-13,28,2,16,16,0.125
13,2025-02-13,29,1,16,16,0.0625
13,2025-02-13,30,1,16,16,0.0625
13,2025-02-13,31,0,16,16,0.0
13,2025-02-13,32,1,16,16,0.0625
13,2025-02-13,33,2,16,16,0.125
13,2025-02-13,34,2,16,16,0.125
13,2025-02-13,35,3,16,16,0.1875
13,2025-02-13,36,2,16,16,0.125
13,2025-02-13,37,0,16,16,0.0
13,2025-02-13,38,1,16,16,0.0625
13,2025-02-13,39,0,16,16,0.0
13,2025-02-13,40,2,16,16,0.125
13,2025-02-13,41,2,16,16,0.125
13,2025-02-13,42,0,16,16,0.0
13,2025-02-13,43,1,16,16,0.0625
13,2025-02-13,44,1,16,16,0.0625
13,2025-02-13,45,1,16,16,0.0625
13,2025-02-13,46,0,16,16,0.0
13,2025-02-13,47,1,16,16,0.0625
13,2025-02-13,48,2,16,16,0.125
14,2025-02-14,1,1,16,16,0.0625
14,2025-02-14,2,1,16,16,0.0625
14,2025-02-14,3,2,16,16,0.125
14,2025-02-14,4,1,16,16,0.0625
14,2025-02-14,5,0,16,16,0.0
14,2025-02-14,6,4,16,16,0.25
14,2025-02-14,7,0,16,16,0.0
14,2025-02-14,8,1,16,16,0.0625
14,2025-02-14,9,1,16,16,0.0625
14,2025-02-14,10,0,16,16,0.0
14,2025-02-14,11,1,16,16,0.0625
14,2025-02-14,12,3,16,16,0.1875
14,2025-02-14,13,1,16,16,0.0625
14,2025-02-14,14,1,16,16,0.0625
14,2025-02-14,15,2,16,16,0.125
14,2025-02-14,16,1,16,16,0.0625
14,2025-02-14,17,3,16,16,0.1875
14,2025-02-14,18,0,16,16,0.0
14,2025-02-14,19,3,16,16,0.1875
14,2025-02-14,20,3,16,16,0.1875
14,2025-02-14,21,1,16,16,0.0625
14,2025-02-14,22,1,16,16,0.0625
14,2025-02-14,23,1,16,16,0.0625
14,2025-02-14,24,2,16,16,0.125
14,2025-02-14,25,0,16,16,0.0
14,2025-02-14,26,1,16,16,0.0625
14,2025-02-14,27,1,16,16,0.0625
14,2025-02-14,28,3,16,16,0.1875
14,2025-02-14,29,1,16,16,0.0625
14,2025-02-14,30,0,16,16,0.0
14,2025-02-14,31,2,16,16,0.125
14,2025-02-14,32,2,16,16,0.125
14,2025-02-14,33,2,16,16,0.125
14,2025-02-14,34,1,16,16,0.0625
14,2025-02-14,35,0,16,16,0.0
14,2025-02-14,36,1,16,16,0.0625
14,2025-02-14,37,2,16,16,0.125
14,2025-02-14,38,1,16,16,0.0625
14,2025-02-14,39,2,16,16,0.125
14,2025-02-14,40,2,16,16,0.125
14,2025-02-14,41,4,16,16,0.25
14,2025-02-14,42,2,16,16,0.125
14,2025-02-14,43,3,16,16,0.1875
14,2025-02-14,44,2,16,16,0.125
14,2025-02-14,45,0,16,16,0.0
14,2025-02-14,46,0,16,16,0.0
14,2025-02-14,47,2,16,16,0.125
14,2025-02-14,48,0,16,16,0.0
15,2025-02-17,1,0,16,16,0.0
15,2025-02-17,2,1,16,16,0.0625
15,2025-02-17,3,0,16,16,0.0
15,2025-02-17,4,2,16,16,0.125
15,2025-02-17,5,1,16,16,0.0625
15,2025-02-17,6,3,16,16,0.1875
15,2025-02-17,7,0,16,16,0.0
15,2025-02-17,8,0,16,16,0.0
15,2025-02-17,9,1,16,16,0.0625
15,2025-02-17,10,1,16,16,0.0625
15,2025-02-17,11,2,16,16,0.125
15,2025-02-17,12,3,16,16,0.1875
15,2025-02-17,13,1,16,16,0.0625
15,2025-02-17,14,1,16,16,0.0625
15,2025-02-17,15,1,16,16,0.0625
15,2025-02-17,16,1,16,16,0.0625
15,2025-02-17,17,0,16,16,0.0
15,2025-02-17,18,0,16,16,0.0
15,2025-02-17,19,1,16,16,0.0625
15,2025-02-17,20,1,16,16,0.0625
15,2025-02-17,21,1,16,16,0.0625
15,2025-02-17,22,0,16,16,0.0
15,2025-02-17,23,0,16,16,0.0
15,2025-02-17,24,1,16,16,0.0625
15,2025-02-17,25,2,16,16,0.125
15,2025-02-17,26,2,16,16,0.125
15,2025-02-17,27,2,16,16,0.125
15,2025-02-17,28,3,16,16,0.1875
15,2025-02-17,29,1,16,16,0.0625
15,2025-02-17,30,1,16,16,0.0625
15,2025-02-17,31,0,16,16,0.0
15,2025-02-17,32,1,16,16,0.0625
15,2025-02-17,33,1,16,16,0.0625
15,2025-02-17,34,0,16,16,0.0
15,2025-02-17,35,1,16,16,0.0625
15,2025-02-17,36,3,16,16,0.1875
15,2025-02-17,37,0,16,16,0.0
15,2025-02-17,38,0,16,16,0.0
15,2025-02-17,39,1,16,16,0.0625
15,2025-02-17,40,0,16,16,0.0
15,2025-02-17,41,0,16,16,0.0
15,2025-02-17,42,1,16,16,0.0625
15,2025-02-17,43,2,16,16,0.125
15,2025-02-17,44,2,16,16,0.125
15,2025-02-17,45,0,16,16,0.0
15,2025-02-17,46,1,16,16,0.0625
15,2025-02-17,47,1,16,16,0.0625
15,2025-02-17,48,2,16,16,0.125
16,2025-02-18,1,0,16,16,0.0
16,2025-02-18,2,2,16,16,0.125
16,2025-02-18,3,1,16,16,0.0625
16,2025-02-18,4,5,16,16,0.3125
16,2025-02-18,5,0,16,16,0.0
16,2025-02-18,6,1,16,16,0.0625
16,2025-02-18,7,0,16,16,0.0
16,2025-02-18,8,1,16,16,0.0625
16,2025-02-18,9,2,16,16,0.125
16,2025-02-18,10,2,16,16,0.125
16,2025-02-18,11,2,16,16,0.125
16,2025-02-18,12,1,16,16,0.0625
16,2025-02-18,13,0,16,16,0.0
16,2025-02-18,14,0,16,16,0.0
16,2025-02-18,15,3,16,16,0.1875
16,2025-02-18,16,2,16,16,0.125
16,2025-02-18,17,0,16,16,0.0
16,2025-02-18,18,3,16,16,0.1875
16,2025-02-18,19,3,16,16,0.1875
16,2025-02-18,20,0,16,16,0.0
16,2025-02-18,21,1,16,16,0.0625
16,2025-02-18,22,1,16,16,0.0625
16,2025-02-18,23,1,16,16,0.0625
16,2025-02-18,24,2,16,16,0.125
16,2025-02-18,25,0,16,16,0.0
16,2025-02-18,26,1,16,16,0.0625
16,2025-02-18,27,3,16,16,0.1875
16,2025-02-18,28,3,16,16,0.1875
16,2025-02-18,29,0,16,16,0.0
16,2025-02-18,30,1,16,16,0.0625
16,2025-02-18,31,0,16,16,0.0
16,2025-02-18,32,0,16,16,0.0
16,2025-02-18,33,0,16,16,0.0
16,2025-02-18,34,0,16,16,0.0
16,2025-02-18,35,1,16,16,0.0625
16,2025-02-18,36,2,16,16,0.125
16,2025-02-18,37,0,16,16,0.0
16,2025-02-18,38,1,16,16,0.0625
16,2025-02-18,39,2,16,16,0.125
16,2025-02-18,40,0,16,16,0.0
16,2025-02-18,41,3,16,16,0.1875
16,2025-02-18,42,0,16,16,0.0
16,2025-02-18,43,1,16,16,0.0625
16,2025-02-18,44,3,16,16,0.1875
16,2025-02-18,45,0,16,16,0.0
16,2025-02-18,46,2,16,16,0.125
16,2025-02-18,47,1,16,16,0.0625
16,2025-02-18,48,0,16,16,0.0
17,2025-02-19,1,0,16,16,0.0
17,2025-02-19,2,2,16,16,0.125
17,2025-02-19,3,1,16,16,0.0625
17,2025-02-19,4,1,16,16,0.0625
17,2025-02-19,5,0,16,16,0.0
17,2025-02-19,6,1,16,16,0.0625
17,2025-02-19,7,1,16,16,0.0625
17,2025-02-19,8,1,16,16,0.0625
17,2025-02-19,9,2,16,16,0.125
17,2025-02-19,10,0,16,16,0.0
17,2025-02-19,11,2,16,16,0.125
17,2025-02-19,12,1,16,16,0.0625
17,2025-02-19,13,1,16,16,0.0625
17,2025-02-19,14,0,16,16,0.0
17,2025-02-19,15,2,16,16,0.125
17,2025-02-19,16,2,16,16,0.125
17,2025-02-19,17,3,16,16,0.1875
17,2025-02-19,18,1,16,16,0.0625
17,2025-02-19,19,1,16,16,0.0625
17,2025-02-19,20,0,16,16,0.0
17,2025-02-19,21,0,16,16,0.0
17,2025-02-19,22,0,16,16,0.0
17,2025-02-19,23,0,16,16,0.0
17,2025-02-19,24,1,16,16,0.0625
17,2025-02-19,25,1,16,16,0.0625
17,2025-02-19,26,3,16,16,0.1875
17,2025-02-19,27,2,16,16,0.125
17,2025-02-19,28,2,16,16,0.125
17,2025-02-19,29,1,16,16,0.0625
17,2025-02-19,30,1,16,16,0.0625
17,2025-02-19,31,1,16,16,0.0625
17,2025-02-19,32,1,16,16,0.0625
17,2025-02-19,33,1,16,16,0.0625
17,2025-02-19,34,0,16,16,0.0
17,2025-02-19,35,1,16,16,0.0625
17,2025-02-19,36,1,16,16,0.0625
17,2025-02-19,37,0,16,16,0.0
17,2025-02-19,38,0,16,16,0.0
17,2025-02-19,39,2,16,16,0.125
17,2025-02-19,40,0,16,16,0.0
17,2025-02-19,41,0,16,16,0.0
17,2025-02-19,42,1,16,16,0.0625
17,2025-02-19,43,3,16,16,0.1875
17,2025-02-19,44,3,16,16,0.1875
17,2025-02-19,45,0,16,16,0.0
17,2025-02-19,46,1,16,16,0.0625
17,2025-02-19,47,0,16,16,0.0
17,2025-02-19,48,2,16,16,0.125
18,2025-02-20,1,4,16,16,0.25
18,2025-02-20,2,4,16,16,0.25
18,2025-02-20,3,1,16,16,0.0625
18,2025-02-20,4,2,16,16,0.125
18,2025-02-20,5,1,16,16,0.0625
18,2025-02-20,6,1,16,16,0.0625
18,2025-02-20,7,4,16,16,0.25
18,2025-02-20,8,1,16,16,0.0625
18,2025-02-20,9,0,16,16,0.0
18,2025-02-20,10,3,16,16,0.1875
18,2025-02-20,11,1,16,16,0.0625
18,2025-02-20,12,3,16,16,0.1875
18,2025-02-20,13,0,16,16,0.0
18,2025-02-20,14,0,16,16,0.0
18,2025-02-20,15,1,16,16,0.0625
18,2025-02-20,16,1,16,16,0.0625
18,2025-02-20,17,1,16,16,0.0625
18,2025-02-20,18,1,16,16,0.0625
18,2025-02-20,19,1,16,16,0.0625
18,2025-02-20,20,1,16,16,0.0625
18,2025-02-20,21,2,16,16,0.125
18,2025-02-20,22,0,16,16,0.0
18,2025-02-20,23,2,16,16,0.125
18,2025-02-20,24,1,16,16,0.0625
18,2025-02-20,25,0,16,16,0.0
18,2025-02-20,26,2,16,16,0.125
18,2025-02-20,27,0,16,16,0.0
18,2025-02-20,28,0,16,16,0.0
18,2025-02-20,29,0,16,16,0.0
18,2025-02-20,30,1,16,16,0.0625
18,2025-02-20,31,0,16,16,0.0
18,2025-02-20,32,2,16,16,0.125
18,2025-02-20,33,2,16,16,0.125
18,2025-02-20,34,3,16,16,0.1875
18,2025-02-20,35,2,16,16,0.125
18,2025-02-20,36,0,16,16,0.0
18,2025-02-20,37,1,16,16,0.0625
18,2025-02-20,38,2,16,16,0.125
18,2025-02-20,39,1,16,16,0.0625
18,2025-02-20,40,0,16,16,0.0
18,2025-02-20,41,1,16,16,0.0625
18,2025-02-20,42,1,16,16,0.0625
18,2025-02-20,43,2,16,16,0.125
18,2025-02-20,44,3,16,16,0.1875
18,2025-02-20,45,1,16,16,0.0625
18,2025-02-20,46,0,16,16,0.0
18,2025-02-20,47,2,16,16,0.125
18,2025-02-20,48,2,16,16,0.125
19,2025-02-21,1,2,16,16,0.125
19,2025-02-21,2,4,16,16,0.25
19,2025-02-21,3,2,16,16,0.125
19,2025-02-21,4,1,16,16,0.0625
19,2025-02-21,5,1,16,16,0.0625
19,2025-02-21,6,0,16,16,0.0
19,2025-02-21,7,2,16,16,0.125
19,2025-02-21,8,0,16,16,0.0
19,2025-02-21,9,1,16,16,0.0625
19,2025-02-21,10,1,16,16,0.0625
19,2025-02-21,11,0,16,16,0.0
19,2025-02-21,12,1,16,16,0.0625
19,2025-02-21,13,1,16,16,0.0625
19,2025-02-21,14,1,16,16,0.0625
19,2025-02-21,15,2,16,16,0.125
19,2025-02-21,16,2,16,16,0.125
19,2025-02-21,17,0,16,16,0.0
19,2025-02-21,18,0,16,16,0.0
19,2025-02-21,19,2,16,16,0.125
19,2025-02-21,20,0,16,16,0.0
19,2025-02-21,21,0,16,16,0.0
19,2025-02-21,22,0,16,16,0.0
19,2025-02-21,23,1,16,16,0.0625
19,2025-02-21,24,1,16,16,0.0625
19,2025-02-21,25,1,16,16,0.0625
19,2025-02-21,26,0,16,16,0.0
19,2025-02-21,27,0,16,16,0.0
19,2025-02-21,28,1,16,16,0.0625
19,2025-02-21,29,0,16,16,0.0
19,2025-02-21,30,0,16,16,0.0
19,2025-02-21,31,0,16,16,0.0
19,2025-02-21,32,2,16,16,0.125
19,2025-02-21,33,2,16,16,0.125
19,2025-02-21,34,1,16,16,0.0625
19,2025-02-21,35,3,16,16,0.1875
19,2025-02-21,36,3,16,16,0.1875
19,2025-02-21,37,1,16,16,0.0625
19,2025-02-21,38,0,16,16,0.0
19,2025-02-21,39,0,16,16,0.0
19,2025-02-21,40,0,16,16,0.0
19,2025-02-21,41,3,16,16,0.1875
19,2025-02-21,42,1,16,16,0.0625
19,2025-02-21,43,1,16,16,0.0625
19,2025-02-21,44,2,16,16,0.125
19,2025-02-21,45,0,16,16,0.0
19,2025-02-21,46,0,16,16,0.0
19,2025-02-21,47,1,16,16,0.0625
19,2025-02-21,48,1,16,16,0.0625
20,2025-02-24,1,1,16,16,0.0625
20,2025-02-24,2,2,16,16,0.125
20,2025-02-24,3,2,16,16,0.125
20,2025-02-24,4,2,16,16,0.125
20,2025-02-24,5,0,16,16,0.0
20,2025-02-24,6,1,16,16,0.0625
20,2025-02-24,7,0,16,16,0.0
20,2025-02-24,8,1,16,16,0.0625
20,2025-02-24,9,0,16,16,0.0
20,2025-02-24,10,3,16,16,0.1875
20,2025-02-24,11,0,16,16,0.0
20,2025-02-24,12,0,16,16,0.0
20,2025-02-24,13,0,16,16,0.0
20,2025-02-24,14,0,16,16,0.0
20,2025-02-24,15,2,16,16,0.125
20,2025-02-24,16,3,16,16,0.1875
20,2025-02-24,17,0,16,16,0.0
20,2025-02-24,18,2,16,16,0.125
20,2025-02-24,19,1,16,16,0.0625
20,2025-02-24,20,1,16,16,0.0625
20,2025-02-24,21,0,16,16,0.0
20,2025-02-24,22,0,16,16,0.0
20,2025-02-24,23,2,16,16,0.125
20,2025-02-24,24,1,16,16,0.0625
20,2025-02-24,25,0,16,16,0.0
20,2025-02-24,26,2,16,16,0.125
20,2025-02-24,27,1,16,16,0.0625
20,2025-02-24,28,1,16,16,0.0625
20,2025-02-24,29,2,16,16,0.125
20,2025-02-24,30,1,16,16,0.0625
20,2025-02-24,31,1,16,16,0.0625
20,2025-02-24,32,2,16,16,0.125
20,2025-02-24,33,2,16,16,0.125
20,2025-02-24,34,0,16,16,0.0
20,2025-02-24,35,2,16,16,0.125
20,2025-02-24,36,1,16,16,0.0625
20,2025-02-24,37,1,16,16,0.0625
20,2025-02-24,38,1,16,16,0.0625
20,2025-02-24,39,3,16,16,0.1875
20,2025-02-24,40,2,16,16,0.125
20,2025-02-24,41,2,16,16,0.125
20,2025-02-24,42,3,16,16,0.1875
20,2025-02-24,43,2,16,16,0.125
20,2025-02-24,44,1,16,16,0.0625
20,2025-02-24,45,1,16,16,0.0625
20,2025-02-24,46,0,16,16,0.0
20,2025-02-24,47,3,16,16,0.1875
20,2025-02-24,48,3,16,16,0.1875
21,2025-02-25,1,2,16,16,0.125
21,2025-02-25,2,0,16,16,0.0
21,2025-02-25,3,1,16,16,0.0625
21,2025-02-25,4,0,16,16,0.0
21,2025-02-25,5,2,16,16,0.125
21,2025-02-25,6,4,16,16,0.25
21,2025-02-25,7,1,16,16,0.0625
21,2025-02-25,8,0,16,16,0.0
21,2025-02-25,9,1,16,16,0.0625
21,2025-02-25,10,0,16,16,0.0
21,2025-02-25,11,4,16,16,0.25
21,2025-02-25,12,4,16,16,0.25
21,2025-02-25,13,1,16,16,0.0625
21,2025-02-25,14,1,16,16,0.0625
21,2025-02-25,15,1,16,16,0.0625
21,2025-02-25,16,1,16,16,0.0625
21,2025-02-25,17,2,16,16,0.125
21,2025-02-25,18,2,16,16,0.125
21,2025-02-25,19,2,16,16,0.125
21,2025-02-25,20,4,16,16,0.25
21,2025-02-25,21,1,16,16,0.0625
21,2025-02-25,22,0,16,16,0.0
21,2025-02-25,23,1,16,16,0.0625
21,2025-02-25,24,1,16,16,0.0625
21,2025-02-25,25,0,16,16,0.0
21,2025-02-25,26,1,16,16,0.0625
21,2025-02-25,27,1,16,16,0.0625
21,2025-02-25,28,1,16,16,0.0625
21,2025-02-25,29,0,16,16,0.0
21,2025-02-25,30,1,16,16,0.0625
21,2025-02-25,31,4,16,16,0.25
21,2025-02-25,32,0,16,16,0.0
21,2025-02-25,33,2,16,16,0.125
21,2025-02-25,34,0,16,16,0.0
21,2025-02-25,35,3,16,16,0.1875
21,2025-02-25,36,3,16,16,0.1875
21,2025-02-25,37,0,16,16,0.0
21,2025-02-25,38,1,16,16,0.0625
21,2025-02-25,39,1,16,16,0.0625
21,2025-02-25,40,1,16,16,0.0625
21,2025-02-25,41,2,16,16,0.125
21,2025-02-25,42,0,16,16,0.0
21,2025-02-25,43,1,16,16,0.0625
21,2025-02-25,44,2,16,16,0.125
21,2025-02-25,45,1,16,16,0.0625
21,2025-02-25,46,0,16,16,0.0
21,2025-02-25,47,0,16,16,0.0
21,2025-02-25,48,1,16,16,0.0625
22,2025-02-26,1,1,16,16,0.0625
22,2025-02-26,2,3,16,16,0.1875
22,2025-02-26,3,0,16,16,0.0
22,2025-02-26,4,3,16,16,0.1875
22,2025-02-26,5,0,16,16,0.0
22,2025-02-26,6,1,16,16,0.0625
22,2025-02-26,7,1,16,16,0.0625
22,2025-02-26,8,1,16,16,0.0625
22,2025-02-26,9,0,16,16,0.0
22,2025-02-26,10,1,16,16,0.0625
22,2025-02-26,11,1,16,16,0.0625
22,2025-02-26,12,1,16,16,0.0625
22,2025-02-26,13,1,16,16,0.0625
22,2025-02-26,14,0,16,16,0.0
22,2025-02-26,15,0,16,16,0.0
22,2025-02-26,16,1,16,16,0.0625
22,2025-02-26,17,4,16,16,0.25
22,2025-02-26,18,2,16,16,0.125
22,2025-02-26,19,2,16,16,0.125
22,2025-02-26,20,2,16,16,0.125
22,2025-02-26,21,0,16,16,0.0
22,2025-02-26,22,1,16,16,0.0625
22,2025-02-26,23,0,16,16,0.0
22,2025-02-26,24,4,16,16,0.25
22,2025-02-26,25,0,16,16,0.0
22,2025-02-26,26,0,16,16,0.0
22,2025-02-26,27,3,16,16,0.1875
22,2025-02-26,28,2,16,16,0.125
22,2025-02-26,29,0,16,16,0.0
22,2025-02-26,30,1,16,16,0.0625
22,2025-02-26,31,1,16,16,0.0625
22,2025-02-26,32,2,16,16,0.125
22,2025-02-26,33,1,16,16,0.0625
22,2025-02-26,34,1,16,16,0.0625
22,2025-02-26,35,1,16,16,0.0625
22,2025-02-26,36,0,16,16,0.0
22,2025-02-26,37,0,16,16,0.0
22,2025-02-26,38,0,16,16,0.0
22,2025-02-26,39,1,16,16,0.0625
22,2025-02-26,40,4,16,16,0.25
22,2025-02-26,41,1,16,16,0.0625
22,2025-02-26,42,3,16,16,0.1875
22,2025-02-26,43,2,16,16,0.125
22,2025-02-26,44,1,16,16,0.0625
22,2025-02-26,45,0,16,16,0.0
22,2025-02-26,46,0,16,16,0.0
22,2025-02-26,47,2,16,16,0.125
22,2025-02-26,48,0,16,16,0.0
23,2025-02-27,1,1,16,16,0.0625
23,2025-02-27,2,1,16,16,0.0625
23,2025-02-27,3,1,16,16,0.0625
23,2025-02-27,4,2,16,16,0.125
23,2025-02-27,5,1,16,16,0.0625
23,2025-02-27,6,1,16,16,0.0625
23,2025-02-27,7,0,16,16,0.0
23,2025-02-27,8,2,16,16,0.125
23,2025-02-27,9,3,16,16,0.1875
23,2025-02-27,10,2,16,16,0.125
23,2025-02-27,11,1,16,16,0.0625
23,2025-02-27,12,3,16,16,0.1875
23,2025-02-27,13,1,16,16,0.0625
23,2025-02-27,14,1,16,16,0.0625
23,2025-02-27,15,0,16,16,0.0
23,2025-02-27,16,1,16,16,0.0625
23,2025-02-27,17,2,16,16,0.125
23,2025-02-27,18,0,16,16,0.0
23,2025-02-27,19,1,16,16,0.0625
23,2025-02-27,20,1,16,16,0.0625
23,2025-02-27,21,1,16,16,0.0625
23,2025-02-27,22,0,16,16,0.0
23,2025-02-27,23,2,16,16,0.125
23,2025-02-27,24,2,16,16,0.125
23,2025-02-27,25,1,16,16,0.0625
23,2025-02-27,26,2,16,16,0.125
23,2025-02-27,27,0,16,16,0.0
23,2025-02-27,28,4,16,16,0.25
23,2025-02-27,29,0,16,16,0.0
23,2025-02-27,30,1,16,16,0.0625
23,2025-02-27,31,1,16,16,0.0625
23,2025-02-27,32,2,16,16,0.125
23,2025-02-27,33,1,16,16,0.0625
23,2025-02-27,34,2,16,16,0.125
23,2025-02-27,35,2,16,16,0.125
23,2025-02-27,36,2,16,16,0.125
23,2025-02-27,37,0,16,16,0.0
23,2025-02-27,38,0,16,16,0.0
23,2025-02-27,39,1,16,16,0.0625
23,2025-02-27,40,3,16,16,0.1875
23,2025-02-27,41,1,16,16,0.0625
23,2025-02-27,42,1,16,16,0.0625
23,2025-02-27,43,3,16,16,0.1875
23,2025-02-27,44,2,16,16,0.125
23,2025-02-27,45,0,16,16,0.0
23,2025-02-27,46,2,16,16,0.125
23,2025-02-27,47,0,16,16,0.0
23,2025-02-27,48,1,16,16,0.0625
24,2025-02-28,1,3,16,16,0.1875
24,2025-02-28,2,4,16,16,0.25
24,2025-02-28,3,0,16,16,0.0
24,2025-02-28,4,4,16,16,0.25
24,2025-02-28,5,1,16,16,0.0625
24,2025-02-28,6,0,16,16,0.0
24,2025-02-28,7,0,16,16,0.0
24,2025-02-28,8,0,16,16,0.0
24,2025-02-28,9,0,16,16,0.0
24,2025-02-28,10,0,16,16,0.0
24,2025-02-28,11,0,16,16,0.0
24,2025-02-28,12,2,16,16,0.125
24,2025-02-28,13,2,16,16,0.125
24,2025-02-28,14,1,16,16,0.0625
24,2025-02-28,15,0,16,16,0.0
24,2025-02-28,16,0,16,16,0.0
24,2025-02-28,17,2,16,16,0.125
24,2025-02-28,18,1,16,16,0.0625
24,2025-02-28,19,0,16,16,0.0
24,2025-02-28,20,1,16,16,0.0625
24,2025-02-28,21,0,16,16,0.0
24,2025-02-28,22,0,16,16,0.0
24,2025-02-28,23,0,16,16,0.0
24,2025-02-28,24,1,16,16,0.0625
24,2025-02-28,25,0,16,16,0.0
24,2025-02-28,26,2,16,16,0.125
24,2025-02-28,27,1,16,16,0.0625
24,2025-02-28,28,0,16,16,0.0
24,2025-02-28,29,0,16,16,0.0
24,2025-02-28,30,1,16,16,0.0625
24,2025-02-28,31,2,16,16,0.125
24,2025-02-28,32,2,16,16,0.125
24,2025-02-28,33,1,16,16,0.0625
24,2025-02-28,34,1,16,16,0.0625
24,2025-02-28,35,1,16,16,0.0625
24,2025-02-28,36,2,16,16,0.125
24,2025-02-28,37,1,16,16,0.0625
24,2025-02-28,38,0,16,16,0.0
24,2025-02-28,39,2,16,16,0.125
24,2025-02-28,40,0,16,16,0.0
24,2025-02-28,41,4,16,16,0.25
24,2025-02-28,42,2,16,16,0.125
24,2025-02-28,43,3,16,16,0.1875
24,2025-02-28,44,0,16,16,0.0
24,2025-02-28,45,0,16,16,0.0
24,2025-02-28,46,2,16,16,0.125
24,2025-02-28,47,2,16,16,0.125
24,2025-02-28,48,1,16,16,0.0625
25,2025-03-03,1,2,16,16,0.125
25,2025-03-03,2,2,16,16,0.125
25,2025-03-03,3,3,16,16,0.1875
25,2025-03-03,4,2,16,16,0.125
25,2025-03-03,5,0,16,16,0.0
25,2025-03-03,6,1,16,16,0.0625
25,2025-03-03,7,3,16,16,0.1875
25,2025-03-03,8,0,16,16,0.0
25,2025-03-03,9,1,16,16,0.0625
25,2025-03-03,10,0,16,16,0.0
25,2025-03-03,11,3,16,16,0.1875
25,2025-03-03,12,0,16,16,0.0
25,2025-03-03,13,2,16,16,0.125
25,2025-03-03,14,0,16,16,0.0
25,2025-03-03,15,1,16,16,0.0625
25,2025-03-03,16,2,16,16,0.125
25,2025-03-03,17,1,16,16,0.0625
25,2025-03-03,18,1,16,16,0.0625
25,2025-03-03,19,2,16,16,0.125
25,2025-03-03,20,0,16,16,0.0
25,2025-03-03,21,1,16,16,0.0625
25,2025-03-03,22,0,16,16,0.0
25,2025-03-03,23,2,16,16,0.125
25,2025-03-03,24,2,16,16,0.125
25,2025-03-03,25,1,16,16,0.0625
25,2025-03-03,26,1,16,16,0.0625
25,2025-03-03,27,0,16,16,0.0
25,2025-03-03,28,2,16,16,0.125
25,2025-03-03,29,1,16,16,0.0625
25,2025-03-03,30,0,16,16,0.0
25,2025-03-03,31,0,16,16,0.0
25,2025-03-03,32,0,16,16,0.0
25,2025-03-03,33,1,16,16,0.0625
25,2025-03-03,34,1,16,16,0.0625
25,2025-03-03,35,1,16,16,0.0625
25,2025-03-03,36,1,16,16,0.0625
25,2025-03-03,37,0,16,16,0.0
25,2025-03-03,38,0,16,16,0.0
25,2025-03-03,39,1,16,16,0.0625
25,2025-03-03,40,2,16,16,0.125
25,2025-03-03,41,3,16,16,0.1875
25,2025-03-03,42,1,16,16,0.0625
25,2025-03-03,43,1,16,16,0.0625
25,2025-03-03,44,3,16,16,0.1875
25,2025-03-03,45,2,16,16,0.125
25,2025-03-03,46,1,16,16,0.0625
25,2025-03-03,47,0,16,16,0.0
25,2025-03-03,48,2,16,16,0.125
26,2025-03-04,1,1,16,16,0.0625
26,2025-03-04,2,2,16,16,0.125
26,2025-03-04,3,1,16,16,0.0625
26,2025-03-04,4,1,16,16,0.0625
26,2025-03-04,5,0,16,16,0.0
26,2025-03-04,6,0,16,16,0.0
26,2025-03-04,7,0,16,16,0.0
26,2025-03-04,8,3,16,16,0.1875
26,2025-03-04,9,1,16,16,0.0625
26,2025-03-04,10,2,16,16,0.125
26,2025-03-04,11,0,16,16,0.0
26,2025-03-04,12,2,16,16,0.125
26,2025-03-04,13,0,16,16,0.0
26,2025-03-04,14,0,16,16,0.0
26,2025-03-04,15,1,16,16,0.0625
26,2025-03-04,16,1,16,16,0.0625
26,2025-03-04,17,2,16,16,0.125
26,2025-03-04,18,1,16,16,0.0625
26,2025-03-04,19,1,16,16,0.0625
26,2025-03-04,20,3,16,16,0.1875
26,2025-03-04,21,0,16,16,0.0
26,2025-03-04,22,0,16,16,0.0
26,2025-03-04,23,2,16,16,0.125
26,2025-03-04,24,0,16,16,0.0
26,2025-03-04,25,3,16,16,0.1875
26,2025-03-04,26,0,16,16,0.0
26,2025-03-04,27,3,16,16,0.1875
26,2025-03-04,28,1,16,16,0.0625
26,2025-03-04,29,1,16,16,0.0625
26,2025-03-04,30,0,16,16,0.0
26,2025-03-04,31,2,16,16,0.125
26,2025-03-04,32,1,16,16,0.0625
26,2025-03-04,33,1,16,16,0.0625
26,2025-03-04,34,2,16,16,0.125
26,2025-03-04,35,3,16,16,0.1875
26,2025-03-04,36,1,16,16,0.0625
26,2025-03-04,37,0,16,16,0.0
26,2025-03-04,38,1,16,16,0.0625
26,2025-03-04,39,2,16,16,0.125
26,2025-03-04,40,1,16,16,0.0625
26,2025-03-04,41,1,16,16,0.0625
26,2025-03-04,42,0,16,16,0.0
26,2025-03-04,43,4,16,16,0.25
26,2025-03-04,44,1,16,16,0.0625
26,2025-03-04,45,0,16,16,0.0
26,2025-03-04,46,1,16,16,0.0625
26,2025-03-04,47,1,16,16,0.0625
26,2025-03-04,48,3,16,16,0.1875
27,2025-03-05,1,1,16,16,0.0625
27,2025-03-05,2,3,16,16,0.1875
27,2025-03-05,3,1,16,16,0.0625
27,2025-03-05,4,3,16,16,0.1875
27,2025-03-05,5,0,16,16,0.0
27,2025-03-05,6,0,16,16,0.0
27,2025-03-05,7,0,16,16,0.0
27,2025-03-05,8,1,16,16,0.0625
27,2025-03-05,9,2,16,16,0.125
27,2025-03-05,10,2,16,16,0.125
27,2025-03-05,11,0,16,16,0.0
27,2025-03-05,12,3,16,16,0.1875
27,2025-03-05,13,1,16,16,0.0625
27,2025-03-05,14,0,16,16,0.0
27,2025-03-05,15,2,16,16,0.125
27,2025-03-05,16,0,16,16,0.0
27,2025-03-05,17,2,16,16,0.125
27,2025-03-05,18,2,16,16,0.125
27,2025-03-05,19,0,16,16,0.0
27,2025-03-05,20,1,16,16,0.0625
27,2025-03-05,21,0,16,16,0.0
27,2025-03-05,22,1,16,16,0.0625
27,2025-03-05,23,0,16,16,0.0
27,2025-03-05,24,0,16,16,0.0
27,2025-03-05,25,0,16,16,0.0
27,2025-03-05,26,2,16,16,0.125
27,2025-03-05,27,2,16,16,0.125
27,2025-03-05,28,2,16,16,0.125
27,2025-03-05,29,1,16,16,0.0625
27,2025-03-05,30,0,16,16,0.0
27,2025-03-05,31,4,16,16,0.25
27,2025-03-05,32,1,16,16,0.0625
27,2025-03-05,33,0,16,16,0.0
27,2025-03-05,34,1,16,16,0.0625
27,2025-03-05,35,2,16,16,0.125
27,2025-03-05,36,2,16,16,0.125
27,2025-03-05,37,0,16,16,0.0
27,2025-03-05,38,0,16,16,0.0
27,2025-03-05,39,0,16,16,0.0
27,2025-03-05,40,2,16,16,0.125
27,2025-03-05,41,3,16,16,0.1875
27,2025-03-05,42,1,16,16,0.0625
27,2025-03-05,43,1,16,16,0.0625
27,2025-03-05,44,3,16,16,0.1875
27,2025-03-05,45,1,16,16,0.0625
27,2025-03-05,46,0,16,16,0.0
27,2025-03-05,47,0,16,16,0.0
27,2025-03-05,48,2,16,16,0.125
28,2025-03-06,1,1,16,16,0.0625
28,2025-03-06,2,0,16,16,0.0
28,2025-03-06,3,2,16,16,0.125
28,2025-03-06,4,3,16,16,0.1875
28,2025-03-06,5,1,16,16,0.0625
28,2025-03-06,6,1,16,16,0.0625
28,2025-03-06,7,1,16,16,0.0625
28,2025-03-06,8,1,16,16,0.0625
28,2025-03-06,9,1,16,16,0.0625
28,2025-03-06,10,1,16,16,0.0625
28,2025-03-06,11,0,16,16,0.0
28,2025-03-06,12,3,16,16,0.1875
28,2025-03-06,13,0,16,16,0.0
28,2025-03-06,14,0,16,16,0.0
28,2025-03-06,15,0,16,16,0.0
28,2025-03-06,16,3,16,16,0.1875
28,2025-03-06,17,1,16,16,0.0625
28,2025-03-06,18,4,16,16,0.25
28,2025-03-06,19,1,16,16,0.0625
28,2025-03-06,20,0,16,16,0.0
28,2025-03-06,21,0,16,16,0.0
28,2025-03-06,22,0,16,16,0.0
28,2025-03-06,23,1,16,16,0.0625
28,2025-03-06,24,3,16,16,0.1875
28,2025-03-06,25,0,16,16,0.0
28,2025-03-06,26,0,16,16,0.0
28,2025-03-06,27,0,16,16,0.0
28,2025-03-06,28,2,16,16,0.125
28,2025-03-06,29,0,16,16,0.0
28,2025-03-06,30,0,16,16,0.0
28,2025-03-06,31,0,16,16,0.0
28,2025-03-06,32,1,16,16,0.0625
28,2025-03-06,33,3,16,16,0.1875
28,2025-03-06,34,0,16,16,0.0
28,2025-03-06,35,1,16,16,0.0625
28,2025-03-06,36,0,16,16,0.0
28,2025-03-06,37,1,16,16,0.0625
28,2025-03-06,38,2,16,16,0.125
28,2025-03-06,39,1,16,16,0.0625
28,2025-03-06,40,3,16,16,0.1875
28,2025-03-06,41,1,16,16,0.0625
28,2025-03-06,42,1,16,16,0.0625
28,2025-03-06,43,0,16,16,0.0
28,2025-03-06,44,0,16,16,0.0
28,2025-03-06,45,0,16,16,0.0
28,2025-03-06,46,0,16,16,0.0
28,2025-03-06,47,0,16,16,0.0
28,2025-03-06,48,0,16,16,0.0
29,2025-03-10,1,0,16,16,0.0
29,2025-03-10,2,0,16,16,0.0
29,2025-03-10,3,1,16,16,0.0625
29,2025-03-10,4,2,16,16,0.125
29,2025-03-10,5,1,16,16,0.0625
29,2025-03-10,6,0,16,16,0.0
29,2025-03-10,7,3,16,16,0.1875
29,2025-03-10,8,0,16,16,0.0
29,2025-03-10,9,2,16,16,0.125
29,2025-03-10,10,0,16,16,0.0
29,2025-03-10,11,3,16,16,0.1875
29,2025-03-10,12,2,16,16,0.125
29,2025-03-10,13,0,16,16,0.0
29,2025-03-10,14,0,16,16,0.0
29,2025-03-10,15,1,16,16,0.0625
29,2025-03-10,16,0,16,16,0.0
29,2025-03-10,17,1,16,16,0.0625
29,2025-03-10,18,4,16,16,0.25
29,2025-03-10,19,4,16,16,0.25
29,2025-03-10,20,1,16,16,0.0625
29,2025-03-10,21,1,16,16,0.0625
29,2025-03-10,22,0,16,16,0.0
29,2025-03-10,23,1,16,16,0.0625
29,2025-03-10,24,2,16,16,0.125
29,2025-03-10,25,1,16,16,0.0625
29,2025-03-10,26,2,16,16,0.125
29,2025-03-10,27,2,16,16,0.125
29,2025-03-10,28,2,16,16,0.125
29,2025-03-10,29,1,16,16,0.0625
29,2025-03-10,30,0,16,16,0.0
29,2025-03-10,31,0,16,16,0.0
29,2025-03-10,32,1,16,16,0.0625
29,2025-03-10,33,2,16,16,0.125
29,2025-03-10,34,2,16,16,0.125
29,2025-03-10,35,0,16,16,0.0
29,2025-03-10,36,3,16,16,0.1875
29,2025-03-10,37,1,16,16,0.0625
29,2025-03-10,38,0,16,16,0.0
29,2025-03-10,39,1,16,16,0.0625
29,2025-03-10,40,2,16,16,0.125
29,2025-03-10,41,5,16,16,0.3125
29,2025-03-10,42,3,16,16,0.1875
29,2025-03-10,43,4,16,16,0.25
29,2025-03-10,44,3,16,16,0.1875
29,2025-03-10,45,1,16,16,0.0625
29,2025-03-10,46,0,16,16,0.0
29,2025-03-10,47,0,16,16,0.0
29,2025-03-10,48,4,16,16,0.25
30,2025-03-12,1,1,16,16,0.0625
30,2025-03-12,2,1,16,16,0.0625
30,2025-03-12,3,3,16,16,0.1875
30,2025-03-12,4,0,16,16,0.0
30,2025-03-12,5,0,16,16,0.0
30,2025-03-12,6,1,16,16,0.0625
30,2025-03-12,7,1,16,16,0.0625
30,2025-03-12,8,0,16,16,0.0
30,2025-03-12,9,3,16,16,0.1875
30,2025-03-12,10,0,16,16,0.0
30,2025-03-12,11,0,16,16,0.0
30,2025-03-12,12,2,16,16,0.125
30,2025-03-12,13,1,16,16,0.0625
30,2025-03-12,14,0,16,16,0.0
30,2025-03-12,15,5,16,16,0.3125
30,2025-03-12,16,2,16,16,0.125
30,2025-03-12,17,1,16,16,0.0625
30,2025-03-12,18,2,16,16,0.125
30,2025-03-12,19,1,16,16,0.0625
30,2025-03-12,20,1,16,16,0.0625
30,2025-03-12,21,0,16,16,0.0
30,2025-03-12,22,1,16,16,0.0625
30,2025-03-12,23,1,16,16,0.0625
30,2025-03-12,24,4,16,16,0.25
30,2025-03-12,25,0,16,16,0.0
30,2025-03-12,26,3,16,16,0.1875
30,2025-03-12,27,2,16,16,0.125
30,2025-03-12,28,0,16,16,0.0
30,2025-03-12,29,0,16,16,0.0
30,2025-03-12,30,0,16,16,0.0
30,2025-03-12,31,0,16,16,0.0
30,2025-03-12,32,2,16,16,0.125
30,2025-03-12,33,1,16,16,0.0625
30,2025-03-12,34,0,16,16,0.0
30,2025-03-12,35,3,16,16,0.1875
30,2025-03-12,36,3,16,16,0.1875
30,2025-03-12,37,0,16,16,0.0
30,2025-03-12,38,2,16,16,0.125
30,2025-03-12,39,2,16,16,0.125
30,2025-03-12,40,3,16,16,0.1875
30,2025-03-12,41,1,16,16,0.0625
30,2025-03-12,42,0,16,16,0.0
30,2025-03-12,43,2,16,16,0.125
30,2025-03-12,44,3,16,16,0.1875
30,2025-03-12,45,1,16,16,0.0625
30,2025-03-12,46,0,16,16,0.0
30,2025-03-12,47,2,16,16,0.125
30,2025-03-12,48,2,16,16,0.125
31,2025-03-13,1,0,16,16,0.0
31,2025-03-13,2,2,16,16,0.125
31,2025-03-13,3,1,16,16,0.0625
31,2025-03-13,4,1,16,16,0.0625
31,2025-03-13,5,1,16,16,0.0625
31,2025-03-13,6,0,16,16,0.0
31,2025-03-13,7,1,16,16,0.0625
31,2025-03-13,8,4,16,16,0.25
31,2025-03-13,9,1,16,16,0.0625
31,2025-03-13,10,1,16,16,0.0625
31,2025-03-13,11,1,16,16,0.0625
31,2025-03-13,12,0,16,16,0.0
31,2025-03-13,13,0,16,16,0.0
31,2025-03-13,14,1,16,16,0.0625
31,2025-03-13,15,2,16,16,0.125
31,2025-03-13,16,3,16,16,0.1875
31,2025-03-13,17,5,16,16,0.3125
31,2025-03-13,18,3,16,16,0.1875
31,2025-03-13,19,1,16,16,0.0625
31,2025-03-13,20,1,16,16,0.0625
31,2025-03-13,21,1,16,16,0.0625
31,2025-03-13,22,1,16,16,0.0625
31,2025-03-13,23,0,16,16,0.0
31,2025-03-13,24,3,16,16,0.1875
31,2025-03-13,25,1,16,16,0.0625
31,2025-03-13,26,1,16,16,0.0625
31,2025-03-13,27,2,16,16,0.125
31,2025-03-13,28,0,16,16,0.0
31,2025-03-13,29,0,16,16,0.0
31,2025-03-13,30,1,16,16,0.0625
31,2025-03-13,31,0,16,16,0.0
31,2025-03-13,32,1,16,16,0.0625
31,2025-03-13,33,1,16,16,0.0625
31,2025-03-13,34,2,16,16,0.125
31,2025-03-13,35,3,16,16,0.1875
31,2025-03-13,36,2,16,16,0.125
31,2025-03-13,37,1,16,16,0.0625
31,2025-03-13,38,2,16,16,0.125
31,2025-03-13,39,0,16,16,0.0
31,2025-03-13,40,1,16,16,0.0625
31,2025-03-13,41,1,16,16,0.0625
31,2025-03-13,42,2,16,16,0.125
31,2025-03-13,43,2,16,16,0.125
31,2025-03-13,44,1,16,16,0.0625
31,2025-03-13,45,1,16,16,0.0625
31,2025-03-13,46,0,16,16,0.0
31,2025-03-13,47,1,16,16,0.0625
31,2025-03-13,48,0,16,16,0.0
32,2025-03-14,1,3,16,16,0.1875
32,2025-03-14,2,2,16,16,0.125
32,2025-03-14,3,1,16,16,0.0625
32,2025-03-14,4,2,16,16,0.125
32,2025-03-14,5,0,16,16,0.0
32,2025-03-14,6,0,16,16,0.0
32,2025-03-14,7,0,16,16,0.0
32,2025-03-14,8,2,16,16,0.125
32,2025-03-14,9,0,16,16,0.0
32,2025-03-14,10,1,16,16,0.0625
32,2025-03-14,11,0,16,16,0.0
32,2025-03-14,12,1,16,16,0.0625
32,2025-03-14,13,4,16,16,0.25
32,2025-03-14,14,0,16,16,0.0
32,2025-03-14,15,2,16,16,0.125
32,2025-03-14,16,2,16,16,0.125
32,2025-03-14,17,0,16,16,0.0
32,2025-03-14,18,2,16,16,0.125
32,2025-03-14,19,0,16,16,0.0
32,2025-03-14,20,1,16,16,0.0625
32,2025-03-14,21,0,16,16,0.0
32,2025-03-14,22,2,16,16,0.125
32,2025-03-14,23,0,16,16,0.0
32,2025-03-14,24,2,16,16,0.125
32,2025-03-14,25,3,16,16,0.1875
32,2025-03-14,26,2,16,16,0.125
32,2025-03-14,27,2,16,16,0.125
32,2025-03-14,28,2,16,16,0.125
32,2025-03-14,29,0,16,16,0.0
32,2025-03-14,30,0,16,16,0.0
32,2025-03-14,31,0,16,16,0.0
32,2025-03-14,32,2,16,16,0.125
32,2025-03-14,33,2,16,16,0.125
32,2025-03-14,34,1,16,16,0.0625
32,2025-03-14,35,0,16,16,0.0
32,2025-03-14,36,1,16,16,0.0625
32,2025-03-14,37,1,16,16,0.0625
32,2025-03-14,38,2,16,16,0.125
32,2025-03-14,39,0,16,16,0.0
32,2025-03-14,40,3,16,16,0.1875
32,2025-03-14,41,0,16,16,0.0
32,2025-03-14,42,3,16,16,0.1875
32,2025-03-14,43,0,16,16,0.0
32,2025-03-14,44,0,16,16,0.0
32,2025-03-14,45,1,16,16,0.0625
32,2025-03-14,46,0,16,16,0.0
32,2025-03-14,47,1,16,16,0.0625
32,2025-03-14,48,0,16,16,0.0
33,2025-03-17,1,3,16,16,0.1875
33,2025-03-17,2,5,16,16,0.3125
33,2025-03-17,3,0,16,16,0.0
33,2025-03-17,4,2,16,16,0.125
33,2025-03-17,5,2,16,16,0.125
33,2025-03-17,6,1,16,16,0.0625
33,2025-03-17,7,1,16,16,0.0625
33,2025-03-17,8,2,16,16,0.125
33,2025-03-17,9,2,16,16,0.125
33,2025-03-17,10,0,16,16,0.0
33,2025-03-17,11,5,16,16,0.3125
33,2025-03-17,12,2,16,16,0.125
33,2025-03-17,13,1,16,16,0.0625
33,2025-03-17,14,0,16,16,0.0
33,2025-03-17,15,6,16,16,0.375
33,2025-03-17,16,0,16,16,0.0
33,2025-03-17,17,1,16,16,0.0625
33,2025-03-17,18,0,16,16,0.0
33,2025-03-17,19,0,16,16,0.0
33,2025-03-17,20,0,16,16,0.0
33,2025-03-17,21,0,16,16,0.0
33,2025-03-17,22,4,16,16,0.25
33,2025-03-17,23,1,16,16,0.0625
33,2025-03-17,24,1,16,16,0.0625
33,2025-03-17,25,3,16,16,0.1875
33,2025-03-17,26,4,16,16,0.25
33,2025-03-17,27,2,16,16,0.125
33,2025-03-17,28,5,16,16,0.3125
33,2025-03-17,29,0,16,16,0.0
33,2025-03-17,30,0,16,16,0.0
33,2025-03-17,31,2,16,16,0.125
33,2025-03-17,32,1,16,16,0.0625
33,2025-03-17,33,4,16,16,0.25
33,2025-03-17,34,3,16,16,0.1875
33,2025-03-17,35,2,16,16,0.125
33,2025-03-17,36,3,16,16,0.1875
33,2025-03-17,37,1,16,16,0.0625
33,2025-03-17,38,0,16,16,0.0
33,2025-03-17,39,0,16,16,0.0
33,2025-03-17,40,2,16,16,0.125
33,2025-03-17,41,1,16,16,0.0625
33,2025-03-17,42,2,16,16,0.125
33,2025-03-17,43,0,16,16,0.0
33,2025-03-17,44,2,16,16,0.125
33,2025-03-17,45,4,16,16,0.25
33,2025-03-17,46,1,16,16,0.0625
33,2025-03-17,47,0,16,16,0.0
33,2025-03-17,48,1,16,16,0.0625
34,2025-03-18,1,1,16,16,0.0625
34,2025-03-18,2,1,16,16,0.0625
34,2025-03-18,3,0,16,16,0.0
34,2025-03-18,4,1,16,16,0.0625
34,2025-03-18,5,0,16,16,0.0
34,2025-03-18,6,1,16,16,0.0625
34,2025-03-18,7,1,16,16,0.0625
34,2025-03-18,8,2,16,16,0.125
34,2025-03-18,9,1,16,16,0.0625
34,2025-03-18,10,1,16,16,0.0625
34,2025-03-18,11,0,16,16,0.0
34,2025-03-18,12,1,16,16,0.0625
34,2025-03-18,13,2,16,16,0.125
34,2025-03-18,14,0,16,16,0.0
34,2025-03-18,15,0,16,16,0.0
34,2025-03-18,16,0,16,16,0.0
34,2025-03-18,17,2,16,16,0.125
34,2025-03-18,18,1,16,16,0.0625
34,2025-03-18,19,3,16,16,0.1875
34,2025-03-18,20,1,16,16,0.0625
34,2025-03-18,21,0,16,16,0.0
34,2025-03-18,22,0,16,16,0.0
34,2025-03-18,23,0,16,16,0.0
34,2025-03-18,24,0,16,16,0.0
34,2025-03-18,25,2,16,16,0.125
34,2025-03-18,26,2,16,16,0.125
34,2025-03-18,27,0,16,16,0.0
34,2025-03-18,28,1,16,16,0.0625
34,2025-03-18,29,0,16,16,0.0
34,2025-03-18,30,1,16,16,0.0625
34,2025-03-18,31,1,16,16,0.0625
34,2025-03-18,32,2,16,16,0.125
34,2025-03-18,33,2,16,16,0.125
34,2025-03-18,34,0,16,16,0.0
34,2025-03-18,35,2,16,16,0.125
34,2025-03-18,36,2,16,16,0.125
34,2025-03-18,37,1,16,16,0.0625
34,2025-03-18,38,1,16,16,0.0625
34,2025-03-18,39,2,16,16,0.125
34,2025-03-18,40,2,16,16,0.125
34,2025-03-18,41,2,16,16,0.125
34,2025-03-18,42,1,16,16,0.0625
34,2025-03-18,43,4,16,16,0.25
34,2025-03-18,44,4,16,16,0.25
34,2025-03-18,45,0,16,16,0.0
34,2025-03-18,46,0,16,16,0.0
34,2025-03-18,47,1,16,16,0.0625
34,2025-03-18,48,0,16,16,0.0
35,2025-03-19,1,0,16,16,0.0
35,2025-03-19,2,0,16,16,0.0
35,2025-03-19,3,0,16,16,0.0
35,2025-03-19,4,3,16,16,0.1875
35,2025-03-19,5,0,16,16,0.0
35,2025-03-19,6,2,16,16,0.125
35,2025-03-19,7,4,16,16,0.25
35,2025-03-19,8,1,16,16,0.0625
35,2025-03-19,9,2,16,16,0.125
35,2025-03-19,10,1,16,16,0.0625
35,2025-03-19,11,1,16,16,0.0625
35,2025-03-19,12,1,16,16,0.0625
35,2025-03-19,13,1,16,16,0.0625
35,2025-03-19,14,0,16,16,0.0
35,2025-03-19,15,1,16,16,0.0625
35,2025-03-19,16,2,16,16,0.125
35,2025-03-19,17,3,16,16,0.1875
35,2025-03-19,18,1,16,16,0.0625
35,2025-03-19,19,2,16,16,0.125
35,2025-03-19,20,1,16,16,0.0625
35,2025-03-19,21,1,16,16,0.0625
35,2025-03-19,22,3,16,16,0.1875
35,2025-03-19,23,1,16,16,0.0625
35,2025-03-19,24,2,16,16,0.125
35,2025-03-19,25,1,16,16,0.0625
35,2025-03-19,26,0,16,16,0.0
35,2025-03-19,27,0,16,16,0.0
35,2025-03-19,28,2,16,16,0.125
35,2025-03-19,29,0,16,16,0.0
35,2025-03-19,30,1,16,16,0.0625
35,2025-03-19,31,1,16,16,0.0625
35,2025-03-19,32,0,16,16,0.0
35,2025-03-19,33,3,16,16,0.1875
35,2025-03-19,34,1,16,16,0.0625
35,2025-03-19,35,0,16,16,0.0
35,2025-03-19,36,2,16,16,0.125
35,2025-03-19,37,1,16,16,0.0625
35,2025-03-19,38,2,16,16,0.125
35,2025-03-19,39,2,16,16,0.125
35,2025-03-19,40,1,16,16,0.0625
35,2025-03-19,41,2,16,16,0.125
35,2025-03-19,42,2,16,16,0.125
35,2025-03-19,43,2,16,16,0.125
35,2025-03-19,44,2,16,16,0.125
35,2025-03-19,45,1,16,16,0.0625
35,2025-03-19,46,1,16,16,0.0625
35,2025-03-19,47,0,16,16,0.0
35,2025-03-19,48,0,16,16,0.0
36,2025-03-20,1,2,16,16,0.125
36,2025-03-20,2,4,16,16,0.25
36,2025-03-20,3,3,16,16,0.1875
36,2025-03-20,4,3,16,16,0.1875
36,2025-03-20,5,0,16,16,0.0
36,2025-03-20,6,0,16,16,0.0
36,2025-03-20,7,1,16,16,0.0625
36,2025-03-20,8,4,16,16,0.25
36,2025-03-20,9,2,16,16,0.125
36,2025-03-20,10,0,16,16,0.0
36,2025-03-20,11,1,16,16,0.0625
36,2025-03-20,12,1,16,16,0.0625
36,2025-03-20,13,0,16,16,0.0
36,2025-03-20,14,0,16,16,0.0
36,2025-03-20,15,1,16,16,0.0625
36,2025-03-20,16,3,16,16,0.1875
36,2025-03-20,17,1,16,16,0.0625
36,2025-03-20,18,2,16,16,0.125
36,2025-03-20,19,0,16,16,0.0
36,2025-03-20,20,1,16,16,0.0625
36,2025-03-20,21,0,16,16,0.0
36,2025-03-20,22,0,16,16,0.0
36,2025-03-20,23,3,16,16,0.1875
36,2025-03-20,24,2,16,16,0.125
36,2025-03-20,25,0,16,16,0.0
36,2025-03-20,26,3,16,16,0.1875
36,2025-03-20,27,2,16,16,0.125
36,2025-03-20,28,0,16,16,0.0
36,2025-03-20,29,0,16,16,0.0
36,2025-03-20,30,0,16,16,0.0
36,2025-03-20,31,1,16,16,0.0625
36,2025-03-20,32,0,16,16,0.0
36,2025-03-20,33,2,16,16,0.125
36,2025-03-20,34,0,16,16,0.0
36,2025-03-20,35,0,16,16,0.0
36,2025-03-20,36,1,16,16,0.0625
36,2025-03-20,37,1,16,16,0.0625
36,2025-03-20,38,1,16,16,0.0625
36,2025-03-20,39,2,16,16,0.125
36,2025-03-20,40,3,16,16,0.1875
36,2025-03-20,41,3,16,16,0.1875
36,2025-03-20,42,1,16,16,0.0625
36,2025-03-20,43,0,16,16,0.0
36,2025-03-20,44,2,16,16,0.125
36,2025-03-20,45,0,16,16,0.0
36,2025-03-20,46,0,16,16,0.0
36,2025-03-20,47,0,16,16,0.0
36,2025-03-20,48,0,16,16,0.0
37,2025-03-21,1,1,16,16,0.0625
37,2025-03-21,2,5,16,16,0.3125
37,2025-03-21,3,2,16,16,0.125
37,2025-03-21,4,4,16,16,0.25
37,2025-03-21,5,0,16,16,0.0
37,2025-03-21,6,0,16,16,0.0
37,2025-03-21,7,2,16,16,0.125
37,2025-03-21,8,2,16,16,0.125
37,2025-03-21,9,4,16,16,0.25
37,2025-03-21,10,2,16,16,0.125
37,2025-03-21,11,2,16,16,0.125
37,2025-03-21,12,0,16,16,0.0
37,2025-03-21,13,0,16,16,0.0
37,2025-03-21,14,0,16,16,0.0
37,2025-03-21,15,1,16,16,0.0625
37,2025-03-21,16,0,16,16,0.0
37,2025-03-21,17,1,16,16,0.0625
37,2025-03-21,18,2,16,16,0.125
37,2025-03-21,19,0,16,16,0.0
37,2025-03-21,20,0,16,16,0.0
37,2025-03-21,21,1,16,16,0.0625
37,2025-03-21,22,1,16,16,0.0625
37,2025-03-21,23,2,16,16,0.125
37,2025-03-21,24,2,16,16,0.125
37,2025-03-21,25,2,16,16,0.125
37,2025-03-21,26,0,16,16,0.0
37,2025-03-21,27,3,16,16,0.1875
37,2025-03-21,28,2,16,16,0.125
37,2025-03-21,29,0,16,16,0.0
37,2025-03-21,30,0,16,16,0.0
37,2025-03-21,31,1,16,16,0.0625
37,2025-03-21,32,0,16,16,0.0
37,2025-03-21,33,2,16,16,0.125
37,2025-03-21,34,2,16,16,0.125
37,2025-03-21,35,3,16,16,0.1875
37,2025-03-21,36,2,16,16,0.125
37,2025-03-21,37,1,16,16,0.0625
37,2025-03-21,38,1,16,16,0.0625
37,2025-03-21,39,0,16,16,0.0
37,2025-03-21,40,3,16,16,0.1875
37,2025-03-21,41,3,16,16,0.1875
37,2025-03-21,42,2,16,16,0.125
37,2025-03-21,43,2,16,16,0.125
37,2025-03-21,44,2,16,16,0.125
37,2025-03-21,45,2,16,16,0.125
37,2025-03-21,46,1,16,16,0.0625
37,2025-03-21,47,0,16,16,0.0
37,2025-03-21,48,1,16,16,0.0625
38,2025-03-24,1,0,16,16,0.0
38,2025-03-24,2,0,16,16,0.0
38,2025-03-24,3,0,16,16,0.0
38,2025-03-24,4,2,16,16,0.125
38,2025-03-24,5,2,16,16,0.125
38,2025-03-24,6,1,16,16,0.0625
38,2025-03-24,7,0,16,16,0.0
38,2025-03-24,8,1,16,16,0.0625
38,2025-03-24,9,2,16,16,0.125
38,2025-03-24,10,3,16,16,0.1875
38,2025-03-24,11,0,16,16,0.0
38,2025-03-24,12,2,16,16,0.125
38,2025-03-24,13,0,16,16,0.0
38,2025-03-24,14,0,16,16,0.0
38,2025-03-24,15,3,16,16,0.1875
38,2025-03-24,16,2,16,16,0.125
38,2025-03-24,17,1,16,16,0.0625
38,2025-03-24,18,1,16,16,0.0625
38,2025-03-24,19,0,16,16,0.0
38,2025-03-24,20,2,16,16,0.125
38,2025-03-24,21,0,16,16,0.0
38,2025-03-24,22,2,16,16,0.125
38,2025-03-24,23,0,16,16,0.0
38,2025-03-24,24,1,16,16,0.0625
38,2025-03-24,25,1,16,16,0.0625
38,2025-03-24,26,2,16,16,0.125
38,2025-03-24,27,3,16,16,0.1875
38,2025-03-24,28,1,16,16,0.0625
38,2025-03-24,29,0,16,16,0.0
38,2025-03-24,30,1,16,16,0.0625
38,2025-03-24,31,1,16,16,0.0625
38,2025-03-24,32,1,16,16,0.0625
38,2025-03-24,33,1,16,16,0.0625
38,2025-03-24,34,2,16,16,0.125
38,2025-03-24,35,0,16,16,0.0
38,2025-03-24,36,0,16,16,0.0
38,2025-03-24,37,1,16,16,0.0625
38,2025-03-24,38,0,16,16,0.0
38,2025-03-24,39,2,16,16,0.125
38,2025-03-24,40,0,16,16,0.0
38,2025-03-24,41,1,16,16,0.0625
38,2025-03-24,42,2,16,16,0.125
38,2025-03-24,43,1,16,16,0.0625
38,2025-03-24,44,2,16,16,0.125
38,2025-03-24,45,3,16,16,0.1875
38,2025-03-24,46,0,16,16,0.0
38,2025-03-24,47,2,16,16,0.125
38,2025-03-24,48,2,16,16,0.125
39,2025-03-25,1,3,16,16,0.1875
39,2025-03-25,2,5,16,16,0.3125
39,2025-03-25,3,1,16,16,0.0625
39,2025-03-25,4,1,16,16,0.0625
39,2025-03-25,5,0,16,16,0.0
39,2025-03-25,6,4,16,16,0.25
39,2025-03-25,7,1,16,16,0.0625
39,2025-03-25,8,1,16,16,0.0625
39,2025-03-25,9,0,16,16,0.0
39,2025-03-25,10,1,16,16,0.0625
39,2025-03-25,11,2,16,16,0.125
39,2025-03-25,12,0,16,16,0.0
39,2025-03-25,13,0,16,16,0.0
39,2025-03-25,14,0,16,16,0.0
39,2025-03-25,15,1,16,16,0.0625
39,2025-03-25,16,2,16,16,0.125
39,2025-03-25,17,1,16,16,0.0625
39,2025-03-25,18,2,16,16,0.125
39,2025-03-25,19,1,16,16,0.0625
39,2025-03-25,20,0,16,16,0.0
39,2025-03-25,21,0,16,16,0.0
39,2025-03-25,22,2,16,16,0.125
39,2025-03-25,23,0,16,16,0.0
39,2025-03-25,24,2,16,16,0.125
39,2025-03-25,25,1,16,16,0.0625
39,2025-03-25,26,2,16,16,0.125
39,2025-03-25,27,2,16,16,0.125
39,2025-03-25,28,0,16,16,0.0
39,2025-03-25,29,0,16,16,0.0
39,2025-03-25,30,1,16,16,0.0625
39,2025-03-25,31,2,16,16,0.125
39,2025-03-25,32,2,16,16,0.125
39,2025-03-25,33,1,16,16,0.0625
39,2025-03-25,34,1,16,16,0.0625
39,2025-03-25,35,0,16,16,0.0
39,2025-03-25,36,3,16,16,0.1875
39,2025-03-25,37,3,16,16,0.1875
39,2025-03-25,38,0,16,16,0.0
39,2025-03-25,39,0,16,16,0.0
39,2025-03-25,40,4,16,16,0.25
39,2025-03-25,41,1,16,16,0.0625
39,2025-03-25,42,3,16,16,0.1875
39,2025-03-25,43,1,16,16,0.0625
39,2025-03-25,44,0,16,16,0.0
39,2025-03-25,45,1,16,16,0.0625
39,2025-03-25,46,0,16,16,0.0
39,2025-03-25,47,6,16,16,0.375
39,2025-03-25,48,3,16,16,0.1875
40,2025-03-26,1,1,16,16,0.0625
40,2025-03-26,2,0,16,16,0.0
40,2025-03-26,3,1,16,16,0.0625
40,2025-03-26,4,3,16,16,0.1875
40,2025-03-26,5,1,16,16,0.0625
40,2025-03-26,6,0,16,16,0.0
40,2025-03-26,7,0,16,16,0.0
40,2025-03-26,8,3,16,16,0.1875
40,2025-03-26,9,2,16,16,0.125
40,2025-03-26,10,2,16,16,0.125
40,2025-03-26,11,3,16,16,0.1875
40,2025-03-26,12,1,16,16,0.0625
40,2025-03-26,13,1,16,16,0.0625
40,2025-03-26,14,0,16,16,0.0
40,2025-03-26,15,1,16,16,0.0625
40,2025-03-26,16,2,16,16,0.125
40,2025-03-26,17,1,16,16,0.0625
40,2025-03-26,18,2,16,16,0.125
40,2025-03-26,19,1,16,16,0.0625
40,2025-03-26,20,1,16,16,0.0625
40,2025-03-26,21,0,16,16,0.0
40,2025-03-26,22,3,16,16,0.1875
40,2025-03-26,23,2,16,16,0.125
40,2025-03-26,24,4,16,16,0.25
40,2025-03-26,25,1,16,16,0.0625
40,2025-03-26,26,3,16,16,0.1875
40,2025-03-26,27,1,16,16,0.0625
40,2025-03-26,28,0,16,16,0.0
40,2025-03-26,29,0,16,16,0.0
40,2025-03-26,30,0,16,16,0.0
40,2025-03-26,31,0,16,16,0.0
40,2025-03-26,32,3,16,16,0.1875
40,2025-03-26,33,1,16,16,0.0625
40,2025-03-26,34,1,16,16,0.0625
40,2025-03-26,35,1,16,16,0.0625
40,2025-03-26,36,3,16,16,0.1875
40,2025-03-26,37,2,16,16,0.125
40,2025-03-26,38,1,16,16,0.0625
40,2025-03-26,39,2,16,16,0.125
40,2025-03-26,40,0,16,16,0.0
40,2025-03-26,41,2,16,16,0.125
40,2025-03-26,42,0,16,16,0.0
40,2025-03-26,43,2,16,16,0.125
40,2025-03-26,44,1,16,16,0.0625
40,2025-03-26,45,0,16,16,0.0
40,2025-03-26,46,0,16,16,0.0
40,2025-03-26,47,0,16,16,0.0
40,2025-03-26,48,1,16,16,0.0625
41,2025-03-27,1,1,16,16,0.0625
41,2025-03-27,2,3,16,16,0.1875
41,2025-03-27,3,2,16,16,0.125
41,2025-03-27,4,0,16,16,0.0
41,2025-03-27,5,0,16,16,0.0
41,2025-03-27,6,2,16,16,0.125
41,2025-03-27,7,0,16,16,0.0
41,2025-03-27,8,0,16,16,0.0
41,2025-03-27,9,3,16,16,0.1875
41,2025-03-27,10,3,16,16,0.1875
41,2025-03-27,11,0,16,16,0.0
41,2025-03-27,12,0,16,16,0.0
41,2025-03-27,13,2,16,16,0.125
41,2025-03-27,14,0,16,16,0.0
41,2025-03-27,15,2,16,16,0.125
41,2025-03-27,16,0,16,16,0.0
41,2025-03-27,17,3,16,16,0.1875
41,2025-03-27,18,0,16,16,0.0
41,2025-03-27,19,1,16,16,0.0625
41,2025-03-27,20,1,16,16,0.0625
41,2025-03-27,21,0,16,16,0.0
41,2025-03-27,22,2,16,16,0.125
41,2025-03-27,23,2,16,16,0.125
41,2025-03-27,24,0,16,16,0.0
41,2025-03-27,25,1,16,16,0.0625
41,2025-03-27,26,2,16,16,0.125
41,2025-03-27,27,1,16,16,0.0625
41,2025-03-27,28,2,16,16,0.125
41,2025-03-27,29,0,16,16,0.0
41,2025-03-27,30,1,16,16,0.0625
41,2025-03-27,31,1,16,16,0.0625
41,2025-03-27,32,0,16,16,0.0
41,2025-03-27,33,1,16,16,0.0625
41,2025-03-27,34,1,16,16,0.0625
41,2025-03-27,35,0,16,16,0.0
41,2025-03-27,36,3,16,16,0.1875
41,2025-03-27,37,2,16,16,0.125
41,2025-03-27,38,1,16,16,0.0625
41,2025-03-27,39,1,16,16,0.0625
41,2025-03-27,40,2,16,16,0.125
41,2025-03-27,41,3,16,16,0.1875
41,2025-03-27,42,0,16,16,0.0
41,2025-03-27,43,1,16,16,0.0625
41,2025-03-27,44,2,16,16,0.125
41,2025-03-27,45,2,16,16,0.125
41,2025-03-27,46,0,16,16,0.0
41,2025-03-27,47,0,16,16,0.0
41,2025-03-27,48,2,16,16,0.125
