id,date,well,Spikes_total,Bursts_total
1,2025-01-27,1,0.25,0.0
1,2025-01-27,2,0.125,0.0
1,2025-01-27,3,0.375,0.0
1,2025-01-27,4,0.3125,0.0
1,2025-01-27,5,2.75,0.125
1,2025-01-27,6,0.625,0.0
1,2025-01-27,7,0.125,0.0
1,2025-01-27,8,0.75,0.0
1,2025-01-27,9,0.4375,0.0
1,2025-01-27,10,0.125,0.0
1,2025-01-27,11,0.0625,0.0
1,2025-01-27,12,0.3125,0.0
1,2025-01-27,13,0.4375,0.0
1,2025-01-27,14,2.3125,0.0
1,2025-01-27,15,0.1875,0.0
1,2025-01-27,16,0.625,0.0
1,2025-01-27,17,0.0,0.0
1,2025-01-27,18,0.0625,0.0
1,2025-01-27,19,0.375,0.0
1,2025-01-27,20,0.375,0.0
1,2025-01-27,21,0.3125,0.0
1,2025-01-27,22,0.125,0.0
1,2025-01-27,23,0.6875,0.0
1,2025-01-27,24,0.4375,0.0
1,2025-01-27,25,0.0625,0.0
1,2025-01-27,26,0.1875,0.0
1,2025-01-27,27,0.0625,0.0
1,2025-01-27,28,0.1875,0.0
1,2025-01-27,29,0.4375,0.0
1,2025-01-27,30,0.125,0.0
1,2025-01-27,31,0.3125,0.0
1,2025-01-27,32,0.0625,0.0
1,2025-01-27,33,0.0,0.0
1,2025-01-27,34,0.0,0.0
1,2025-01-27,35,0.0,0.0
1,2025-01-27,36,0.4375,0.0
1,2025-01-27,37,0.3125,0.0
1,2025-01-27,38,0.25,0.0
1,2025-01-27,39,0.0625,0.0
1,2025-01-27,40,0.125,0.0
1,2025-01-27,41,0.1875,0.0
1,2025-01-27,42,0.1875,0.0
1,2025-01-27,43,0.125,0.0
1,2025-01-27,44,0.0625,0.0
1,2025-01-27,45,0.3125,0.0
1,2025-01-27,46,0.25,0.0
1,2025-01-27,47,0.1875,0.0
1,2025-01-27,48,0.125,0.0
2,2025-01-28,1,0.6875,0.0
2,2025-01-28,2,0.625,0.0
2,2025-01-28,3,0.0625,0.0
2,2025-01-28,4,0.1875,0.0
2,2025-01-28,5,6.875,0.25
2,2025-01-28,6,5.5625,0.25
2,2025-01-28,7,4.125,0.25
2,2025-01-28,8,0.3125,0.0
2,2025-01-28,9,0.25,0.0
2,2025-01-28,10,0.375,0.0
2,2025-01-28,11,0.5,0.0
2,2025-01-28,12,0.5,0.0
2,2025-01-28,13,0.5,0.0
2,2025-01-28,14,9.5,0.25
2,2025-01-28,15,3.625,0.1875
2,2025-01-28,16,0.1875,0.0
2,2025-01-28,17,0.1875,0.0
2,2025-01-28,18,0.1875,0.0
2,2025-01-28,19,0.5,0.0
2,2025-01-28,20,2.5625,0.0625
2,2025-01-28,21,4.0625,0.125
2,2025-01-28,22,1.8125,0.0
2,2025-01-28,23,0.3125,0.0
2,2025-01-28,24,1.0,0.0625
2,2025-01-28,25,0.5625,0.0
2,2025-01-28,26,0.6875,0.0
2,2025-01-28,27,0.25,0.0
2,2025-01-28,28,0.1875,0.0
2,2025-01-28,29,0.8125,0.0
2,2025-01-28,30,1.1875,0.0
2,2025-01-28,31,9.625,0.1875
2,2025-01-28,32,0.625,0.0
2,2025-01-28,33,0.0625,0.0
2,2025-01-28,34,0.25,0.0
2,2025-01-28,35,0.25,0.0
2,2025-01-28,36,0.125,0.0
2,2025-01-28,37,0.625,0.0
2,2025-01-28,38,2.625,0.0625
2,2025-01-28,39,0.25,0.0
2,2025-01-28,40,1.1875,0.0625
2,2025-01-28,41,0.5625,0.0
2,2025-01-28,42,0.5625,0.0
2,2025-01-28,43,1.0,0.0
2,2025-01-28,44,0.375,0.0
2,2025-01-28,45,0.1875,0.0
2,2025-01-28,46,0.4375,0.0
2,2025-01-28,47,0.3125,0.0
2,2025-01-28,48,0.625,0.0
3,2025-01-29,1,4.8125,0.0
3,2025-01-29,2,8.0,0.0625
3,2025-01-29,3,2.3125,0.0
3,2025-01-29,4,16.375,0.6875
3,2025-01-29,5,70.9375,2.375
3,2025-01-29,6,38.125,2.875
3,2025-01-29,7,30.8125,0.625
3,2025-01-29,8,2.375,0.0
3,2025-01-29,9,3.25,0.0
3,2025-01-29,10,1.375,0.0
3,2025-01-29,11,16.0,0.0625
3,2025-01-29,12,7.5,0.0625
3,2025-01-29,13,16.1875,0.0
3,2025-01-29,14,111.5625,3.0625
3,2025-01-29,15,15.125,0.625
3,2025-01-29,16,1.875,0.0
3,2025-01-29,17,2.3125,0.0
3,2025-01-29,18,18.0625,1.0625
3,2025-01-29,19,8.375,0.1875
3,2025-01-29,20,14.5625,0.5
3,2025-01-29,21,32.75,1.625
3,2025-01-29,22,39.9375,0.0
3,2025-01-29,23,25.0,0.625
3,2025-01-29,24,9.8125,0.0
3,2025-01-29,25,2.625,0.0
3,2025-01-29,26,4.5625,0.0
3,2025-01-29,27,2.1875,0.0
3,2025-01-29,28,2.5,0.0
3,2025-01-29,29,3.125,0.0
3,2025-01-29,30,25.0625,0.0
3,2025-01-29,31,81.8125,1.5625
3,2025-01-29,32,3.0,0.0
3,2025-01-29,33,1.9375,0.0
3,2025-01-29,34,4.0625,0.0
3,2025-01-29,35,8.75,0.0
3,2025-01-29,36,3.875,0.0
3,2025-01-29,37,9.625,0.0
3,2025-01-29,38,13.3125,0.0
3,2025-01-29,39,7.4375,0.1875
3,2025-01-29,40,5.9375,0.0625
3,2025-01-29,41,26.3125,1.0
3,2025-01-29,42,1.375,0.0
3,2025-01-29,43,7.6875,0.0
3,2025-01-29,44,6.5625,0.1875
3,2025-01-29,45,8.625,0.0
3,2025-01-29,46,2.5625,0.0
3,2025-01-29,47,7.9375,0.1875
3,2025-01-29,48,16.6875,0.5
4,2025-01-30,1,7.0,0.125
4,2025-01-30,2,10.0,0.5
4,2025-01-30,3,2.875,0.0
4,2025-01-30,4,2.4375,0.0
4,2025-01-30,5,75.3125,3.6875
4,2025-01-30,6,25.875,0.8125
4,2025-01-30,7,6.75,0.0
4,2025-01-30,8,1.875,0.0
4,2025-01-30,9,2.0625,0.0
4,2025-01-30,10,2.9375,0.0
4,2025-01-30,11,5.5625,0.0
4,2025-01-30,12,9.375,0.6875
4,2025-01-30,13,17.6875,0.0
4,2025-01-30,14,75.5625,0.8125
4,2025-01-30,15,2.625,0.0
4,2025-01-30,16,2.4375,0.0
4,2025-01-30,17,3.0,0.0
4,2025-01-30,18,12.625,0.5625
4,2025-01-30,19,18.125,1.3125
4,2025-01-30,20,23.875,0.8125
4,2025-01-30,21,9.875,0.0
4,2025-01-30,22,39.8125,0.4375
4,2025-01-30,23,21.9375,0.625
4,2025-01-30,24,7.6875,0.125
4,2025-01-30,25,25.1875,0.75
4,2025-01-30,26,4.25,0.0
4,2025-01-30,27,2.5,0.0
4,2025-01-30,28,1.8125,0.0
4,2025-01-30,29,6.375,0.0
4,2025-01-30,30,9.875,0.0
4,2025-01-30,31,149.8125,2.375
4,2025-01-30,32,6.5625,0.0
4,2025-01-30,33,2.4375,0.0
4,2025-01-30,34,2.75,0.0
4,2025-01-30,35,5.125,0.0
4,2025-01-30,36,2.1875,0.0
4,2025-01-30,37,15.375,0.0
4,2025-01-30,38,18.3125,0.0
4,2025-01-30,39,4.1875,0.0
4,2025-01-30,40,7.625,0.0625
4,2025-01-30,41,7.1875,0.0
4,2025-01-30,42,3.8125,0.0
4,2025-01-30,43,14.25,0.0625
4,2025-01-30,44,9.75,0.0
4,2025-01-30,45,31.6875,0.0625
4,2025-01-30,46,2.5625,0.0
4,2025-01-30,47,9.625,0.375
4,2025-01-30,48,14.75,0.1875
5,2025-01-31,1,9.3125,0.0
5,2025-01-31,2,2.8125,0.0
5,2025-01-31,3,2.8125,0.0
5,2025-01-31,4,2.0,0.0
5,2025-01-31,5,82.5625,3.4375
5,2025-01-31,6,28.0,2.125
5,2025-01-31,7,18.25,0.0
5,2025-01-31,8,3.1875,0.0
5,2025-01-31,9,1.75,0.0
5,2025-01-31,10,8.25,0.0
5,2025-01-31,11,3.0,0.0
5,2025-01-31,12,4.375,0.0
5,2025-01-31,13,10.8125,0.0
5,2025-01-31,14,61.9375,2.0625
5,2025-01-31,15,24.6875,0.9375
5,2025-01-31,16,2.1875,0.0
5,2025-01-31,17,3.4375,0.0
5,2025-01-31,18,8.9375,0.0
5,2025-01-31,19,17.4375,0.375
5,2025-01-31,20,25.3125,1.125
5,2025-01-31,21,19.9375,0.0
5,2025-01-31,22,41.4375,2.375
5,2025-01-31,23,49.625,5.25
5,2025-01-31,24,21.5625,2.0
5,2025-01-31,25,7.875,0.0
5,2025-01-31,26,27.1875,1.125
5,2025-01-31,27,3.5,0.0
5,2025-01-31,28,18.75,0.0
5,2025-01-31,29,2.9375,0.0
5,2025-01-31,30,17.5625,0.0
5,2025-01-31,31,159.0,2.125
5,2025-01-31,32,13.75,0.0625
5,2025-01-31,33,5.9375,0.0
5,2025-01-31,34,16.0625,0.8125
5,2025-01-31,35,15.5625,0.0
5,2025-01-31,36,2.4375,0.0
5,2025-01-31,37,68.875,5.75
5,2025-01-31,38,8.125,0.0
5,2025-01-31,39,3.875,0.0
5,2025-01-31,40,4.0625,0.0
5,2025-01-31,41,7.5625,0.0
5,2025-01-31,42,5.5625,0.0
5,2025-01-31,43,24.0,0.625
5,2025-01-31,44,6.5625,0.0
5,2025-01-31,45,9.75,0.0
5,2025-01-31,46,2.625,0.0
5,2025-01-31,47,5.375,0.0625
5,2025-01-31,48,37.3125,2.9375
6,2025-02-03,1,2.1875,0.0
6,2025-02-03,2,5.0,0.0
6,2025-02-03,3,3.25,0.0
6,2025-02-03,4,4.3125,0.0
6,2025-02-03,5,32.625,0.25
6,2025-02-03,6,10.1875,0.0
6,2025-02-03,7,11.9375,0.0
6,2025-02-03,8,2.125,0.0
6,2025-02-03,9,8.3125,0.0
6,2025-02-03,10,7.875,0.0
6,2025-02-03,11,15.3125,0.0
6,2025-02-03,12,22.25,0.875
6,2025-02-03,13,34.1875,1.6875
6,2025-02-03,14,91.0,4.6875
6,2025-02-03,15,4.5,0.0
6,2025-02-03,16,2.5625,0.0
6,2025-02-03,17,10.625,0.0
6,2025-02-03,18,33.6875,0.4375
6,2025-02-03,19,30.875,1.625
6,2025-02-03,20,15.625,1.0
6,2025-02-03,21,14.5,0.0625
6,2025-02-03,22,27.5,1.5
6,2025-02-03,23,20.375,0.0
6,2025-02-03,24,41.625,0.0625
6,2025-02-03,25,15.4375,1.0625
6,2025-02-03,26,16.0625,0.0625
6,2025-02-03,27,2.0,0.0
6,2025-02-03,28,2.9375,0.0
6,2025-02-03,29,16.4375,0.0
6,2025-02-03,30,64.5625,0.0
6,2025-02-03,31,35.0,0.5
6,2025-02-03,32,46.0625,2.5
6,2025-02-03,33,2.625,0.0
6,2025-02-03,34,14.8125,0.5
6,2025-02-03,35,4.9375,0.125
6,2025-02-03,36,51.125,2.25
6,2025-02-03,37,14.6875,0.0
6,2025-02-03,38,11.375,0.0
6,2025-02-03,39,33.75,1.75
6,2025-02-03,40,25.5,2.4375
6,2025-02-03,41,17.5625,0.4375
6,2025-02-03,42,38.1875,0.5
6,2025-02-03,43,5.0,0.0
6,2025-02-03,44,13.625,0.0625
6,2025-02-03,45,4.875,0.0
6,2025-02-03,46,13.9375,0.0625
6,2025-02-03,47,18.0,0.75
6,2025-02-03,48,27.3125,0.5625
7,2025-02-04,1,2.0625,0.0
7,2025-02-04,2,18.0625,0.25
7,2025-02-04,3,6.8125,0.0
7,2025-02-04,4,5.375,0.1875
7,2025-02-04,5,30.625,1.25
7,2025-02-04,6,18.6875,0.0
7,2025-02-04,7,4.5625,0.0
7,2025-02-04,8,2.75,0.0
7,2025-02-04,9,19.75,1.0625
7,2025-02-04,10,2.375,0.0
7,2025-02-04,11,14.5,0.0
7,2025-02-04,12,27.6875,0.3125
7,2025-02-04,13,65.75,3.9375
7,2025-02-04,14,96.625,4.5
7,2025-02-04,15,14.1875,0.0
7,2025-02-04,16,1.8125,0.0
7,2025-02-04,17,10.4375,0.25
7,2025-02-04,18,35.5,0.5625
7,2025-02-04,19,7.0,0.1875
7,2025-02-04,20,12.375,0.8125
7,2025-02-04,21,8.625,0.0
7,2025-02-04,22,48.4375,1.625
7,2025-02-04,23,51.0,0.8125
7,2025-02-04,24,7.8125,0.0
7,2025-02-04,25,9.9375,0.25
7,2025-02-04,26,22.0,0.375
7,2025-02-04,27,3.1875,0.0
7,2025-02-04,28,2.3125,0.0
7,2025-02-04,29,12.1875,0.0
7,2025-02-04,30,39.4375,1.0
7,2025-02-04,31,76.8125,3.0625
7,2025-02-04,32,67.625,1.0625
7,2025-02-04,33,2.25,0.0
7,2025-02-04,34,3.8125,0.0
7,2025-02-04,35,5.875,0.0
7,2025-02-04,36,2.6875,0.0
7,2025-02-04,37,46.125,2.625
7,2025-02-04,38,18.1875,0.0
7,2025-02-04,39,46.25,4.1875
7,2025-02-04,40,13.0,0.625
7,2025-02-04,41,8.5,0.125
7,2025-02-04,42,5.125,0.0
7,2025-02-04,43,3.5,0.0
7,2025-02-04,44,7.1875,0.0
7,2025-02-04,45,0.0,0.0
7,2025-02-04,46,0.0,0.0
7,2025-02-04,47,0.0,0.0
7,2025-02-04,48,0.0,0.0
8,2025-02-05,1,3.125,0.125
8,2025-02-05,2,2.5625,0.0
8,2025-02-05,3,2.0625,0.0
8,2025-02-05,4,6.625,0.0
8,2025-02-05,5,35.625,1.3125
8,2025-02-05,6,2.8125,0.0
8,2025-02-05,7,2.25,0.0
8,2025-02-05,8,2.25,0.0
8,2025-02-05,9,2.5,0.0
8,2025-02-05,10,12.1875,0.0
8,2025-02-05,11,24.8125,1.5
8,2025-02-05,12,25.125,0.3125
8,2025-02-05,13,59.1875,3.3125
8,2025-02-05,14,76.9375,0.9375
8,2025-02-05,15,28.1875,1.5625
8,2025-02-05,16,2.9375,0.0
8,2025-02-05,17,13.4375,0.0625
8,2025-02-05,18,18.125,0.3125
8,2025-02-05,19,5.0625,0.0
8,2025-02-05,20,9.75,0.0625
8,2025-02-05,21,11.125,0.0
8,2025-02-05,22,72.625,2.25
8,2025-02-05,23,53.375,0.25
8,2025-02-05,24,6.5625,0.0
8,2025-02-05,25,2.25,0.0
8,2025-02-05,26,3.4375,0.0
8,2025-02-05,27,22.125,0.5625
8,2025-02-05,28,2.3125,0.0
8,2025-02-05,29,9.0625,0.0
8,2025-02-05,30,24.625,1.25
8,2025-02-05,31,55.1875,2.125
8,2025-02-05,32,5.375,0.0
8,2025-02-05,33,2.0625,0.0
8,2025-02-05,34,3.4375,0.0
8,2025-02-05,35,2.3125,0.0
8,2025-02-05,36,3.9375,0.0
8,2025-02-05,37,72.375,2.6875
8,2025-02-05,38,5.375,0.0
8,2025-02-05,39,66.5625,3.25
8,2025-02-05,40,12.1875,0.125
8,2025-02-05,41,68.0,1.9375
8,2025-02-05,42,11.5,0.0
8,2025-02-05,43,2.75,0.0
8,2025-02-05,44,30.5,1.875
8,2025-02-05,45,39.375,1.5625
8,2025-02-05,46,2.8125,0.0
8,2025-02-05,47,2.75,0.0
8,2025-02-05,48,22.1875,0.0
9,2025-02-06,1,10.875,0.0625
9,2025-02-06,2,2.625,0.0
9,2025-02-06,3,32.8125,1.4375
9,2025-02-06,4,8.25,0.5625
9,2025-02-06,5,30.125,0.375
9,2025-02-06,6,68.375,3.1875
9,2025-02-06,7,27.5,1.875
9,2025-02-06,8,2.25,0.0
9,2025-02-06,9,2.875,0.0
9,2025-02-06,10,27.6875,1.6875
9,2025-02-06,11,31.5625,0.8125
9,2025-02-06,12,11.75,0.0
9,2025-02-06,13,94.25,3.0625
9,2025-02-06,14,140.9375,5.125
9,2025-02-06,15,38.1875,1.5
9,2025-02-06,16,4.0,0.0
9,2025-02-06,17,38.625,1.375
9,2025-02-06,18,5.0625,0.0
9,2025-02-06,19,31.625,1.625
9,2025-02-06,20,10.9375,0.0625
9,2025-02-06,21,9.8125,0.0
9,2025-02-06,22,44.875,1.625
9,2025-02-06,23,68.6875,0.0
9,2025-02-06,24,4.3125,0.0
9,2025-02-06,25,1.625,0.0
9,2025-02-06,26,2.875,0.0
9,2025-02-06,27,9.9375,0.0625
9,2025-02-06,28,6.1875,0.1875
9,2025-02-06,29,8.0625,0.125
9,2025-02-06,30,8.4375,0.0
9,2025-02-06,31,70.5625,5.0625
9,2025-02-06,32,8.0625,0.0
9,2025-02-06,33,2.5625,0.0
9,2025-02-06,34,5.0625,0.0625
9,2025-02-06,35,2.5625,0.0
9,2025-02-06,36,27.0,0.6875
9,2025-02-06,37,19.375,0.375
9,2025-02-06,38,16.375,0.125
9,2025-02-06,39,127.1875,8.125
9,2025-02-06,40,20.75,1.25
9,2025-02-06,41,29.625,0.9375
9,2025-02-06,42,9.6875,0.0
9,2025-02-06,43,21.5625,0.625
9,2025-02-06,44,45.9375,2.25
9,2025-02-06,45,46.6875,2.0
9,2025-02-06,46,13.4375,0.0
9,2025-02-06,47,14.6875,0.0
9,2025-02-06,48,9.8125,0.0
10,2025-02-07,1,28.375,0.4375
10,2025-02-07,2,2.1875,0.0
10,2025-02-07,3,38.9375,0.0
10,2025-02-07,4,3.1875,0.0
10,2025-02-07,5,30.25,0.25
10,2025-02-07,6,22.875,0.0
10,2025-02-07,7,18.3125,0.0
10,2025-02-07,8,2.0625,0.0
10,2025-02-07,9,2.125,0.0
10,2025-02-07,10,5.25,0.0625
10,2025-02-07,11,54.875,4.4375
10,2025-02-07,12,28.1875,1.3125
10,2025-02-07,13,135.5625,0.5625
10,2025-02-07,14,93.625,1.625
10,2025-02-07,15,22.125,0.8125
10,2025-02-07,16,2.5625,0.0
10,2025-02-07,17,18.0625,0.0625
10,2025-02-07,18,5.0,0.0
10,2025-02-07,19,21.8125,0.9375
10,2025-02-07,20,3.125,0.0
10,2025-02-07,21,9.3125,0.0
10,2025-02-07,22,76.0625,1.4375
10,2025-02-07,23,17.375,0.0625
10,2025-02-07,24,2.6875,0.0
10,2025-02-07,25,3.8125,0.0
10,2025-02-07,26,2.5,0.0
10,2025-02-07,27,5.75,0.0
10,2025-02-07,28,29.1875,1.8125
10,2025-02-07,29,5.875,0.0
10,2025-02-07,30,107.125,0.9375
10,2025-02-07,31,113.25,3.0625
10,2025-02-07,32,6.5,0.0
10,2025-02-07,33,2.1875,0.0
10,2025-02-07,34,11.3125,0.3125
10,2025-02-07,35,2.375,0.0
10,2025-02-07,36,25.9375,0.5
10,2025-02-07,37,57.625,0.9375
10,2025-02-07,38,28.8125,0.1875
10,2025-02-07,39,61.0,1.1875
10,2025-02-07,40,7.5,0.0
10,2025-02-07,41,52.875,1.0625
10,2025-02-07,42,57.0,0.75
10,2025-02-07,43,48.5,0.75
10,2025-02-07,44,64.5,2.25
10,2025-02-07,45,106.875,5.1875
10,2025-02-07,46,12.9375,0.1875
10,2025-02-07,47,2.75,0.0
10,2025-02-07,48,16.75,0.0
11,2025-02-11,1,3.125,0.0
11,2025-02-11,2,3.125,0.0
11,2025-02-11,3,14.0625,0.0
11,2025-02-11,4,2.1875,0.0
11,2025-02-11,5,27.6875,0.125
11,2025-02-11,6,108.9375,0.0
11,2025-02-11,7,34.25,0.625
11,2025-02-11,8,34.1875,0.9375
11,2025-02-11,9,2.0625,0.0
11,2025-02-11,10,9.0625,0.5625
11,2025-02-11,11,2.0625,0.0
11,2025-02-11,12,4.375,0.0
11,2025-02-11,13,42.6875,0.375
11,2025-02-11,14,208.9375,15.3125
11,2025-02-11,15,36.5,0.9375
11,2025-02-11,16,2.9375,0.0
11,2025-02-11,17,4.1875,0.0
11,2025-02-11,18,68.8125,1.625
11,2025-02-11,19,8.4375,0.0
11,2025-02-11,20,28.0625,0.4375
11,2025-02-11,21,86.75,3.6875
11,2025-02-11,22,10.125,0.0
11,2025-02-11,23,101.625,3.4375
11,2025-02-11,24,12.5,0.0
11,2025-02-11,25,2.3125,0.0
11,2025-02-11,26,7.0,0.0625
11,2025-02-11,27,2.5625,0.0
11,2025-02-11,28,3.0,0.0
11,2025-02-11,29,38.0625,0.5625
11,2025-02-11,30,29.9375,0.0
11,2025-02-11,31,162.625,6.375
11,2025-02-11,32,9.0,0.0625
11,2025-02-11,33,2.4375,0.0
11,2025-02-11,34,17.25,1.25
11,2025-02-11,35,83.375,3.125
11,2025-02-11,36,22.8125,0.5
11,2025-02-11,37,140.375,4.75
11,2025-02-11,38,42.4375,0.125
11,2025-02-11,39,154.0,7.9375
11,2025-02-11,40,18.125,0.0
11,2025-02-11,41,3.8125,0.0
11,2025-02-11,42,42.875,1.5
11,2025-02-11,43,14.125,0.125
11,2025-02-11,44,77.0625,3.1875
11,2025-02-11,45,81.75,6.5625
11,2025-02-11,46,97.4375,0.1875
11,2025-02-11,47,13.1875,0.75
11,2025-02-11,48,37.5625,1.1875
12,2025-02-12,1,6.125,0.0625
12,2025-02-12,2,2.625,0.0
12,2025-02-12,3,10.4375,0.0
12,2025-02-12,4,5.125,0.1875
12,2025-02-12,5,22.3125,2.1875
12,2025-02-12,6,24.6875,0.0
12,2025-02-12,7,30.0625,1.0625
12,2025-02-12,8,27.3125,0.0
12,2025-02-12,9,2.25,0.0
12,2025-02-12,10,3.6875,0.0
12,2025-02-12,11,2.5625,0.0
12,2025-02-12,12,16.625,0.9375
12,2025-02-12,13,21.25,0.0625
12,2025-02-12,14,105.625,0.8125
12,2025-02-12,15,18.9375,0.125
12,2025-02-12,16,3.0625,0.0
12,2025-02-12,17,3.75,0.0
12,2025-02-12,18,41.9375,1.8125
12,2025-02-12,19,14.5625,0.25
12,2025-02-12,20,31.375,1.25
12,2025-02-12,21,56.125,3.9375
12,2025-02-12,22,34.5,0.625
12,2025-02-12,23,68.625,1.25
12,2025-02-12,24,26.5,0.0
12,2025-02-12,25,2.25,0.0
12,2025-02-12,26,7.0,0.125
12,2025-02-12,27,2.0,0.0
12,2025-02-12,28,22.0,0.5
12,2025-02-12,29,32.25,0.8125
12,2025-02-12,30,9.875,0.0
12,2025-02-12,31,113.8125,4.4375
12,2025-02-12,32,6.125,0.0
12,2025-02-12,33,2.3125,0.0
12,2025-02-12,34,13.875,0.375
12,2025-02-12,35,37.875,2.0625
12,2025-02-12,36,35.3125,1.6875
12,2025-02-12,37,191.3125,5.625
12,2025-02-12,38,13.8125,0.0
12,2025-02-12,39,113.5,4.1875
12,2025-02-12,40,12.0625,0.0
12,2025-02-12,41,2.0625,0.0
12,2025-02-12,42,9.625,0.0
12,2025-02-12,43,14.25,0.125
12,2025-02-12,44,57.5625,1.0625
12,2025-02-12,45,27.5625,0.25
12,2025-02-12,46,24.5625,0.0
12,2025-02-12,47,14.625,1.3125
12,2025-02-12,48,51.8125,1.6875
13,2025-02-13,1,3.4375,0.0
13,2025-02-13,2,7.875,0.0
13,2025-02-13,3,23.25,0.0
13,2025-02-13,4,3.0,0.0
13,2025-02-13,5,40.0625,3.875
13,2025-02-13,6,50.625,0.0
13,2025-02-13,7,17.9375,0.4375
13,2025-02-13,8,8.75,0.0
13,2025-02-13,9,2.3125,0.0
13,2025-02-13,10,22.25,0.9375
13,2025-02-13,11,2.0625,0.0
13,2025-02-13,12,13.1875,0.125
13,2025-02-13,13,52.5625,1.0625
13,2025-02-13,14,145.5625,2.8125
13,2025-02-13,15,37.9375,2.25
13,2025-02-13,16,3.0625,0.0
13,2025-02-13,17,27.8125,1.6875
13,2025-02-13,18,78.9375,2.75
13,2025-02-13,19,18.8125,0.0
13,2025-02-13,20,34.5625,1.375
13,2025-02-13,21,104.5,8.8125
13,2025-02-13,22,124.0,2.6875
13,2025-02-13,23,60.875,2.5625
13,2025-02-13,24,10.3125,0.0
13,2025-02-13,25,2.6875,0.0
13,2025-02-13,26,2.0,0.0
13,2025-02-13,27,2.875,0.0
13,2025-02-13,28,17.0,0.25
13,2025-02-13,29,21.0,0.1875
13,2025-02-13,30,4.375,0.0
13,2025-02-13,31,212.9375,9.625
13,2025-02-13,32,5.0625,0.0
13,2025-02-13,33,2.3125,0.0
13,2025-02-13,34,18.0625,0.125
13,2025-02-13,35,42.6875,2.75
13,2025-02-13,36,12.25,0.0
13,2025-02-13,37,148.3125,2.8125
13,2025-02-13,38,14.5625,0.0
13,2025-02-13,39,109.4375,4.5625
13,2025-02-13,40,38.0625,0.625
13,2025-02-13,41,3.125,0.0
13,2025-02-13,42,25.8125,0.1875
13,2025-02-13,43,17.4375,0.5625
13,2025-02-13,44,154.875,6.8125
13,2025-02-13,45,9.25,0.0
13,2025-02-13,46,21.25,0.0
13,2025-02-13,47,2.3125,0.0
13,2025-02-13,48,15.75,0.0
14,2025-02-14,1,85.0625,0.0
14,2025-02-14,2,2.1875,0.0
14,2025-02-14,3,41.875,0.625
14,2025-02-14,4,19.1875,1.125
14,2025-02-14,5,15.6875,0.0
14,2025-02-14,6,39.1875,0.0
14,2025-02-14,7,66.375,0.0625
14,2025-02-14,8,52.1875,2.5
14,2025-02-14,9,5.4375,0.0
14,2025-02-14,10,13.6875,0.0
14,2025-02-14,11,2.0625,0.0
14,2025-02-14,12,49.75,2.1875
14,2025-02-14,13,101.625,2.1875
14,2025-02-14,14,222.3125,8.625
14,2025-02-14,15,64.375,4.75
14,2025-02-14,16,3.5,0.0
14,2025-02-14,17,110.9375,4.75
14,2025-02-14,18,26.0625,0.125
14,2025-02-14,19,44.375,2.3125
14,2025-02-14,20,57.8125,2.5625
14,2025-02-14,21,39.0,3.0625
14,2025-02-14,22,79.3125,1.875
14,2025-02-14,23,130.4375,2.8125
14,2025-02-14,24,14.1875,0.3125
14,2025-02-14,25,2.75,0.0
14,2025-02-14,26,2.125,0.0
14,2025-02-14,27,3.75,0.0
14,2025-02-14,28,1.8125,0.0
14,2025-02-14,29,43.9375,1.375
14,2025-02-14,30,54.375,1.4375
14,2025-02-14,31,253.6875,18.875
14,2025-02-14,32,3.125,0.0
14,2025-02-14,33,4.125,0.0
14,2025-02-14,34,3.375,0.0
14,2025-02-14,35,65.375,1.1875
14,2025-02-14,36,14.0625,0.0
14,2025-02-14,37,167.75,7.1875
14,2025-02-14,38,15.625,0.0
14,2025-02-14,39,209.0,7.5
14,2025-02-14,40,4.0,0.0
14,2025-02-14,41,2.0625,0.0
14,2025-02-14,42,85.0,5.5625
14,2025-02-14,43,71.5625,4.625
14,2025-02-14,44,92.1875,2.75
14,2025-02-14,45,53.0,1.5625
14,2025-02-14,46,8.25,0.0
14,2025-02-14,47,2.4375,0.0
14,2025-02-14,48,14.875,0.0
15,2025-02-17,1,65.8125,2.8125
15,2025-02-17,2,2.5,0.0
15,2025-02-17,3,48.0625,1.25
15,2025-02-17,4,32.5625,1.5
15,2025-02-17,5,26.0625,0.0
15,2025-02-17,6,49.6875,0.0
15,2025-02-17,7,137.8125,5.8125
15,2025-02-17,8,42.125,1.3125
15,2025-02-17,9,46.5,2.0625
15,2025-02-17,10,85.375,0.0
15,2025-02-17,11,2.625,0.0
15,2025-02-17,12,17.0,0.3125
15,2025-02-17,13,206.1875,2.875
15,2025-02-17,14,136.875,1.625
15,2025-02-17,15,61.1875,2.75
15,2025-02-17,16,2.25,0.0
15,2025-02-17,17,2.5,0.0
15,2025-02-17,18,63.4375,2.6875
15,2025-02-17,19,72.6875,0.0
15,2025-02-17,20,80.75,3.9375
15,2025-02-17,21,324.75,13.6875
15,2025-02-17,22,138.5,8.25
15,2025-02-17,23,186.75,9.1875
15,2025-02-17,24,15.75,0.6875
15,2025-02-17,25,6.25,0.0
15,2025-02-17,26,30.4375,1.1875
15,2025-02-17,27,9.9375,0.3125
15,2025-02-17,28,2.875,0.0
15,2025-02-17,29,102.125,4.375
15,2025-02-17,30,99.75,3.5625
15,2025-02-17,31,28.75,1.8125
15,2025-02-17,32,11.1875,0.0
15,2025-02-17,33,3.0625,0.0
15,2025-02-17,34,8.625,0.0
15,2025-02-17,35,104.1875,0.0
15,2025-02-17,36,2.875,0.0
15,2025-02-17,37,124.625,8.5625
15,2025-02-17,38,11.9375,0.0
15,2025-02-17,39,42.9375,1.375
15,2025-02-17,40,5.5625,0.0
15,2025-02-17,41,2.125,0.0
15,2025-02-17,42,128.5625,0.0
15,2025-02-17,43,61.5,2.25
15,2025-02-17,44,74.5,3.875
15,2025-02-17,45,257.75,8.375
15,2025-02-17,46,77.875,4.5
15,2025-02-17,47,3.0,0.0
15,2025-02-17,48,30.75,0.5
16,2025-02-18,1,38.4375,0.875
16,2025-02-18,2,3.3125,0.0
16,2025-02-18,3,57.125,0.0
16,2025-02-18,4,49.4375,2.5625
16,2025-02-18,5,24.6875,0.0625
16,2025-02-18,6,139.125,1.25
16,2025-02-18,7,101.125,3.9375
16,2025-02-18,8,84.4375,2.625
16,2025-02-18,9,63.0625,1.75
16,2025-02-18,10,82.0,3.4375
16,2025-02-18,11,6.4375,0.0625
16,2025-02-18,12,8.25,0.0
16,2025-02-18,13,159.1875,5.1875
16,2025-02-18,14,94.1875,1.0625
16,2025-02-18,15,42.9375,1.4375
16,2025-02-18,16,39.25,3.1875
16,2025-02-18,17,25.8125,1.25
16,2025-02-18,18,62.1875,3.1875
16,2025-02-18,19,94.4375,4.5625
16,2025-02-18,20,91.875,4.4375
16,2025-02-18,21,157.625,8.8125
16,2025-02-18,22,133.0,3.4375
16,2025-02-18,23,182.5,4.9375
16,2025-02-18,24,50.5,3.3125
16,2025-02-18,25,2.875,0.0
16,2025-02-18,26,2.6875,0.0
16,2025-02-18,27,27.4375,0.4375
16,2025-02-18,28,4.1875,0.0
16,2025-02-18,29,89.625,0.0
16,2025-02-18,30,209.75,3.25
16,2025-02-18,31,58.875,3.3125
16,2025-02-18,32,36.8125,2.0625
16,2025-02-18,33,4.5625,0.0
16,2025-02-18,34,25.0,0.1875
16,2025-02-18,35,79.25,4.6875
16,2025-02-18,36,2.75,0.0
16,2025-02-18,37,15.6875,0.0
16,2025-02-18,38,40.4375,0.3125
16,2025-02-18,39,39.9375,2.0625
16,2025-02-18,40,6.0625,0.0
16,2025-02-18,41,1.8125,0.0
16,2025-02-18,42,122.625,3.4375
16,2025-02-18,43,50.75,2.4375
16,2025-02-18,44,51.0625,0.4375
16,2025-02-18,45,270.875,13.125
16,2025-02-18,46,15.9375,0.0
16,2025-02-18,47,40.0625,3.1875
16,2025-02-18,48,49.625,0.0
17,2025-02-19,1,49.875,0.0
17,2025-02-19,2,2.1875,0.0
17,2025-02-19,3,59.4375,1.6875
17,2025-02-19,4,97.0625,0.0
17,2025-02-19,5,27.5,0.0625
17,2025-02-19,6,114.8125,1.6875
17,2025-02-19,7,105.875,6.5
17,2025-02-19,8,84.875,2.375
17,2025-02-19,9,113.625,3.75
17,2025-02-19,10,116.875,6.0
17,2025-02-19,11,42.875,0.0
17,2025-02-19,12,34.125,2.5
17,2025-02-19,13,197.0,5.625
17,2025-02-19,14,131.5625,1.25
17,2025-02-19,15,90.8125,5.625
17,2025-02-19,16,7.125,0.0
17,2025-02-19,17,3.875,0.0
17,2025-02-19,18,45.75,1.6875
17,2025-02-19,19,92.0,3.75
17,2025-02-19,20,93.5625,5.5625
17,2025-02-19,21,183.8125,9.5
17,2025-02-19,22,194.8125,7.4375
17,2025-02-19,23,123.1875,4.5625
17,2025-02-19,24,108.1875,4.0625
17,2025-02-19,25,2.875,0.0
17,2025-02-19,26,5.1875,0.0
17,2025-02-19,27,81.4375,5.1875
17,2025-02-19,28,2.375,0.0
17,2025-02-19,29,196.75,5.1875
17,2025-02-19,30,236.8125,14.875
17,2025-02-19,31,36.375,0.75
17,2025-02-19,32,9.0,0.0
17,2025-02-19,33,5.0,0.0
17,2025-02-19,34,39.5,1.875
17,2025-02-19,35,122.875,5.3125
17,2025-02-19,36,2.375,0.0
17,2025-02-19,37,59.1875,4.6875
17,2025-02-19,38,34.9375,0.625
17,2025-02-19,39,74.125,1.625
17,2025-02-19,40,11.125,0.0
17,2025-02-19,41,2.8125,0.0
17,2025-02-19,42,89.0625,4.0625
17,2025-02-19,43,83.8125,0.8125
17,2025-02-19,44,84.25,0.25
17,2025-02-19,45,236.75,12.75
17,2025-02-19,46,48.1875,0.875
17,2025-02-19,47,3.0,0.0
17,2025-02-19,48,52.0625,1.1875
18,2025-02-20,1,71.3125,1.875
18,2025-02-20,2,4.3125,0.0
18,2025-02-20,3,38.875,1.5
18,2025-02-20,4,67.0,4.0
18,2025-02-20,5,65.25,2.9375
18,2025-02-20,6,72.5625,0.625
18,2025-02-20,7,100.5625,6.5625
18,2025-02-20,8,44.0625,0.0
18,2025-02-20,9,65.375,1.0625
18,2025-02-20,10,121.25,5.9375
18,2025-02-20,11,70.0,0.0
18,2025-02-20,12,10.125,0.0625
18,2025-02-20,13,134.1875,3.8125
18,2025-02-20,14,272.75,14.375
18,2025-02-20,15,140.75,5.125
18,2025-02-20,16,11.3125,0.0
18,2025-02-20,17,7.6875,0.0
18,2025-02-20,18,89.3125,4.3125
18,2025-02-20,19,73.6875,3.8125
18,2025-02-20,20,38.125,1.0625
18,2025-02-20,21,73.1875,0.125
18,2025-02-20,22,171.3125,7.625
18,2025-02-20,23,98.8125,1.9375
18,2025-02-20,24,17.5,0.375
18,2025-02-20,25,3.5,0.0
18,2025-02-20,26,6.3125,0.0625
18,2025-02-20,27,124.75,2.8125
18,2025-02-20,28,2.1875,0.0
18,2025-02-20,29,214.625,11.625
18,2025-02-20,30,204.5,4.875
18,2025-02-20,31,67.125,3.875
18,2025-02-20,32,4.125,0.0
18,2025-02-20,33,2.5,0.0
18,2025-02-20,34,145.125,7.0625
18,2025-02-20,35,42.875,0.4375
18,2025-02-20,36,5.5,0.0
18,2025-02-20,37,21.375,0.0
18,2025-02-20,38,85.375,0.9375
18,2025-02-20,39,84.8125,3.125
18,2025-02-20,40,8.0625,0.0
18,2025-02-20,41,11.5,0.3125
18,2025-02-20,42,47.75,1.375
18,2025-02-20,43,94.8125,4.875
18,2025-02-20,44,66.9375,0.125
18,2025-02-20,45,246.125,9.125
18,2025-02-20,46,162.375,10.0625
18,2025-02-20,47,3.125,0.0
18,2025-02-20,48,117.5625,4.125
19,2025-02-21,1,68.8125,3.4375
19,2025-02-21,2,4.625,0.0
19,2025-02-21,3,11.3125,0.0
19,2025-02-21,4,30.75,0.0
19,2025-02-21,5,32.6875,0.0
19,2025-02-21,6,100.3125,2.1875
19,2025-02-21,7,90.5625,5.5
19,2025-02-21,8,108.8125,0.1875
19,2025-02-21,9,149.75,10.8125
19,2025-02-21,10,131.9375,5.25
19,2025-02-21,11,59.3125,2.4375
19,2025-02-21,12,8.6875,0.0
19,2025-02-21,13,211.625,6.4375
19,2025-02-21,14,167.8125,6.3125
19,2025-02-21,15,139.1875,8.5
19,2025-02-21,16,31.4375,0.3125
19,2025-02-21,17,7.75,0.0
19,2025-02-21,18,8.0,0.0
19,2025-02-21,19,82.3125,4.0
19,2025-02-21,20,61.125,2.6875
19,2025-02-21,21,106.875,3.0625
19,2025-02-21,22,286.5625,4.3125
19,2025-02-21,23,129.5625,5.375
19,2025-02-21,24,25.8125,0.9375
19,2025-02-21,25,38.8125,1.625
19,2025-02-21,26,101.0625,7.125
19,2025-02-21,27,88.75,2.5
19,2025-02-21,28,3.375,0.0
19,2025-02-21,29,285.875,11.9375
19,2025-02-21,30,136.5625,6.75
19,2025-02-21,31,115.4375,4.875
19,2025-02-21,32,62.625,5.1875
19,2025-02-21,33,2.6875,0.0
19,2025-02-21,34,84.75,3.0
19,2025-02-21,35,160.1875,7.3125
19,2025-02-21,36,10.5,0.375
19,2025-02-21,37,167.4375,16.5
19,2025-02-21,38,46.5,1.5625
19,2025-02-21,39,112.8125,1.9375
19,2025-02-21,40,15.75,0.0625
19,2025-02-21,41,21.6875,0.625
19,2025-02-21,42,86.0625,2.625
19,2025-02-21,43,137.8125,7.625
19,2025-02-21,44,33.9375,0.1875
19,2025-02-21,45,118.75,2.6875
19,2025-02-21,46,146.6875,2.6875
19,2025-02-21,47,6.375,0.0
19,2025-02-21,48,61.0,1.25
20,2025-02-24,1,52.875,2.9375
20,2025-02-24,2,18.3125,0.375
20,2025-02-24,3,54.4375,0.0
20,2025-02-24,4,14.875,0.0
20,2025-02-24,5,50.0,1.8125
20,2025-02-24,6,189.875,1.4375
20,2025-02-24,7,22.6875,0.375
20,2025-02-24,8,87.4375,0.0
20,2025-02-24,9,181.75,10.6875
20,2025-02-24,10,96.0,5.875
20,2025-02-24,11,9.1875,0.0
20,2025-02-24,12,6.3125,0.0
20,2025-02-24,13,245.4375,16.125
20,2025-02-24,14,112.25,0.375
20,2025-02-24,15,163.0,3.25
20,2025-02-24,16,47.5625,3.125
20,2025-02-24,17,2.5625,0.0
20,2025-02-24,18,2.25,0.0
20,2025-02-24,19,91.6875,0.375
20,2025-02-24,20,56.75,2.75
20,2025-02-24,21,238.75,11.875
20,2025-02-24,22,103.5625,3.5625
20,2025-02-24,23,104.0625,7.0
20,2025-02-24,24,15.0625,0.1875
20,2025-02-24,25,6.8125,0.0
20,2025-02-24,26,119.5,7.125
20,2025-02-24,27,45.625,1.75
20,2025-02-24,28,2.4375,0.0
20,2025-02-24,29,112.875,0.1875
20,2025-02-24,30,169.3125,0.0
20,2025-02-24,31,191.0625,9.6875
20,2025-02-24,32,12.25,0.0
20,2025-02-24,33,3.6875,0.0
20,2025-02-24,34,44.375,1.6875
20,2025-02-24,35,5.0,0.0
20,2025-02-24,36,2.875,0.0
20,2025-02-24,37,26.8125,0.9375
20,2025-02-24,38,92.6875,3.375
20,2025-02-24,39,92.0,1.875
20,2025-02-24,40,2.625,0.0
20,2025-02-24,41,2.25,0.0
20,2025-02-24,42,3.9375,0.0
20,2025-02-24,43,70.1875,2.625
20,2025-02-24,44,34.125,1.0625
20,2025-02-24,45,149.5,3.6875
20,2025-02-24,46,207.0625,8.875
20,2025-02-24,47,33.125,1.3125
20,2025-02-24,48,100.75,2.375
21,2025-02-25,1,109.0625,1.4375
21,2025-02-25,2,4.5625,0.0
21,2025-02-25,3,96.0,0.0
21,2025-02-25,4,34.875,0.0
21,2025-02-25,5,103.625,3.1875
21,2025-02-25,6,30.0625,0.0
21,2025-02-25,7,96.375,3.375
21,2025-02-25,8,94.9375,3.25
21,2025-02-25,9,54.9375,2.4375
21,2025-02-25,10,130.5625,6.5
21,2025-02-25,11,11.4375,0.1875
21,2025-02-25,12,6.625,0.0
21,2025-02-25,13,123.9375,7.5625
21,2025-02-25,14,163.8125,2.75
21,2025-02-25,15,164.625,7.625
21,2025-02-25,16,51.6875,2.75
21,2025-02-25,17,2.4375,0.0
21,2025-02-25,18,10.4375,0.125
21,2025-02-25,19,93.5,4.1875
21,2025-02-25,20,57.875,2.0
21,2025-02-25,21,104.0625,3.8125
21,2025-02-25,22,226.0,7.1875
21,2025-02-25,23,162.625,5.4375
21,2025-02-25,24,8.25,0.0625
21,2025-02-25,25,6.75,0.0625
21,2025-02-25,26,71.75,4.8125
21,2025-02-25,27,14.875,0.0625
21,2025-02-25,28,2.5,0.0
21,2025-02-25,29,95.3125,1.0625
21,2025-02-25,30,361.0625,12.9375
21,2025-02-25,31,107.0,4.5
21,2025-02-25,32,50.5,0.0
21,2025-02-25,33,4.3125,0.0
21,2025-02-25,34,69.0,2.875
21,2025-02-25,35,2.6875,0.0
21,2025-02-25,36,14.6875,0.0625
21,2025-02-25,37,63.4375,0.75
21,2025-02-25,38,90.8125,2.9375
21,2025-02-25,39,103.0,3.0625
21,2025-02-25,40,4.25,0.0
21,2025-02-25,41,3.0,0.0
21,2025-02-25,42,3.3125,0.0
21,2025-02-25,43,120.0625,6.4375
21,2025-02-25,44,39.625,0.0
21,2025-02-25,45,169.125,5.875
21,2025-02-25,46,201.0625,0.0
21,2025-02-25,47,44.5625,0.5
21,2025-02-25,48,158.3125,6.75
22,2025-02-26,1,30.8125,1.3125
22,2025-02-26,2,20.125,0.0
22,2025-02-26,3,95.5,0.125
22,2025-02-26,4,14.625,0.0
22,2025-02-26,5,92.875,0.875
22,2025-02-26,6,25.625,0.1875
22,2025-02-26,7,22.0625,0.0625
22,2025-02-26,8,134.5,7.25
22,2025-02-26,9,173.5625,0.0
22,2025-02-26,10,84.3125,2.0
22,2025-02-26,11,16.8125,0.125
22,2025-02-26,12,13.0,0.0
22,2025-02-26,13,133.125,7.3125
22,2025-02-26,14,259.4375,14.5625
22,2025-02-26,15,209.6875,13.5
22,2025-02-26,16,19.75,0.0
22,2025-02-26,17,2.625,0.0
22,2025-02-26,18,3.875,0.0
22,2025-02-26,19,83.0,5.0
22,2025-02-26,20,87.375,2.8125
22,2025-02-26,21,171.4375,0.0
22,2025-02-26,22,306.125,16.875
22,2025-02-26,23,167.3125,8.6875
22,2025-02-26,24,11.8125,0.125
22,2025-02-26,25,9.75,0.0
22,2025-02-26,26,95.75,3.0625
22,2025-02-26,27,4.6875,0.0
22,2025-02-26,28,2.0625,0.0
22,2025-02-26,29,105.6875,0.5625
22,2025-02-26,30,329.125,0.0625
22,2025-02-26,31,91.6875,2.625
22,2025-02-26,32,59.5625,1.4375
22,2025-02-26,33,2.5625,0.0
22,2025-02-26,34,37.6875,1.4375
22,2025-02-26,35,2.3125,0.0
22,2025-02-26,36,26.625,0.125
22,2025-02-26,37,80.375,0.1875
22,2025-02-26,38,152.0625,7.0
22,2025-02-26,39,109.9375,2.5
22,2025-02-26,40,10.5625,0.0
22,2025-02-26,41,2.375,0.0
22,2025-02-26,42,3.0625,0.0
22,2025-02-26,43,127.625,6.0625
22,2025-02-26,44,42.125,0.4375
22,2025-02-26,45,421.4375,3.75
22,2025-02-26,46,250.625,8.5625
22,2025-02-26,47,120.375,0.1875
22,2025-02-26,48,144.9375,5.625
23,2025-02-27,1,4.3125,0.0
23,2025-02-27,2,31.375,1.75
23,2025-02-27,3,158.5625,5.5625
23,2025-02-27,4,33.3125,0.0
23,2025-02-27,5,62.0,0.0625
23,2025-02-27,6,178.5625,12.125
23,2025-02-27,7,40.3125,1.5625
23,2025-02-27,8,156.4375,0.9375
23,2025-02-27,9,162.9375,8.75
23,2025-02-27,10,50.5625,2.0625
23,2025-02-27,11,9.3125,0.0
23,2025-02-27,12,23.5625,0.25
23,2025-02-27,13,219.4375,8.8125
23,2025-02-27,14,443.5,26.625
23,2025-02-27,15,275.9375,5.0625
23,2025-02-27,16,71.875,2.375
23,2025-02-27,17,3.9375,0.0
23,2025-02-27,18,5.875,0.0
23,2025-02-27,19,96.4375,3.5
23,2025-02-27,20,76.4375,3.125
23,2025-02-27,21,329.3125,1.875
23,2025-02-27,22,214.9375,10.25
23,2025-02-27,23,396.0625,20.1875
23,2025-02-27,24,45.9375,0.6875
23,2025-02-27,25,133.4375,7.4375
23,2025-02-27,26,48.6875,1.625
23,2025-02-27,27,2.875,0.0
23,2025-02-27,28,1.625,0.0
23,2025-02-27,29,193.875,5.75
23,2025-02-27,30,506.3125,0.0625
23,2025-02-27,31,86.5,4.8125
23,2025-02-27,32,60.9375,1.5
23,2025-02-27,33,6.25,0.0
23,2025-02-27,34,34.0,1.5
23,2025-02-27,35,3.5,0.0
23,2025-02-27,36,15.1875,0.375
23,2025-02-27,37,224.9375,6.3125
23,2025-02-27,38,92.4375,3.4375
23,2025-02-27,39,121.25,2.0625
23,2025-02-27,40,44.8125,0.25
23,2025-02-27,41,2.4375,0.0
23,2025-02-27,42,2.4375,0.0
23,2025-02-27,43,129.875,0.0
23,2025-02-27,44,26.5625,0.0625
23,2025-02-27,45,169.0,7.125
23,2025-02-27,46,267.625,9.25
23,2025-02-27,47,149.0625,5.0
23,2025-02-27,48,278.3125,3.875
24,2025-02-28,1,19.625,0.375
24,2025-02-28,2,22.8125,0.0
24,2025-02-28,3,105.8125,2.625
24,2025-02-28,4,28.375,1.3125
24,2025-02-28,5,146.0625,3.3125
24,2025-02-28,6,59.1875,2.625
24,2025-02-28,7,8.125,0.0
24,2025-02-28,8,92.5,0.0
24,2025-02-28,9,31.1875,1.5
24,2025-02-28,10,10.0625,0.0
24,2025-02-28,11,22.8125,0.3125
24,2025-02-28,12,13.5625,0.0625
24,2025-02-28,13,497.8125,17.375
24,2025-02-28,14,485.1875,19.6875
24,2025-02-28,15,489.75,8.9375
24,2025-02-28,16,116.0,7.1875
24,2025-02-28,17,22.0625,0.0
24,2025-02-28,18,8.375,0.0
24,2025-02-28,19,140.75,5.1875
24,2025-02-28,20,107.0625,4.625
24,2025-02-28,21,81.8125,0.1875
24,2025-02-28,22,141.5625,8.0625
24,2025-02-28,23,427.6875,20.625
24,2025-02-28,24,73.375,4.625
24,2025-02-28,25,64.125,2.4375
24,2025-02-28,26,17.25,0.375
24,2025-02-28,27,2.875,0.0
24,2025-02-28,28,2.4375,0.0
24,2025-02-28,29,205.125,8.5
24,2025-02-28,30,584.5625,0.0
24,2025-02-28,31,166.5625,8.375
24,2025-02-28,32,115.0625,7.125
24,2025-02-28,33,3.125,0.0
24,2025-02-28,34,92.125,3.5625
24,2025-02-28,35,3.1875,0.0
24,2025-02-28,36,48.9375,3.3125
24,2025-02-28,37,74.8125,3.0625
24,2025-02-28,38,185.0,7.75
24,2025-02-28,39,188.8125,10.375
24,2025-02-28,40,21.25,0.0
24,2025-02-28,41,10.9375,0.0
24,2025-02-28,42,1.625,0.0
24,2025-02-28,43,148.625,3.0
24,2025-02-28,44,24.125,0.5
24,2025-02-28,45,304.75,6.4375
24,2025-02-28,46,227.875,6.5
24,2025-02-28,47,177.125,2.125
24,2025-02-28,48,327.4375,4.6875
25,2025-03-03,1,18.3125,0.3125
25,2025-03-03,2,11.1875,0.25
25,2025-03-03,3,54.25,2.625
25,2025-03-03,4,1.8125,0.0
25,2025-03-03,5,241.1875,1.875
25,2025-03-03,6,31.5,0.0
25,2025-03-03,7,2.1875,0.0
25,2025-03-03,8,148.8125,5.5
25,2025-03-03,9,19.875,1.75
25,2025-03-03,10,62.375,2.5
25,2025-03-03,11,18.1875,0.1875
25,2025-03-03,12,56.125,2.5625
25,2025-03-03,13,505.3125,16.0625
25,2025-03-03,14,596.875,19.125
25,2025-03-03,15,142.625,3.9375
25,2025-03-03,16,25.0,0.0
25,2025-03-03,17,3.3125,0.0
25,2025-03-03,18,3.0625,0.0
25,2025-03-03,19,141.0625,1.5625
25,2025-03-03,20,120.0625,6.5
25,2025-03-03,21,170.0,8.375
25,2025-03-03,22,163.4375,10.25
25,2025-03-03,23,526.375,26.375
25,2025-03-03,24,57.875,3.4375
25,2025-03-03,25,124.5,4.25
25,2025-03-03,26,33.4375,1.1875
25,2025-03-03,27,86.4375,3.1875
25,2025-03-03,28,8.625,0.0
25,2025-03-03,29,273.375,3.25
25,2025-03-03,30,531.6875,7.75
25,2025-03-03,31,143.6875,8.625
25,2025-03-03,32,183.0,9.25
25,2025-03-03,33,2.75,0.0
25,2025-03-03,34,104.25,5.625
25,2025-03-03,35,3.75,0.0
25,2025-03-03,36,104.625,1.5625
25,2025-03-03,37,153.0625,5.6875
25,2025-03-03,38,272.3125,2.75
25,2025-03-03,39,262.25,11.1875
25,2025-03-03,40,8.8125,0.0
25,2025-03-03,41,20.875,0.3125
25,2025-03-03,42,3.375,0.0
25,2025-03-03,43,165.25,5.375
25,2025-03-03,44,2.5625,0.0
25,2025-03-03,45,243.1875,8.4375
25,2025-03-03,46,175.75,6.1875
25,2025-03-03,47,179.125,8.8125
25,2025-03-03,48,123.5,1.4375
26,2025-03-04,1,50.75,2.875
26,2025-03-04,2,3.875,0.0
26,2025-03-04,3,64.625,2.8125
26,2025-03-04,4,2.3125,0.0
26,2025-03-04,5,199.0625,9.6875
26,2025-03-04,6,253.3125,10.4375
26,2025-03-04,7,26.375,2.125
26,2025-03-04,8,161.625,6.8125
26,2025-03-04,9,9.9375,0.8125
26,2025-03-04,10,42.0625,1.375
26,2025-03-04,11,14.0625,0.0
26,2025-03-04,12,126.875,5.875
26,2025-03-04,13,357.3125,14.0
26,2025-03-04,14,575.125,28.9375
26,2025-03-04,15,120.0625,3.1875
26,2025-03-04,16,40.4375,1.75
26,2025-03-04,17,24.0625,1.8125
26,2025-03-04,18,5.1875,0.0
26,2025-03-04,19,104.75,0.875
26,2025-03-04,20,158.0,6.375
26,2025-03-04,21,229.3125,6.3125
26,2025-03-04,22,161.1875,10.0
26,2025-03-04,23,470.6875,12.1875
26,2025-03-04,24,65.0,0.0
26,2025-03-04,25,105.3125,3.6875
26,2025-03-04,26,11.125,0.25
26,2025-03-04,27,75.8125,3.375
26,2025-03-04,28,46.5625,1.8125
26,2025-03-04,29,385.4375,17.9375
26,2025-03-04,30,529.25,4.0
26,2025-03-04,31,144.125,11.0625
26,2025-03-04,32,170.0,9.375
26,2025-03-04,33,2.5,0.0
26,2025-03-04,34,118.125,6.8125
26,2025-03-04,35,3.1875,0.0
26,2025-03-04,36,49.375,2.75
26,2025-03-04,37,200.8125,9.875
26,2025-03-04,38,220.4375,6.625
26,2025-03-04,39,270.4375,10.0625
26,2025-03-04,40,48.75,5.0625
26,2025-03-04,41,4.0625,0.0
26,2025-03-04,42,3.25,0.0
26,2025-03-04,43,172.1875,0.875
26,2025-03-04,44,13.8125,0.0
26,2025-03-04,45,323.25,15.75
26,2025-03-04,46,197.875,1.1875
26,2025-03-04,47,136.5625,5.625
26,2025-03-04,48,160.75,7.75
27,2025-03-05,1,88.0625,2.3125
27,2025-03-05,2,3.4375,0.0
27,2025-03-05,3,43.0625,0.0
27,2025-03-05,4,1.5,0.0
27,2025-03-05,5,284.75,6.75
27,2025-03-05,6,202.25,6.0625
27,2025-03-05,7,23.8125,0.0
27,2025-03-05,8,123.0625,0.0
27,2025-03-05,9,5.25,0.0
27,2025-03-05,10,60.875,1.9375
27,2025-03-05,11,8.75,0.0
27,2025-03-05,12,130.9375,4.25
27,2025-03-05,13,333.75,14.3125
27,2025-03-05,14,596.75,15.6875
27,2025-03-05,15,49.375,0.1875
27,2025-03-05,16,160.75,8.625
27,2025-03-05,17,2.375,0.0
27,2025-03-05,18,3.5625,0.0
27,2025-03-05,19,126.375,1.3125
27,2025-03-05,20,216.3125,7.6875
27,2025-03-05,21,117.8125,1.75
27,2025-03-05,22,261.0625,8.125
27,2025-03-05,23,471.6875,19.125
27,2025-03-05,24,106.9375,0.0
27,2025-03-05,25,140.125,4.1875
27,2025-03-05,26,7.4375,0.0
27,2025-03-05,27,130.4375,8.25
27,2025-03-05,28,170.375,0.0
27,2025-03-05,29,427.625,18.0625
27,2025-03-05,30,754.8125,16.125
27,2025-03-05,31,172.9375,11.625
27,2025-03-05,32,331.9375,18.4375
27,2025-03-05,33,2.4375,0.0
27,2025-03-05,34,162.5,7.625
27,2025-03-05,35,6.5625,0.0
27,2025-03-05,36,121.25,0.0
27,2025-03-05,37,236.4375,6.6875
27,2025-03-05,38,261.0,7.6875
27,2025-03-05,39,159.0625,7.6875
27,2025-03-05,40,12.75,0.0625
27,2025-03-05,41,4.25,0.0
27,2025-03-05,42,4.25,0.0
27,2025-03-05,43,107.25,4.875
27,2025-03-05,44,4.625,0.0
27,2025-03-05,45,452.75,14.75
27,2025-03-05,46,184.6875,2.4375
27,2025-03-05,47,136.125,5.6875
27,2025-03-05,48,56.375,1.5625
28,2025-03-06,1,96.25,3.5
28,2025-03-06,2,2.4375,0.0
28,2025-03-06,3,40.3125,1.5
28,2025-03-06,4,2.75,0.0
28,2025-03-06,5,351.125,13.1875
28,2025-03-06,6,139.25,2.125
28,2025-03-06,7,9.375,0.0
28,2025-03-06,8,92.75,0.0
28,2025-03-06,9,28.125,1.0625
28,2025-03-06,10,43.625,2.0
28,2025-03-06,11,7.5,0.0
28,2025-03-06,12,134.75,5.8125
28,2025-03-06,13,336.4375,14.375
28,2025-03-06,14,879.375,38.3125
28,2025-03-06,15,22.625,0.0
28,2025-03-06,16,108.9375,5.75
28,2025-03-06,17,6.375,0.0
28,2025-03-06,18,4.0625,0.0
28,2025-03-06,19,121.375,1.0625
28,2025-03-06,20,156.375,6.4375
28,2025-03-06,21,259.625,5.375
28,2025-03-06,22,204.75,2.0
28,2025-03-06,23,489.5625,25.8125
28,2025-03-06,24,146.6875,5.625
28,2025-03-06,25,138.0625,4.5625
28,2025-03-06,26,8.5625,0.0
28,2025-03-06,27,150.375,7.375
28,2025-03-06,28,161.6875,2.4375
28,2025-03-06,29,388.0625,12.0625
28,2025-03-06,30,572.5625,8.75
28,2025-03-06,31,150.5625,6.0625
28,2025-03-06,32,375.1875,19.8125
28,2025-03-06,33,2.4375,0.0
28,2025-03-06,34,210.875,8.4375
28,2025-03-06,35,3.6875,0.0
28,2025-03-06,36,118.5,6.625
28,2025-03-06,37,342.125,5.25
28,2025-03-06,38,450.375,16.8125
28,2025-03-06,39,142.6875,10.625
28,2025-03-06,40,3.25,0.0
28,2025-03-06,41,4.6875,0.0
28,2025-03-06,42,13.875,0.0
28,2025-03-06,43,124.8125,0.0
28,2025-03-06,44,3.25,0.0
28,2025-03-06,45,401.4375,15.25
28,2025-03-06,46,214.0,3.125
28,2025-03-06,47,179.875,9.8125
28,2025-03-06,48,74.3125,0.0
29,2025-03-10,1,70.3125,1.5625
29,2025-03-10,2,3.25,0.0
29,2025-03-10,3,65.1875,0.8125
29,2025-03-10,4,3.125,0.0
29,2025-03-10,5,452.0,14.25
29,2025-03-10,6,135.0,0.4375
29,2025-03-10,7,5.0,0.0
29,2025-03-10,8,128.5,8.75
29,2025-03-10,9,3.4375,0.0
29,2025-03-10,10,247.4375,3.375
29,2025-03-10,11,23.1875,0.6875
29,2025-03-10,12,158.25,4.5
29,2025-03-10,13,537.25,29.5
29,2025-03-10,14,1005.8125,62.25
29,2025-03-10,15,96.375,4.9375
29,2025-03-10,16,234.0,11.3125
29,2025-03-10,17,84.5,0.0
29,2025-03-10,18,13.3125,0.3125
29,2025-03-10,19,266.1875,5.5625
29,2025-03-10,20,273.5,8.9375
29,2025-03-10,21,477.4375,17.125
29,2025-03-10,22,644.1875,31.0625
29,2025-03-10,23,348.1875,16.5
29,2025-03-10,24,3.0,0.0
29,2025-03-10,25,162.6875,1.9375
29,2025-03-10,26,2.25,0.0
29,2025-03-10,27,206.5625,2.3125
29,2025-03-10,28,14.125,0.0625
29,2025-03-10,29,388.5625,5.0625
29,2025-03-10,30,561.875,10.5625
29,2025-03-10,31,336.1875,0.0
29,2025-03-10,32,195.5,7.5625
29,2025-03-10,33,2.0625,0.0
29,2025-03-10,34,68.0625,2.0625
29,2025-03-10,35,65.5625,2.3125
29,2025-03-10,36,269.0625,6.375
29,2025-03-10,37,641.9375,18.0625
29,2025-03-10,38,366.8125,16.9375
29,2025-03-10,39,201.6875,12.5
29,2025-03-10,40,35.625,1.5
29,2025-03-10,41,3.5,0.0
29,2025-03-10,42,81.8125,3.125
29,2025-03-10,43,124.75,3.0625
29,2025-03-10,44,1.625,0.0
29,2025-03-10,45,451.6875,18.3125
29,2025-03-10,46,321.875,10.4375
29,2025-03-10,47,154.625,10.5
29,2025-03-10,48,43.875,0.0
30,2025-03-12,1,113.1875,2.3125
30,2025-03-12,2,3.875,0.0
30,2025-03-12,3,74.875,2.4375
30,2025-03-12,4,8.25,0.0
30,2025-03-12,5,316.3125,18.5
30,2025-03-12,6,129.75,4.625
30,2025-03-12,7,14.0625,0.0
30,2025-03-12,8,166.5625,2.0625
30,2025-03-12,9,12.4375,0.0
30,2025-03-12,10,246.1875,8.3125
30,2025-03-12,11,23.0625,0.375
30,2025-03-12,12,108.0,4.25
30,2025-03-12,13,879.5,28.25
30,2025-03-12,14,759.25,30.875
30,2025-03-12,15,35.125,1.125
30,2025-03-12,16,153.3125,6.4375
30,2025-03-12,17,41.125,1.625
30,2025-03-12,18,28.1875,1.25
30,2025-03-12,19,184.1875,2.3125
30,2025-03-12,20,321.625,8.25
30,2025-03-12,21,585.125,25.0625
30,2025-03-12,22,692.9375,25.125
30,2025-03-12,23,392.75,11.1875
30,2025-03-12,24,1.9375,0.0
30,2025-03-12,25,155.875,4.1875
30,2025-03-12,26,1.9375,0.0
30,2025-03-12,27,241.5,3.8125
30,2025-03-12,28,9.6875,0.0
30,2025-03-12,29,476.25,1.0
30,2025-03-12,30,341.5625,0.0
30,2025-03-12,31,468.875,27.4375
30,2025-03-12,32,144.6875,3.75
30,2025-03-12,33,3.25,0.0
30,2025-03-12,34,5.1875,0.0
30,2025-03-12,35,13.875,0.0625
30,2025-03-12,36,329.6875,0.1875
30,2025-03-12,37,585.75,3.3125
30,2025-03-12,38,334.5,9.4375
30,2025-03-12,39,120.1875,0.0
30,2025-03-12,40,98.25,3.1875
30,2025-03-12,41,2.75,0.0
30,2025-03-12,42,64.9375,1.625
30,2025-03-12,43,82.1875,1.5
30,2025-03-12,44,1.75,0.0
30,2025-03-12,45,482.375,30.8125
30,2025-03-12,46,225.0625,9.5
30,2025-03-12,47,26.75,0.0625
30,2025-03-12,48,90.0,4.5625
31,2025-03-13,1,85.4375,2.3125
31,2025-03-13,2,1.875,0.0
31,2025-03-13,3,112.5,3.6875
31,2025-03-13,4,27.6875,0.625
31,2025-03-13,5,225.8125,9.625
31,2025-03-13,6,319.1875,6.0625
31,2025-03-13,7,5.5,0.0
31,2025-03-13,8,137.6875,2.375
31,2025-03-13,9,3.1875,0.0
31,2025-03-13,10,301.3125,16.9375
31,2025-03-13,11,27.0,0.3125
31,2025-03-13,12,137.5,4.375
31,2025-03-13,13,789.125,41.375
31,2025-03-13,14,933.5,48.1875
31,2025-03-13,15,53.4375,0.6875
31,2025-03-13,16,195.5625,14.1875
31,2025-03-13,17,29.1875,0.9375
31,2025-03-13,18,24.9375,0.6875
31,2025-03-13,19,226.25,2.75
31,2025-03-13,20,361.6875,12.6875
31,2025-03-13,21,905.9375,32.5625
31,2025-03-13,22,657.9375,34.1875
31,2025-03-13,23,558.25,18.25
31,2025-03-13,24,2.4375,0.0
31,2025-03-13,25,137.6875,2.0
31,2025-03-13,26,6.8125,0.0625
31,2025-03-13,27,186.8125,7.375
31,2025-03-13,28,25.375,0.75
31,2025-03-13,29,385.6875,16.625
31,2025-03-13,30,471.4375,4.3125
31,2025-03-13,31,421.8125,23.8125
31,2025-03-13,32,152.9375,6.9375
31,2025-03-13,33,4.4375,0.0
31,2025-03-13,34,5.125,0.0
31,2025-03-13,35,112.875,3.625
31,2025-03-13,36,167.4375,8.625
31,2025-03-13,37,779.125,23.3125
31,2025-03-13,38,485.3125,21.8125
31,2025-03-13,39,14.3125,0.0
31,2025-03-13,40,110.8125,6.1875
31,2025-03-13,41,10.25,0.3125
31,2025-03-13,42,39.8125,1.0625
31,2025-03-13,43,69.375,2.625
31,2025-03-13,44,2.25,0.0
31,2025-03-13,45,485.1875,25.9375
31,2025-03-13,46,339.375,16.0625
31,2025-03-13,47,31.5625,0.0
31,2025-03-13,48,81.0,0.0
32,2025-03-14,1,84.4375,1.8125
32,2025-03-14,2,4.875,0.0
32,2025-03-14,3,57.5,2.5625
32,2025-03-14,4,24.75,0.0625
32,2025-03-14,5,101.6875,0.375
32,2025-03-14,6,316.5,5.4375
32,2025-03-14,7,7.1875,0.0
32,2025-03-14,8,110.4375,0.0
32,2025-03-14,9,3.0625,0.0
32,2025-03-14,10,260.0,10.4375
32,2025-03-14,11,32.9375,0.875
32,2025-03-14,12,241.0,5.8125
32,2025-03-14,13,870.6875,23.3125
32,2025-03-14,14,1131.9375,52.5625
32,2025-03-14,15,57.5,4.375
32,2025-03-14,16,261.125,8.4375
32,2025-03-14,17,41.8125,2.9375
32,2025-03-14,18,116.625,4.625
32,2025-03-14,19,256.75,2.75
32,2025-03-14,20,362.5625,9.0625
32,2025-03-14,21,1033.6875,25.25
32,2025-03-14,22,875.75,11.0
32,2025-03-14,23,508.1875,17.8125
32,2025-03-14,24,2.375,0.0
32,2025-03-14,25,137.625,3.25
32,2025-03-14,26,2.375,0.0
32,2025-03-14,27,193.0,2.1875
32,2025-03-14,28,50.75,2.125
32,2025-03-14,29,521.8125,20.5625
32,2025-03-14,30,262.1875,7.5
32,2025-03-14,31,427.8125,8.4375
32,2025-03-14,32,147.5625,7.375
32,2025-03-14,33,10.4375,0.0
32,2025-03-14,34,9.625,0.0
32,2025-03-14,35,33.0,0.625
32,2025-03-14,36,226.5625,8.5625
32,2025-03-14,37,369.6875,11.5
32,2025-03-14,38,463.5625,10.1875
32,2025-03-14,39,112.5,3.0
32,2025-03-14,40,132.1875,1.5
32,2025-03-14,41,26.5,0.625
32,2025-03-14,42,73.6875,1.9375
32,2025-03-14,43,74.4375,3.75
32,2025-03-14,44,2.25,0.0
32,2025-03-14,45,481.5,10.25
32,2025-03-14,46,307.3125,7.1875
32,2025-03-14,47,50.25,0.0
32,2025-03-14,48,49.5,0.0
33,2025-03-17,1,52.625,1.125
33,2025-03-17,2,10.5,0.0
33,2025-03-17,3,11.6875,0.0625
33,2025-03-17,4,2.6875,0.0
33,2025-03-17,5,101.0,1.625
33,2025-03-17,6,225.375,4.4375
33,2025-03-17,7,44.6875,3.3125
33,2025-03-17,8,120.25,2.6875
33,2025-03-17,9,2.1875,0.0
33,2025-03-17,10,32.0625,1.25
33,2025-03-17,11,2.125,0.0
33,2025-03-17,12,118.75,3.75
33,2025-03-17,13,204.75,5.875
33,2025-03-17,14,617.4375,38.875
33,2025-03-17,15,1.25,0.0
33,2025-03-17,16,29.5625,0.1875
33,2025-03-17,17,16.0,0.0
33,2025-03-17,18,108.0,3.125
33,2025-03-17,19,105.4375,4.5
33,2025-03-17,20,54.25,1.4375
33,2025-03-17,21,638.9375,16.0
33,2025-03-17,22,480.3125,20.875
33,2025-03-17,23,96.0625,3.75
33,2025-03-17,24,2.75,0.0
33,2025-03-17,25,111.8125,2.75
33,2025-03-17,26,1.5625,0.0
33,2025-03-17,27,10.0,0.0625
33,2025-03-17,28,82.3125,1.75
33,2025-03-17,29,251.0625,11.6875
33,2025-03-17,30,333.9375,0.0
33,2025-03-17,31,323.9375,19.6875
33,2025-03-17,32,144.4375,9.1875
33,2025-03-17,33,1.5625,0.0
33,2025-03-17,34,1.875,0.0
33,2025-03-17,35,20.5625,0.875
33,2025-03-17,36,2.4375,0.0
33,2025-03-17,37,183.8125,3.25
33,2025-03-17,38,356.3125,14.3125
33,2025-03-17,39,24.3125,0.0
33,2025-03-17,40,1.8125,0.0
33,2025-03-17,41,24.75,1.0625
33,2025-03-17,42,8.5625,0.125
33,2025-03-17,43,54.0,1.5625
33,2025-03-17,44,2.1875,0.0
33,2025-03-17,45,601.5,34.9375
33,2025-03-17,46,155.1875,6.3125
33,2025-03-17,47,88.125,0.125
33,2025-03-17,48,18.4375,0.0
34,2025-03-18,1,105.6875,3.375
34,2025-03-18,2,12.4375,0.4375
34,2025-03-18,3,62.75,1.5
34,2025-03-18,4,15.5,0.3125
34,2025-03-18,5,440.75,16.375
34,2025-03-18,6,395.625,20.375
34,2025-03-18,7,35.6875,0.125
34,2025-03-18,8,165.9375,11.25
34,2025-03-18,9,2.1875,0.0
34,2025-03-18,10,65.125,1.5
34,2025-03-18,11,48.8125,1.9375
34,2025-03-18,12,284.125,5.5
34,2025-03-18,13,498.1875,8.125
34,2025-03-18,14,1198.875,59.5625
34,2025-03-18,15,3.5625,0.0
34,2025-03-18,16,29.8125,1.25
34,2025-03-18,17,43.4375,1.5625
34,2025-03-18,18,92.8125,4.6875
34,2025-03-18,19,261.9375,2.625
34,2025-03-18,20,169.0625,6.375
34,2025-03-18,21,1183.125,51.125
34,2025-03-18,22,287.8125,12.5625
34,2025-03-18,23,332.0,7.75
34,2025-03-18,24,2.3125,0.0
34,2025-03-18,25,156.75,4.8125
34,2025-03-18,26,29.625,1.4375
34,2025-03-18,27,37.375,1.5
34,2025-03-18,28,149.25,3.5
34,2025-03-18,29,740.9375,21.75
34,2025-03-18,30,578.6875,4.875
34,2025-03-18,31,520.6875,0.4375
34,2025-03-18,32,165.625,0.5625
34,2025-03-18,33,11.8125,0.0
34,2025-03-18,34,3.0625,0.0
34,2025-03-18,35,135.125,4.625
34,2025-03-18,36,2.0,0.0
34,2025-03-18,37,952.5625,37.0625
34,2025-03-18,38,491.9375,18.5
34,2025-03-18,39,394.6875,14.75
34,2025-03-18,40,47.125,2.5625
34,2025-03-18,41,23.1875,0.75
34,2025-03-18,42,57.375,1.5
34,2025-03-18,43,45.75,0.0
34,2025-03-18,44,1.9375,0.0
34,2025-03-18,45,791.125,29.6875
34,2025-03-18,46,398.9375,14.4375
34,2025-03-18,47,143.875,1.0625
34,2025-03-18,48,71.0,0.0
35,2025-03-19,1,70.5,1.125
35,2025-03-19,2,5.625,0.0
35,2025-03-19,3,92.5,3.375
35,2025-03-19,4,15.875,0.5
35,2025-03-19,5,336.6875,11.3125
35,2025-03-19,6,724.375,43.375
35,2025-03-19,7,2.25,0.0
35,2025-03-19,8,213.0,6.4375
35,2025-03-19,9,2.75,0.0
35,2025-03-19,10,96.875,2.0
35,2025-03-19,11,44.25,1.4375
35,2025-03-19,12,268.25,5.5625
35,2025-03-19,13,346.25,1.6875
35,2025-03-19,14,922.875,36.8125
35,2025-03-19,15,2.25,0.0
35,2025-03-19,16,5.1875,0.0
35,2025-03-19,17,43.8125,1.5
35,2025-03-19,18,66.875,1.75
35,2025-03-19,19,309.4375,2.875
35,2025-03-19,20,186.6875,5.4375
35,2025-03-19,21,1050.8125,41.375
35,2025-03-19,22,235.5,14.875
35,2025-03-19,23,413.375,3.9375
35,2025-03-19,24,2.3125,0.0
35,2025-03-19,25,141.625,4.75
35,2025-03-19,26,3.125,0.0
35,2025-03-19,27,37.6875,1.4375
35,2025-03-19,28,142.5625,0.0
35,2025-03-19,29,852.1875,37.75
35,2025-03-19,30,615.625,20.3125
35,2025-03-19,31,392.125,18.625
35,2025-03-19,32,135.1875,8.0625
35,2025-03-19,33,3.625,0.0
35,2025-03-19,34,3.75,0.0
35,2025-03-19,35,175.125,8.0
35,2025-03-19,36,2.875,0.0
35,2025-03-19,37,1051.6875,33.0
35,2025-03-19,38,275.125,15.5625
35,2025-03-19,39,351.9375,16.0625
35,2025-03-19,40,67.1875,4.875
35,2025-03-19,41,21.6875,1.125
35,2025-03-19,42,83.0,2.3125
35,2025-03-19,43,61.8125,0.0
35,2025-03-19,44,2.6875,0.0
35,2025-03-19,45,700.75,28.75
35,2025-03-19,46,430.125,6.4375
35,2025-03-19,47,34.1875,0.0
35,2025-03-19,48,90.5625,4.8125
36,2025-03-20,1,67.625,1.0
36,2025-03-20,2,4.375,0.0
36,2025-03-20,3,87.0625,3.4375
36,2025-03-20,4,37.0,1.25
36,2025-03-20,5,241.75,10.875
36,2025-03-20,6,709.9375,43.5625
36,2025-03-20,7,89.5625,4.375
36,2025-03-20,8,175.625,6.875
36,2025-03-20,9,2.5,0.0
36,2025-03-20,10,97.9375,1.4375
36,2025-03-20,11,65.375,2.4375
36,2025-03-20,12,317.5625,8.4375
36,2025-03-20,13,334.3125,13.8125
36,2025-03-20,14,927.1875,24.625
36,2025-03-20,15,2.625,0.0
36,2025-03-20,16,4.6875,0.0
36,2025-03-20,17,44.0625,1.875
36,2025-03-20,18,89.9375,4.125
36,2025-03-20,19,285.5,7.1875
36,2025-03-20,20,159.0,5.6875
36,2025-03-20,21,1237.9375,74.0625
36,2025-03-20,22,35.9375,0.0
36,2025-03-20,23,345.25,1.125
36,2025-03-20,24,2.75,0.0
36,2025-03-20,25,151.625,2.875
36,2025-03-20,26,2.3125,0.0
36,2025-03-20,27,26.4375,1.0625
36,2025-03-20,28,151.1875,3.125
36,2025-03-20,29,608.0,32.6875
36,2025-03-20,30,513.3125,22.25
36,2025-03-20,31,439.875,5.125
36,2025-03-20,32,187.6875,0.4375
36,2025-03-20,33,3.0625,0.0
36,2025-03-20,34,3.8125,0.0
36,2025-03-20,35,193.125,1.9375
36,2025-03-20,36,2.125,0.0
36,2025-03-20,37,908.25,29.125
36,2025-03-20,38,333.875,19.625
36,2025-03-20,39,113.0625,1.375
36,2025-03-20,40,102.0625,4.375
36,2025-03-20,41,2.0625,0.0
36,2025-03-20,42,71.375,1.8125
36,2025-03-20,43,10.0,0.0625
36,2025-03-20,44,2.4375,0.0
36,2025-03-20,45,689.625,44.1875
36,2025-03-20,46,292.125,9.375
36,2025-03-20,47,90.0,2.6875
36,2025-03-20,48,131.0625,4.625
37,2025-03-21,1,65.375,1.5
37,2025-03-21,2,91.9375,2.375
37,2025-03-21,3,102.0,3.8125
37,2025-03-21,4,19.625,0.75
37,2025-03-21,5,274.9375,10.625
37,2025-03-21,6,557.125,22.9375
37,2025-03-21,7,27.8125,0.875
37,2025-03-21,8,217.25,12.625
37,2025-03-21,9,2.1875,0.0
37,2025-03-21,10,111.5,2.6875
37,2025-03-21,11,53.4375,2.9375
37,2025-03-21,12,254.3125,6.625
37,2025-03-21,13,504.625,11.6875
37,2025-03-21,14,990.375,15.5625
37,2025-03-21,15,2.125,0.0
37,2025-03-21,16,32.1875,0.0
37,2025-03-21,17,45.125,1.3125
37,2025-03-21,18,128.125,6.8125
37,2025-03-21,19,341.3125,2.9375
37,2025-03-21,20,181.375,3.125
37,2025-03-21,21,1151.1875,13.5625
37,2025-03-21,22,75.0,0.1875
37,2025-03-21,23,380.625,10.875
37,2025-03-21,24,2.3125,0.0
37,2025-03-21,25,136.875,4.875
37,2025-03-21,26,2.3125,0.0
37,2025-03-21,27,61.1875,1.375
37,2025-03-21,28,195.125,5.375
37,2025-03-21,29,637.625,26.5
37,2025-03-21,30,489.75,0.875
37,2025-03-21,31,460.875,13.0625
37,2025-03-21,32,76.875,0.0
37,2025-03-21,33,6.1875,0.0
37,2025-03-21,34,4.4375,0.0
37,2025-03-21,35,221.9375,5.875
37,2025-03-21,36,1.625,0.0
37,2025-03-21,37,675.8125,17.375
37,2025-03-21,38,599.0625,22.5625
37,2025-03-21,39,75.625,1.875
37,2025-03-21,40,102.0,6.0625
37,2025-03-21,41,3.5,0.0
37,2025-03-21,42,212.3125,7.0
37,2025-03-21,43,3.125,0.0
37,2025-03-21,44,2.0625,0.0
37,2025-03-21,45,304.25,0.0
37,2025-03-21,46,182.375,11.5
37,2025-03-21,47,73.0625,2.9375
37,2025-03-21,48,102.375,0.4375
38,2025-03-24,1,63.9375,1.4375
38,2025-03-24,2,4.9375,0.0
38,2025-03-24,3,33.0,0.5625
38,2025-03-24,4,41.0625,1.375
38,2025-03-24,5,207.5625,6.875
38,2025-03-24,6,326.6875,11.9375
38,2025-03-24,7,135.0,5.125
38,2025-03-24,8,211.375,7.375
38,2025-03-24,9,3.375,0.0
38,2025-03-24,10,61.8125,1.4375
38,2025-03-24,11,46.6875,2.4375
38,2025-03-24,12,249.75,6.375
38,2025-03-24,13,350.5,2.4375
38,2025-03-24,14,917.6875,52.8125
38,2025-03-24,15,2.8125,0.0
38,2025-03-24,16,56.125,0.0
38,2025-03-24,17,19.75,0.4375
38,2025-03-24,18,112.6875,5.5625
38,2025-03-24,19,299.375,8.875
38,2025-03-24,20,205.4375,6.125
38,2025-03-24,21,935.5625,42.3125
38,2025-03-24,22,2.375,0.0
38,2025-03-24,23,333.8125,10.125
38,2025-03-24,24,1.6875,0.0
38,2025-03-24,25,90.6875,1.5625
38,2025-03-24,26,15.5625,0.3125
38,2025-03-24,27,92.1875,2.375
38,2025-03-24,28,135.3125,2.6875
38,2025-03-24,29,630.6875,10.3125
38,2025-03-24,30,464.625,13.6875
38,2025-03-24,31,723.3125,6.3125
38,2025-03-24,32,4.0,0.0
38,2025-03-24,33,23.6875,1.125
38,2025-03-24,34,2.625,0.0
38,2025-03-24,35,304.5625,6.75
38,2025-03-24,36,2.875,0.0
38,2025-03-24,37,174.5,2.9375
38,2025-03-24,38,351.4375,17.9375
38,2025-03-24,39,109.9375,3.125
38,2025-03-24,40,10.6875,0.0
38,2025-03-24,41,78.5625,2.75
38,2025-03-24,42,34.4375,0.9375
38,2025-03-24,43,2.4375,0.0
38,2025-03-24,44,2.3125,0.0
38,2025-03-24,45,23.5625,1.0625
38,2025-03-24,46,311.6875,18.4375
38,2025-03-24,47,28.3125,1.4375
38,2025-03-24,48,66.25,0.125
39,2025-03-25,1,72.0625,1.75
39,2025-03-25,2,37.0625,1.125
39,2025-03-25,3,104.625,7.9375
39,2025-03-25,4,66.125,3.125
39,2025-03-25,5,202.5,2.8125
39,2025-03-25,6,224.0,14.0625
39,2025-03-25,7,104.3125,5.3125
39,2025-03-25,8,105.1875,0.0625
39,2025-03-25,9,2.875,0.0
39,2025-03-25,10,50.8125,1.3125
39,2025-03-25,11,69.625,4.3125
39,2025-03-25,12,212.1875,7.6875
39,2025-03-25,13,385.8125,3.3125
39,2025-03-25,14,938.8125,49.875
39,2025-03-25,15,3.875,0.0
39,2025-03-25,16,12.9375,0.0
39,2025-03-25,17,20.875,0.4375
39,2025-03-25,18,5.625,0.0
39,2025-03-25,19,205.9375,4.8125
39,2025-03-25,20,91.5,3.0
39,2025-03-25,21,1023.4375,30.0
39,2025-03-25,22,1.875,0.0
39,2025-03-25,23,291.3125,17.0
39,2025-03-25,24,1.875,0.0
39,2025-03-25,25,90.5625,1.875
39,2025-03-25,26,2.25,0.0
39,2025-03-25,27,94.375,4.375
39,2025-03-25,28,103.4375,2.5625
39,2025-03-25,29,910.1875,29.5625
39,2025-03-25,30,416.1875,16.5
39,2025-03-25,31,622.5625,8.125
39,2025-03-25,32,2.125,0.0
39,2025-03-25,33,14.1875,0.25
39,2025-03-25,34,22.125,0.8125
39,2025-03-25,35,191.5,6.4375
39,2025-03-25,36,2.25,0.0
39,2025-03-25,37,132.6875,0.25
39,2025-03-25,38,236.125,11.8125
39,2025-03-25,39,104.5625,5.6875
39,2025-03-25,40,210.0625,9.25
39,2025-03-25,41,57.8125,0.9375
39,2025-03-25,42,14.9375,0.5625
39,2025-03-25,43,2.125,0.0
39,2025-03-25,44,5.6875,0.0
39,2025-03-25,45,6.25,0.0
39,2025-03-25,46,622.125,23.6875
39,2025-03-25,47,179.125,14.4375
39,2025-03-25,48,146.75,3.625
40,2025-03-26,1,64.4375,1.6875
40,2025-03-26,2,13.25,0.375
40,2025-03-26,3,54.8125,2.5
40,2025-03-26,4,79.6875,3.125
40,2025-03-26,5,125.5,5.875
40,2025-03-26,6,137.875,1.8125
40,2025-03-26,7,276.3125,11.0
40,2025-03-26,8,102.3125,0.0
40,2025-03-26,9,2.0625,0.0
40,2025-03-26,10,34.6875,1.0625
40,2025-03-26,11,79.25,3.9375
40,2025-03-26,12,240.5625,5.5
40,2025-03-26,13,295.875,1.0625
40,2025-03-26,14,964.4375,56.8125
40,2025-03-26,15,3.1875,0.0
40,2025-03-26,16,9.1875,0.0
40,2025-03-26,17,17.8125,0.25
40,2025-03-26,18,5.3125,0.0
40,2025-03-26,19,210.0,5.1875
40,2025-03-26,20,102.875,3.0625
40,2025-03-26,21,1077.1875,44.1875
40,2025-03-26,22,2.4375,0.0
40,2025-03-26,23,397.6875,0.0
40,2025-03-26,24,2.5,0.0
40,2025-03-26,25,66.6875,1.0
40,2025-03-26,26,3.0625,0.0
40,2025-03-26,27,98.8125,2.1875
40,2025-03-26,28,115.5,2.1875
40,2025-03-26,29,1007.0,38.9375
40,2025-03-26,30,524.1875,6.4375
40,2025-03-26,31,593.5,13.1875
40,2025-03-26,32,2.0,0.0
40,2025-03-26,33,18.8125,0.4375
40,2025-03-26,34,9.5625,0.1875
40,2025-03-26,35,180.625,5.5625
40,2025-03-26,36,2.3125,0.0
40,2025-03-26,37,41.1875,0.1875
40,2025-03-26,38,329.9375,14.0625
40,2025-03-26,39,27.5625,0.0
40,2025-03-26,40,118.0625,9.375
40,2025-03-26,41,47.4375,1.0625
40,2025-03-26,42,23.8125,0.8125
40,2025-03-26,43,2.4375,0.0
40,2025-03-26,44,3.1875,0.0
40,2025-03-26,45,2.9375,0.0
40,2025-03-26,46,577.0,14.1875
40,2025-03-26,47,63.9375,2.4375
40,2025-03-26,48,110.8125,0.75
41,2025-03-27,1,67.3125,1.6875
41,2025-03-27,2,16.5,0.4375
41,2025-03-27,3,77.625,0.3125
41,2025-03-27,4,50.875,1.0
41,2025-03-27,5,7.9375,0.0
41,2025-03-27,6,249.8125,0.0
41,2025-03-27,7,85.5,0.0
41,2025-03-27,8,99.8125,1.125
41,2025-03-27,9,1.9375,0.0
41,2025-03-27,10,55.375,1.4375
41,2025-03-27,11,104.375,6.1875
41,2025-03-27,12,322.6875,3.5
41,2025-03-27,13,329.6875,5.25
41,2025-03-27,14,1175.25,57.5
41,2025-03-27,15,2.625,0.0
41,2025-03-27,16,12.625,0.0
41,2025-03-27,17,11.125,0.0625
41,2025-03-27,18,20.9375,1.0
41,2025-03-27,19,272.4375,5.8125
41,2025-03-27,20,120.625,4.6875
41,2025-03-27,21,1108.1875,26.6875
41,2025-03-27,22,2.9375,0.0
41,2025-03-27,23,332.5,10.375
41,2025-03-27,24,2.9375,0.0
41,2025-03-27,25,81.5625,1.3125
41,2025-03-27,26,4.625,0.0625
41,2025-03-27,27,173.5,7.0
41,2025-03-27,28,127.4375,2.5
41,2025-03-27,29,789.4375,51.4375
41,2025-03-27,30,500.75,29.0
41,2025-03-27,31,364.4375,0.0625
41,2025-03-27,32,3.4375,0.0
41,2025-03-27,33,23.8125,1.1875
41,2025-03-27,34,4.4375,0.0
41,2025-03-27,35,244.4375,6.4375
41,2025-03-27,36,1.875,0.0
41,2025-03-27,37,63.0625,0.0
41,2025-03-27,38,256.25,11.625
41,2025-03-27,39,35.8125,0.0625
41,2025-03-27,40,11.6875,0.0
41,2025-03-27,41,45.5,0.9375
41,2025-03-27,42,42.5,0.875
41,2025-03-27,43,2.75,0.0
41,2025-03-27,44,2.0,0.0
41,2025-03-27,45,2.25,0.0
41,2025-03-27,46,539.5625,20.3125
41,2025-03-27,47,29.25,1.0625
41,2025-03-27,48,175.5,5.875
