well,electrode,mean_spikes,median_spikes,std_spikes,min_spikes,max_spikes,total_spikes,frac_nonzero,n_measurements
1,1,1.3333333333333333,1.0,1.3743685418725535,0.0,4.0,8,0.6666666666666666,6
1,2,22.833333333333332,2.0,30.623611079615607,0.0,70.0,137,0.8333333333333334,6
1,3,1.0,0.0,1.5275252316519468,0.0,4.0,6,0.3333333333333333,6
1,4,68.0,53.5,33.17127271199182,36.0,114.0,408,1.0,6
1,5,0.8333333333333334,1.0,0.37267799624996495,0.0,1.0,5,0.8333333333333334,6
1,6,1.0,0.5,1.4142135623730951,0.0,4.0,6,0.5,6
1,7,3.6666666666666665,1.0,4.384315479321969,0.0,12.0,22,0.8333333333333334,6
1,8,1.6666666666666667,1.5,1.247219128924647,0.0,4.0,10,0.8333333333333334,6
1,9,6.166666666666667,2.5,8.153049872423338,1.0,24.0,37,1.0,6
1,10,1.5,1.0,1.118033988749895,0.0,3.0,9,0.8333333333333334,6
1,11,1.5,1.5,1.2583057392117916,0.0,3.0,9,0.6666666666666666,6
1,12,1.0,0.5,1.1547005383792515,0.0,3.0,6,0.5,6
1,13,1.3333333333333333,1.0,1.3743685418725538,0.0,4.0,8,0.6666666666666666,6
1,14,1.6666666666666667,1.5,1.1055415967851334,0.0,3.0,10,0.8333333333333334,6
1,15,2.0,1.5,1.1547005383792515,1.0,4.0,12,1.0,6
1,16,2.0,2.0,1.0,1.0,4.0,12,1.0,6
2,1,1.6666666666666667,2.0,1.247219128924647,0.0,3.0,10,0.6666666666666666,6
2,2,4.666666666666667,2.0,7.386173268720111,0.0,21.0,28,0.6666666666666666,6
2,3,1.6666666666666667,1.0,1.1055415967851332,1.0,4.0,10,1.0,6
2,4,1.5,1.0,1.2583057392117916,0.0,4.0,9,0.8333333333333334,6
2,5,36.833333333333336,16.5,43.88400113430355,2.0,126.0,221,1.0,6
2,6,1.0,1.0,1.0,0.0,3.0,6,0.6666666666666666,6
2,7,1.5,1.0,0.7637626158259734,1.0,3.0,9,1.0,6
2,8,4.166666666666667,3.5,2.91070819942883,1.0,10.0,25,1.0,6
2,9,20.833333333333332,1.0,43.91057832560269,0.0,119.0,125,0.8333333333333334,6
2,10,1.8333333333333333,2.0,1.2133516482134197,0.0,3.0,11,0.8333333333333334,6
2,11,0.8333333333333334,1.0,0.6871842709362768,0.0,2.0,5,0.6666666666666666,6
2,12,1.1666666666666667,1.5,0.8975274678557508,0.0,2.0,7,0.6666666666666666,6
2,13,1.8333333333333333,1.5,1.5723301886761007,0.0,5.0,11,0.8333333333333334,6
2,14,2.8333333333333335,2.5,1.7716909687891083,1.0,6.0,17,1.0,6
2,15,1.3333333333333333,1.0,0.7453559924999299,1.0,3.0,8,1.0,6
2,16,1.8333333333333333,2.0,1.2133516482134201,0.0,4.0,11,0.8333333333333334,6
3,1,1.8333333333333333,2.0,1.0671873729054748,0.0,3.0,11,0.8333333333333334,6
3,2,1.1666666666666667,1.0,1.0671873729054748,0.0,3.0,7,0.6666666666666666,6
3,3,3.3333333333333335,2.0,3.1972210155418126,1.0,10.0,20,1.0,6
3,4,1.5,1.5,0.9574271077563381,0.0,3.0,9,0.8333333333333334,6
3,5,1.8333333333333333,2.5,1.3437096247164249,0.0,3.0,11,0.6666666666666666,6
3,6,25.5,4.5,32.66369034060094,1.0,83.0,153,1.0,6
3,7,1.8333333333333333,1.5,1.7716909687891083,0.0,5.0,11,0.6666666666666666,6
3,8,1.3333333333333333,1.0,1.3743685418725538,0.0,4.0,8,0.6666666666666666,6
3,9,3.1666666666666665,2.5,2.9107081994288304,0.0,9.0,19,0.8333333333333334,6
3,10,8.0,6.0,6.904105059069326,1.0,21.0,48,1.0,6
3,11,9.666666666666666,3.5,15.140086598901018,0.0,43.0,58,0.8333333333333334,6
3,12,0.8333333333333334,0.5,0.8975274678557507,0.0,2.0,5,0.5,6
3,13,1.1666666666666667,0.5,1.3437096247164249,0.0,3.0,7,0.5,6
3,14,0.6666666666666666,0.5,0.74535599249993,0.0,2.0,4,0.5,6
3,15,1.6666666666666667,2.0,0.9428090415820634,0.0,3.0,10,0.8333333333333334,6
3,16,1.6666666666666667,1.5,1.247219128924647,0.0,4.0,10,0.8333333333333334,6
4,1,1.5,1.5,0.9574271077563381,0.0,3.0,9,0.8333333333333334,6
4,2,2.0,1.5,1.632993161855452,0.0,5.0,12,0.8333333333333334,6
4,3,2.1666666666666665,2.5,0.8975274678557507,1.0,3.0,13,1.0,6
4,4,1.1666666666666667,1.0,0.3726779962499649,1.0,2.0,7,1.0,6
4,5,1.6666666666666667,1.0,1.1055415967851332,1.0,4.0,10,1.0,6
4,6,2.5,2.0,1.118033988749895,1.0,4.0,15,1.0,6
4,7,1.6666666666666667,1.5,1.4907119849998596,0.0,4.0,10,0.6666666666666666,6
4,8,0.6666666666666666,0.5,0.74535599249993,0.0,2.0,4,0.5,6
4,9,1.6666666666666667,1.5,0.7453559924999299,1.0,3.0,10,1.0,6
4,10,1.3333333333333333,1.5,1.1055415967851334,0.0,3.0,8,0.6666666666666666,6
4,11,0.8333333333333334,1.0,0.6871842709362768,0.0,2.0,5,0.6666666666666666,6
4,12,1.5,1.0,1.8027756377319946,0.0,5.0,9,0.5,6
4,13,1.5,2.0,0.7637626158259734,0.0,2.0,9,0.8333333333333334,6
4,14,1.1666666666666667,1.0,0.6871842709362768,0.0,2.0,7,0.8333333333333334,6
4,15,1.0,1.0,0.816496580927726,0.0,2.0,6,0.6666666666666666,6
4,16,2.0,2.0,1.4142135623730951,0.0,4.0,12,0.8333333333333334,6
5,1,0.6666666666666666,1.0,0.4714045207910317,0.0,1.0,4,0.6666666666666666,6
5,2,0.8333333333333334,1.0,0.6871842709362768,0.0,2.0,5,0.6666666666666666,6
5,3,1.0,1.0,0.5773502691896257,0.0,2.0,6,0.8333333333333334,6
5,4,2.1666666666666665,2.0,1.3437096247164249,1.0,5.0,13,1.0,6
5,5,1.8333333333333333,1.5,1.3437096247164249,0.0,4.0,11,0.8333333333333334,6
5,6,2.5,2.0,1.118033988749895,1.0,4.0,15,1.0,6
5,7,1.3333333333333333,1.0,0.9428090415820634,0.0,3.0,8,0.8333333333333334,6
5,8,1.5,1.0,0.7637626158259734,1.0,3.0,9,1.0,6
5,9,1.0,0.5,1.1547005383792515,0.0,3.0,6,0.5,6
5,10,1.8333333333333333,2.0,0.8975274678557507,0.0,3.0,11,0.8333333333333334,6
5,11,1.5,1.0,0.7637626158259734,1.0,3.0,9,1.0,6
5,12,1.8333333333333333,1.5,1.863389981249825,0.0,4.0,11,0.5,6
5,13,1.0,1.0,1.0,0.0,3.0,6,0.6666666666666666,6
5,14,1.8333333333333333,1.5,0.8975274678557508,1.0,3.0,11,1.0,6
5,15,1.0,1.0,1.0,0.0,3.0,6,0.6666666666666666,6
5,16,2.3333333333333335,2.0,1.3743685418725535,1.0,4.0,14,1.0,6
6,1,0.8333333333333334,0.5,0.8975274678557507,0.0,2.0,5,0.5,6
6,2,1.1666666666666667,1.0,1.0671873729054748,0.0,3.0,7,0.6666666666666666,6
6,3,2.5,3.0,1.5,0.0,4.0,15,0.8333333333333334,6
6,4,1.3333333333333333,1.5,0.74535599249993,0.0,2.0,8,0.8333333333333334,6
6,5,2.5,1.0,2.753785273643051,0.0,8.0,15,0.8333333333333334,6
6,6,1.6666666666666667,1.5,1.1055415967851332,0.0,3.0,10,0.8333333333333334,6
6,7,1.6666666666666667,1.5,0.7453559924999299,1.0,3.0,10,1.0,6
6,8,1.3333333333333333,1.0,0.4714045207910317,1.0,2.0,8,1.0,6
6,9,1.8333333333333333,1.5,1.0671873729054748,1.0,4.0,11,1.0,6
6,10,2.1666666666666665,2.0,1.2133516482134197,1.0,4.0,13,1.0,6
6,11,2.6666666666666665,2.0,1.7950549357115015,1.0,5.0,16,1.0,6
6,12,2.0,1.5,1.5275252316519468,0.0,4.0,12,0.8333333333333334,6
6,13,0.6666666666666666,0.5,0.74535599249993,0.0,2.0,4,0.5,6
6,14,1.5,2.0,1.118033988749895,0.0,3.0,9,0.6666666666666666,6
6,15,1.0,1.0,0.816496580927726,0.0,2.0,6,0.6666666666666666,6
6,16,0.8333333333333334,1.0,0.37267799624996495,0.0,1.0,5,0.8333333333333334,6
7,1,3.1666666666666665,2.0,3.3374973990834644,0.0,10.0,19,0.8333333333333334,6
7,2,1.1666666666666667,1.5,0.8975274678557507,0.0,2.0,7,0.6666666666666666,6
7,3,2.1666666666666665,1.5,1.4624940645653537,1.0,5.0,13,1.0,6
7,4,1.0,1.0,0.5773502691896257,0.0,2.0,6,0.8333333333333334,6
7,5,3.3333333333333335,2.0,3.681787005729087,0.0,11.0,20,0.8333333333333334,6
7,6,1.5,1.0,1.2583057392117916,0.0,4.0,9,0.8333333333333334,6
7,7,1.8333333333333333,2.0,0.8975274678557507,0.0,3.0,11,0.8333333333333334,6
7,8,4.0,1.5,6.3508529610858835,0.0,18.0,24,0.6666666666666666,6
7,9,1.0,1.0,0.5773502691896257,0.0,2.0,6,0.8333333333333334,6
7,10,2.0,2.0,1.5275252316519468,0.0,5.0,12,0.8333333333333334,6
7,11,1.6666666666666667,1.0,1.1055415967851332,1.0,4.0,10,1.0,6
7,12,20.333333333333332,10.0,26.84316590038432,3.0,80.0,122,1.0,6
7,13,1.1666666666666667,1.0,0.6871842709362768,0.0,2.0,7,0.8333333333333334,6
7,14,1.3333333333333333,1.0,0.9428090415820634,0.0,3.0,8,0.8333333333333334,6
7,15,43.333333333333336,30.0,29.204261485079346,16.0,90.0,260,1.0,6
7,16,1.3333333333333333,1.0,0.9428090415820632,0.0,3.0,8,0.8333333333333334,6
8,1,3.5,2.0,2.753785273643051,1.0,9.0,21,1.0,6
8,2,0.8333333333333334,1.0,0.6871842709362768,0.0,2.0,5,0.6666666666666666,6
8,3,4.166666666666667,3.0,3.531603350069515,1.0,11.0,25,1.0,6
8,4,0.3333333333333333,0.0,0.4714045207910317,0.0,1.0,2,0.3333333333333333,6
8,5,1.5,1.0,1.8027756377319946,0.0,5.0,9,0.5,6
8,6,1.8333333333333333,1.5,0.8975274678557508,1.0,3.0,11,1.0,6
8,7,1.3333333333333333,1.0,0.9428090415820634,0.0,3.0,8,0.8333333333333334,6
8,8,2.5,2.0,1.2583057392117916,1.0,5.0,15,1.0,6
8,9,1.5,1.0,0.7637626158259734,1.0,3.0,9,1.0,6
8,10,2.0,1.5,2.3804761428476167,0.0,7.0,12,0.6666666666666666,6
8,11,0.8333333333333334,0.5,0.8975274678557507,0.0,2.0,5,0.5,6
8,12,4.0,1.0,5.8594652770823155,1.0,17.0,24,1.0,6
8,13,1.3333333333333333,1.0,0.9428090415820634,0.0,3.0,8,0.8333333333333334,6
8,14,1.3333333333333333,1.5,1.1055415967851334,0.0,3.0,8,0.6666666666666666,6
8,15,1.1666666666666667,1.0,1.0671873729054748,0.0,3.0,7,0.6666666666666666,6
8,16,1.5,1.0,1.2583057392117916,0.0,4.0,9,0.8333333333333334,6
9,1,1.5,1.0,1.5,0.0,4.0,9,0.6666666666666666,6
9,2,1.3333333333333333,1.0,0.9428090415820634,0.0,3.0,8,0.8333333333333334,6
9,3,1.3333333333333333,0.5,1.5986105077709065,0.0,4.0,8,0.5,6
9,4,5.333333333333333,6.0,2.2852182001336816,1.0,8.0,32,1.0,6
9,5,1.0,0.5,1.4142135623730951,0.0,4.0,6,0.5,6
9,6,1.5,2.0,0.7637626158259734,0.0,2.0,9,0.8333333333333334,6
9,7,7.333333333333333,2.0,8.59586463881842,1.0,23.0,44,1.0,6
9,8,1.1666666666666667,1.0,0.8975274678557507,0.0,3.0,7,0.8333333333333334,6
9,9,1.1666666666666667,1.0,0.6871842709362768,0.0,2.0,7,0.8333333333333334,6
9,10,2.1666666666666665,2.0,1.0671873729054748,1.0,4.0,13,1.0,6
9,11,1.3333333333333333,1.5,1.1055415967851334,0.0,3.0,8,0.6666666666666666,6
9,12,2.1666666666666665,3.0,1.5723301886761005,0.0,4.0,13,0.6666666666666666,6
9,13,2.8333333333333335,1.5,2.852873794770615,1.0,9.0,17,1.0,6
9,14,2.1666666666666665,2.5,1.3437096247164249,0.0,4.0,13,0.8333333333333334,6
9,15,0.6666666666666666,0.0,1.49071198499986,0.0,4.0,4,0.16666666666666666,6
9,16,1.8333333333333333,2.0,1.462494064565354,0.0,4.0,11,0.6666666666666666,6
10,1,1.5,0.5,2.140872096444188,0.0,6.0,9,0.5,6
10,2,0.6666666666666666,1.0,0.4714045207910317,0.0,1.0,4,0.6666666666666666,6
10,3,1.1666666666666667,1.0,0.6871842709362768,0.0,2.0,7,0.8333333333333334,6
10,4,1.8333333333333333,2.0,0.8975274678557507,0.0,3.0,11,0.8333333333333334,6
10,5,2.0,2.0,0.5773502691896257,1.0,3.0,12,1.0,6
10,6,1.6666666666666667,2.0,0.9428090415820634,0.0,3.0,10,0.8333333333333334,6
10,7,0.8333333333333334,1.0,0.6871842709362768,0.0,2.0,5,0.6666666666666666,6
10,8,1.6666666666666667,1.5,1.247219128924647,0.0,4.0,10,0.8333333333333334,6
10,9,1.3333333333333333,1.0,0.9428090415820634,0.0,3.0,8,0.8333333333333334,6
10,10,0.8333333333333334,1.0,0.6871842709362768,0.0,2.0,5,0.6666666666666666,6
10,11,2.1666666666666665,2.0,0.6871842709362768,1.0,3.0,13,1.0,6
10,12,2.1666666666666665,2.0,1.0671873729054748,1.0,4.0,13,1.0,6
10,13,2.0,2.0,0.816496580927726,1.0,3.0,12,1.0,6
10,14,1.5,1.5,0.9574271077563381,0.0,3.0,9,0.8333333333333334,6
10,15,2.1666666666666665,2.0,1.0671873729054748,1.0,4.0,13,1.0,6
10,16,1.5,1.0,2.0615528128088303,0.0,6.0,9,0.6666666666666666,6
11,1,1.3333333333333333,1.0,0.9428090415820634,0.0,3.0,8,0.8333333333333334,6
11,2,2.1666666666666665,2.0,0.6871842709362768,1.0,3.0,13,1.0,6
11,3,1.0,1.0,0.816496580927726,0.0,2.0,6,0.6666666666666666,6
11,4,2.1666666666666665,2.0,1.9507833184532706,0.0,5.0,13,0.6666666666666666,6
11,5,0.6666666666666666,1.0,0.4714045207910317,0.0,1.0,4,0.6666666666666666,6
11,6,1.1666666666666667,1.0,1.2133516482134197,0.0,3.0,7,0.5,6
11,7,1.3333333333333333,1.0,0.9428090415820634,0.0,3.0,8,0.8333333333333334,6
11,8,1.6666666666666667,1.5,1.247219128924647,0.0,4.0,10,0.8333333333333334,6
11,9,1.3333333333333333,1.5,0.7453559924999299,0.0,2.0,8,0.8333333333333334,6
11,10,1.5,1.5,0.9574271077563381,0.0,3.0,9,0.8333333333333334,6
11,11,1.1666666666666667,1.5,0.8975274678557508,0.0,2.0,7,0.6666666666666666,6
11,12,1.5,1.5,0.5,1.0,2.0,9,1.0,6
11,13,1.3333333333333333,1.0,0.4714045207910317,1.0,2.0,8,1.0,6
11,14,2.0,1.5,1.1547005383792515,1.0,4.0,12,1.0,6
11,15,1.8333333333333333,1.0,1.462494064565354,1.0,5.0,11,1.0,6
11,16,1.8333333333333333,1.5,1.7716909687891083,0.0,5.0,11,0.6666666666666666,6
12,1,1.5,1.5,0.5,1.0,2.0,9,1.0,6
12,2,1.1666666666666667,1.0,0.8975274678557507,0.0,3.0,7,0.8333333333333334,6
12,3,1.3333333333333333,1.0,0.9428090415820634,0.0,3.0,8,0.8333333333333334,6
12,4,2.0,1.5,1.1547005383792515,1.0,4.0,12,1.0,6
12,5,1.8333333333333333,2.0,0.6871842709362769,1.0,3.0,11,1.0,6
12,6,2.3333333333333335,2.0,1.8856180831641267,0.0,6.0,14,0.8333333333333334,6
12,7,1.1666666666666667,1.0,0.6871842709362768,0.0,2.0,7,0.8333333333333334,6
12,8,0.8333333333333334,1.0,0.37267799624996495,0.0,1.0,5,0.8333333333333334,6
12,9,1.6666666666666667,2.0,0.9428090415820634,0.0,3.0,10,0.8333333333333334,6
12,10,0.5,0.5,0.5,0.0,1.0,3,0.5,6
12,11,1.1666666666666667,1.0,0.6871842709362768,0.0,2.0,7,0.8333333333333334,6
12,12,1.8333333333333333,2.0,1.0671873729054748,0.0,3.0,11,0.8333333333333334,6
12,13,1.0,1.0,0.816496580927726,0.0,2.0,6,0.6666666666666666,6
12,14,1.0,1.0,1.0,0.0,2.0,6,0.5,6
12,15,1.1666666666666667,1.0,1.0671873729054748,0.0,3.0,7,0.6666666666666666,6
12,16,1.5,1.0,1.6072751268321592,0.0,4.0,9,0.5,6
13,1,3.3333333333333335,0.5,6.1553951042064625,0.0,17.0,20,0.5,6
13,2,2.6666666666666665,1.5,2.0548046676563256,1.0,6.0,16,1.0,6
13,3,0.6666666666666666,0.0,0.9428090415820634,0.0,2.0,4,0.3333333333333333,6
13,4,1.3333333333333333,1.0,1.3743685418725538,0.0,3.0,8,0.5,6
13,5,1.5,1.5,1.3844373104863459,0.0,4.0,9,0.6666666666666666,6
13,6,1.3333333333333333,1.0,1.699673171197595,0.0,5.0,8,0.6666666666666666,6
13,7,3.3333333333333335,2.0,4.384315479321968,0.0,13.0,20,0.8333333333333334,6
13,8,1.8333333333333333,2.0,0.6871842709362768,1.0,3.0,11,1.0,6
13,9,1.1666666666666667,0.5,1.3437096247164249,0.0,3.0,7,0.5,6
13,10,1.6666666666666667,1.5,1.699673171197595,0.0,5.0,10,0.6666666666666666,6
13,11,1.8333333333333333,2.0,0.8975274678557507,0.0,3.0,11,0.8333333333333334,6
13,12,2.0,2.5,1.5275252316519468,0.0,4.0,12,0.6666666666666666,6
13,13,1.0,0.5,1.1547005383792515,0.0,3.0,6,0.5,6
13,14,2.8333333333333335,0.5,4.6696419087073,0.0,13.0,17,0.5,6
13,15,11.5,13.5,8.421203397773187,0.0,23.0,69,0.8333333333333334,6
13,16,1.3333333333333333,1.5,0.74535599249993,0.0,2.0,8,0.8333333333333334,6
14,1,1.8333333333333333,2.0,0.6871842709362768,1.0,3.0,11,1.0,6
14,2,1.5,1.0,1.118033988749895,0.0,3.0,9,0.8333333333333334,6
14,3,0.6666666666666666,1.0,0.4714045207910317,0.0,1.0,4,0.6666666666666666,6
14,4,2.1666666666666665,2.0,1.2133516482134197,1.0,4.0,13,1.0,6
14,5,1.3333333333333333,1.0,0.74535599249993,1.0,3.0,8,1.0,6
14,6,1.0,1.0,0.5773502691896257,0.0,2.0,6,0.8333333333333334,6
14,7,1.6666666666666667,2.0,1.3743685418725535,0.0,4.0,10,0.6666666666666666,6
14,8,1.1666666666666667,0.5,1.4624940645653537,0.0,4.0,7,0.5,6
14,9,1.3333333333333333,1.0,0.9428090415820634,0.0,3.0,8,0.8333333333333334,6
14,10,171.83333333333334,73.5,228.79205745732423,3.0,654.0,1031,1.0,6
14,11,1.3333333333333333,1.0,0.9428090415820634,0.0,3.0,8,0.8333333333333334,6
14,12,1.1666666666666667,1.0,1.2133516482134197,0.0,3.0,7,0.5,6
14,13,1.0,1.0,0.5773502691896257,0.0,2.0,6,0.8333333333333334,6
14,14,0.5,0.5,0.5,0.0,1.0,3,0.5,6
14,15,2.1666666666666665,1.5,1.3437096247164249,1.0,4.0,13,1.0,6
14,16,3.0,1.5,3.2145502536643185,1.0,10.0,18,1.0,6
15,1,12.333333333333334,1.5,24.917642121374342,0.0,68.0,74,0.6666666666666666,6
15,2,2.3333333333333335,2.5,1.4907119849998596,0.0,4.0,14,0.8333333333333334,6
15,3,2.1666666666666665,2.0,2.3392781412697,0.0,7.0,13,0.6666666666666666,6
15,4,2.3333333333333335,2.5,1.1055415967851334,1.0,4.0,14,1.0,6
15,5,1.0,1.0,0.5773502691896257,0.0,2.0,6,0.8333333333333334,6
15,6,5.0,2.5,6.377042156569663,0.0,19.0,30,0.8333333333333334,6
15,7,1.6666666666666667,2.0,1.247219128924647,0.0,3.0,10,0.6666666666666666,6
15,8,0.6666666666666666,0.0,0.9428090415820634,0.0,2.0,4,0.3333333333333333,6
15,9,1.6666666666666667,1.5,1.4907119849998596,0.0,4.0,10,0.6666666666666666,6
15,10,2.8333333333333335,3.0,1.2133516482134197,1.0,5.0,17,1.0,6
15,11,0.8333333333333334,1.0,0.6871842709362768,0.0,2.0,5,0.6666666666666666,6
15,12,1.5,1.0,1.118033988749895,0.0,3.0,9,0.8333333333333334,6
15,13,1.1666666666666667,1.0,0.6871842709362768,0.0,2.0,7,0.8333333333333334,6
15,14,1.0,1.0,0.5773502691896257,0.0,2.0,6,0.8333333333333334,6
15,15,1.8333333333333333,1.5,1.5723301886761007,0.0,5.0,11,0.8333333333333334,6
15,16,2.3333333333333335,1.0,2.560381915956203,1.0,8.0,14,1.0,6
16,1,23.333333333333332,24.0,13.021349989749739,3.0,45.0,140,1.0,6
16,2,4.0,1.0,6.429100507328637,0.0,18.0,24,0.5,6
16,3,83.16666666666667,2.5,148.34353897475802,1.0,408.0,499,1.0,6
16,4,2.1666666666666665,2.0,1.5723301886761005,0.0,5.0,13,0.8333333333333334,6
16,5,46.333333333333336,1.0,100.92186196371043,1.0,272.0,278,1.0,6
16,6,3.3333333333333335,3.0,2.9249881291307074,0.0,9.0,20,0.8333333333333334,6
16,7,69.5,2.5,150.04082777697542,2.0,405.0,417,1.0,6
16,8,6.666666666666667,2.5,10.044346115546242,1.0,29.0,40,1.0,6
16,9,4.333333333333333,3.0,3.4480268109295333,1.0,10.0,26,1.0,6
16,10,130.66666666666666,58.0,169.30413134028623,0.0,472.0,784,0.6666666666666666,6
16,11,1.5,1.0,0.7637626158259734,1.0,3.0,9,1.0,6
16,12,1.3333333333333333,1.0,1.3743685418725538,0.0,4.0,8,0.6666666666666666,6
16,13,1.3333333333333333,1.0,0.9428090415820634,0.0,3.0,8,0.8333333333333334,6
16,14,128.83333333333334,2.0,188.0260767966921,0.0,474.0,773,0.6666666666666666,6
16,15,25.333333333333332,19.5,22.720524250602633,1.0,63.0,152,1.0,6
16,16,4.833333333333333,3.0,5.112620550059323,1.0,16.0,29,1.0,6
17,1,364.0,251.0,382.4491251569721,0.0,1104.0,2184,0.8333333333333334,6
17,2,76.33333333333333,2.5,112.29079313203832,0.0,291.0,458,0.8333333333333334,6
17,3,3.0,3.0,2.309401076758503,0.0,7.0,18,0.8333333333333334,6
17,4,58.833333333333336,61.5,49.41462896304652,1.0,140.0,353,1.0,6
17,5,7.666666666666667,3.0,8.117197107923946,1.0,24.0,46,1.0,6
17,6,12.5,3.0,20.62967118820204,0.0,58.0,75,0.8333333333333334,6
17,7,5.833333333333333,2.0,10.39898499320433,0.0,29.0,35,0.6666666666666666,6
17,8,36.666666666666664,2.5,77.5213232314539,1.0,210.0,220,1.0,6
17,9,12.333333333333334,2.0,15.712698332523567,0.0,36.0,74,0.8333333333333334,6
17,10,1.5,1.0,1.118033988749895,1.0,4.0,9,1.0,6
17,11,4.666666666666667,5.0,2.1343747458109497,2.0,7.0,28,1.0,6
17,12,2.8333333333333335,3.0,2.6718699236468995,0.0,8.0,17,0.6666666666666666,6
17,13,2.0,1.5,1.632993161855452,0.0,5.0,12,0.8333333333333334,6
17,14,2.3333333333333335,2.0,1.4907119849998598,0.0,5.0,14,0.8333333333333334,6
17,15,1.5,1.5,1.3844373104863459,0.0,4.0,9,0.6666666666666666,6
17,16,5.0,1.5,8.103497187428813,0.0,23.0,30,0.8333333333333334,6
18,1,2.3333333333333335,2.5,1.1055415967851334,1.0,4.0,14,1.0,6
18,2,0.8333333333333334,1.0,0.6871842709362768,0.0,2.0,5,0.6666666666666666,6
18,3,2.0,0.5,2.886751345948129,0.0,8.0,12,0.5,6
18,4,0.6666666666666666,0.5,0.74535599249993,0.0,2.0,4,0.5,6
18,5,2.6666666666666665,2.0,2.6246692913372702,0.0,8.0,16,0.8333333333333334,6
18,6,1.0,1.0,0.5773502691896257,0.0,2.0,6,0.8333333333333334,6
18,7,506.1666666666667,146.5,624.6530814958189,0.0,1636.0,3037,0.8333333333333334,6
18,8,1.0,0.0,1.5275252316519468,0.0,4.0,6,0.3333333333333333,6
18,9,14.833333333333334,3.5,18.756480361612503,0.0,48.0,89,0.8333333333333334,6
18,10,104.66666666666667,44.0,131.2537830142642,0.0,369.0,628,0.8333333333333334,6
18,11,57.833333333333336,37.5,59.414971925339565,5.0,171.0,347,1.0,6
18,12,101.33333333333333,92.0,66.0597372753547,20.0,232.0,608,1.0,6
18,13,19.333333333333332,2.5,35.7615560188436,1.0,99.0,116,1.0,6
18,14,70.16666666666667,57.5,72.99866817658769,0.0,184.0,421,0.6666666666666666,6
18,15,32.0,3.0,66.64833081180653,0.0,181.0,192,0.8333333333333334,6
18,16,2.3333333333333335,1.5,2.748737083745107,0.0,8.0,14,0.6666666666666666,6
19,1,1.5,1.5,1.2583057392117916,0.0,3.0,9,0.6666666666666666,6
19,2,1.5,2.0,1.118033988749895,0.0,3.0,9,0.6666666666666666,6
19,3,1.8333333333333333,2.5,1.3437096247164249,0.0,3.0,11,0.6666666666666666,6
19,4,1.3333333333333333,0.5,1.5986105077709065,0.0,4.0,8,0.5,6
19,5,1.6666666666666667,1.0,1.5986105077709065,0.0,5.0,10,0.8333333333333334,6
19,6,1.0,0.5,1.1547005383792515,0.0,3.0,6,0.5,6
19,7,6.833333333333333,2.5,9.956851354162565,1.0,29.0,41,1.0,6
19,8,1.8333333333333333,1.0,1.2133516482134197,1.0,4.0,11,1.0,6
19,9,1.8333333333333333,1.0,2.1147629234082532,0.0,6.0,11,0.6666666666666666,6
19,10,1.5,1.0,1.5,0.0,4.0,9,0.6666666666666666,6
19,11,2.1666666666666665,2.5,1.3437096247164249,0.0,4.0,13,0.8333333333333334,6
19,12,0.5,0.5,0.5,0.0,1.0,3,0.5,6
19,13,2.0,2.5,1.1547005383792515,0.0,3.0,12,0.8333333333333334,6
19,14,2.0,2.0,1.2909944487358056,0.0,4.0,12,0.8333333333333334,6
19,15,1.3333333333333333,1.0,0.9428090415820634,0.0,3.0,8,0.8333333333333334,6
19,16,2.1666666666666665,1.5,1.950783318453271,0.0,6.0,13,0.8333333333333334,6
20,1,1.1666666666666667,0.5,1.4624940645653537,0.0,4.0,7,0.5,6
20,2,1.0,1.0,0.5773502691896257,0.0,2.0,6,0.8333333333333334,6
20,3,2.6666666666666665,2.5,0.7453559924999299,2.0,4.0,16,1.0,6
20,4,1.3333333333333333,1.0,1.247219128924647,0.0,3.0,8,0.6666666666666666,6
20,5,1.6666666666666667,1.5,1.699673171197595,0.0,5.0,10,0.6666666666666666,6
20,6,1.3333333333333333,1.0,0.9428090415820634,0.0,3.0,8,0.8333333333333334,6
20,7,2.5,2.5,1.5,0.0,5.0,15,0.8333333333333334,6
20,8,1.0,0.5,1.1547005383792515,0.0,3.0,6,0.5,6
20,9,1.8333333333333333,1.5,1.7716909687891083,0.0,5.0,11,0.6666666666666666,6
20,10,2.8333333333333335,2.5,2.266911751455907,0.0,7.0,17,0.8333333333333334,6
20,11,1.5,1.0,1.707825127659933,0.0,5.0,9,0.6666666666666666,6
20,12,1.6666666666666667,1.0,1.3743685418725535,0.0,4.0,10,0.8333333333333334,6
20,13,0.8333333333333334,1.0,0.6871842709362768,0.0,2.0,5,0.6666666666666666,6
20,14,1.6666666666666667,1.5,1.6996731711975948,0.0,5.0,10,0.6666666666666666,6
20,15,1.5,1.5,0.5,1.0,2.0,9,1.0,6
20,16,1.5,1.5,1.2583057392117916,0.0,3.0,9,0.6666666666666666,6
21,1,1.3333333333333333,0.5,1.5986105077709065,0.0,4.0,8,0.5,6
21,2,111.5,1.0,166.72807202148053,0.0,432.0,669,0.8333333333333334,6
21,3,1.6666666666666667,1.0,1.7950549357115013,0.0,5.0,10,0.6666666666666666,6
21,4,1.8333333333333333,2.0,0.8975274678557507,0.0,3.0,11,0.8333333333333334,6
21,5,1.6666666666666667,1.0,0.9428090415820634,1.0,3.0,10,1.0,6
21,6,2.0,2.0,1.0,1.0,4.0,12,1.0,6
21,7,2.6666666666666665,3.0,1.3743685418725535,1.0,5.0,16,1.0,6
21,8,56.5,1.5,108.06440980575735,0.0,296.0,339,0.6666666666666666,6
21,9,1.8333333333333333,1.5,0.8975274678557508,1.0,3.0,11,1.0,6
21,10,1.3333333333333333,1.0,1.3743685418725535,0.0,4.0,8,0.6666666666666666,6
21,11,35.333333333333336,2.5,74.99036975209253,0.0,203.0,212,0.8333333333333334,6
21,12,1.8333333333333333,2.0,0.6871842709362768,1.0,3.0,11,1.0,6
21,13,23.833333333333332,3.0,45.721682189331375,2.0,126.0,143,1.0,6
21,14,1.3333333333333333,1.0,0.9428090415820634,0.0,3.0,8,0.8333333333333334,6
21,15,1.5,1.0,1.6072751268321592,0.0,4.0,9,0.5,6
21,16,0.8333333333333334,0.5,0.8975274678557507,0.0,2.0,5,0.5,6
22,1,2.6666666666666665,1.5,3.3499585403736303,0.0,10.0,16,0.8333333333333334,6
22,2,1.5,1.5,0.9574271077563381,0.0,3.0,9,0.8333333333333334,6
22,3,348.3333333333333,159.5,481.86328167045707,3.0,1366.0,2090,1.0,6
22,4,396.5,275.5,401.85227385197163,6.0,1230.0,2379,1.0,6
22,5,30.5,7.0,47.71704796680812,0.0,134.0,183,0.8333333333333334,6
22,6,1.8333333333333333,2.0,0.6871842709362768,1.0,3.0,11,1.0,6
22,7,17.833333333333332,3.0,29.44722209120733,2.0,83.0,107,1.0,6
22,8,165.5,23.5,302.5694135235748,2.0,837.0,993,1.0,6
22,9,50.166666666666664,1.0,82.66683467724863,0.0,225.0,301,0.6666666666666666,6
22,10,2.3333333333333335,2.0,0.9428090415820634,1.0,4.0,14,1.0,6
22,11,3.3333333333333335,1.0,4.853406592853679,0.0,14.0,20,0.8333333333333334,6
22,12,3.8333333333333335,3.0,3.531603350069515,0.0,10.0,23,0.8333333333333334,6
22,13,42.166666666666664,14.0,51.42767305211812,2.0,146.0,253,1.0,6
22,14,131.83333333333334,41.0,192.91052906003398,0.0,545.0,791,0.8333333333333334,6
22,15,1.5,1.0,0.7637626158259734,1.0,3.0,9,1.0,6
22,16,1.8333333333333333,2.0,1.0671873729054748,0.0,3.0,11,0.8333333333333334,6
23,1,21.333333333333332,5.5,36.146307633775756,2.0,102.0,128,1.0,6
23,2,25.833333333333332,22.0,14.147045235274005,12.0,51.0,155,1.0,6
23,3,5.5,3.5,5.439056290693573,1.0,17.0,33,1.0,6
23,4,21.0,1.0,39.65265859098647,0.0,109.0,126,0.8333333333333334,6
23,5,151.16666666666666,65.0,212.42992308576072,1.0,601.0,907,1.0,6
23,6,1.8333333333333333,2.0,1.462494064565354,0.0,4.0,11,0.6666666666666666,6
23,7,1.1666666666666667,1.0,1.0671873729054748,0.0,3.0,7,0.6666666666666666,6
23,8,9.833333333333334,1.5,19.334051710791393,0.0,53.0,59,0.6666666666666666,6
23,9,9.333333333333334,3.5,13.008544200725238,1.0,38.0,56,1.0,6
23,10,12.333333333333334,7.5,10.6092203085597,1.0,31.0,74,1.0,6
23,11,127.16666666666667,3.0,185.32171726187107,0.0,471.0,763,0.8333333333333334,6
23,12,90.16666666666667,18.5,134.65067974412736,1.0,377.0,541,1.0,6
23,13,261.5,57.5,358.8703340576742,1.0,977.0,1569,1.0,6
23,14,1.8333333333333333,2.0,1.2133516482134197,0.0,4.0,11,0.8333333333333334,6
23,15,52.833333333333336,12.5,66.37875329417454,2.0,170.0,317,1.0,6
23,16,2.5,2.5,1.3844373104863459,1.0,5.0,15,1.0,6
24,1,118.33333333333333,66.5,137.03608608278657,2.0,385.0,710,1.0,6
24,2,43.333333333333336,4.5,87.56077254620865,1.0,239.0,260,1.0,6
24,3,1.0,0.5,1.1547005383792515,0.0,3.0,6,0.5,6
24,4,8.333333333333334,4.0,8.219218670625303,1.0,23.0,50,1.0,6
24,5,4.5,2.5,5.024937810560445,0.0,14.0,27,0.6666666666666666,6
24,6,4.5,3.0,6.18465843842649,0.0,18.0,27,0.6666666666666666,6
24,7,127.83333333333333,38.0,168.89288189724147,9.0,478.0,767,1.0,6
24,8,59.833333333333336,16.5,99.52121493542079,0.0,279.0,359,0.6666666666666666,6
24,9,15.0,3.5,23.678400846904054,0.0,67.0,90,0.8333333333333334,6
24,10,30.833333333333332,8.5,53.815786614049316,0.0,150.0,185,0.6666666666666666,6
24,11,5.666666666666667,1.0,9.568466729604882,1.0,27.0,34,1.0,6
24,12,1.6666666666666667,1.5,1.247219128924647,0.0,4.0,10,0.8333333333333334,6
24,13,1.6666666666666667,1.0,1.4907119849998596,1.0,5.0,10,1.0,6
24,14,6.166666666666667,4.0,6.361778227997438,0.0,15.0,37,0.6666666666666666,6
24,15,63.833333333333336,14.0,115.52837554278844,2.0,321.0,383,1.0,6
24,16,1.6666666666666667,1.5,1.247219128924647,0.0,4.0,10,0.8333333333333334,6
