id,date,well,n_electrodes_inactive,n_electrodes_present,n_electrodes_total,fraction_inactive_in_well
1,2024-04-09,1,4,16,16,0.25
1,2024-04-09,2,3,16,16,0.1875
1,2024-04-09,3,4,16,16,0.25
1,2024-04-09,4,1,16,16,0.0625
1,2024-04-09,5,5,16,16,0.3125
1,2024-04-09,6,5,16,16,0.3125
1,2024-04-09,7,2,16,16,0.125
1,2024-04-09,8,4,16,16,0.25
1,2024-04-09,9,6,16,16,0.375
1,2024-04-09,10,3,16,16,0.1875
1,2024-04-09,11,2,16,16,0.125
1,2024-04-09,12,3,16,16,0.1875
1,2024-04-09,13,4,16,16,0.25
1,2024-04-09,14,4,16,16,0.25
1,2024-04-09,15,5,16,16,0.3125
1,2024-04-09,16,1,16,16,0.0625
1,2024-04-09,17,3,16,16,0.1875
1,2024-04-09,18,5,16,16,0.3125
1,2024-04-09,19,7,16,16,0.4375
1,2024-04-09,20,3,16,16,0.1875
1,2024-04-09,21,2,16,16,0.125
1,2024-04-09,22,1,16,16,0.0625
1,2024-04-09,23,0,16,16,0.0
1,2024-04-09,24,5,16,16,0.3125
2,2024-04-10,1,4,16,16,0.25
2,2024-04-10,2,2,16,16,0.125
2,2024-04-10,3,4,16,16,0.25
2,2024-04-10,4,2,16,16,0.125
2,2024-04-10,5,3,16,16,0.1875
2,2024-04-10,6,6,16,16,0.375
2,2024-04-10,7,3,16,16,0.1875
2,2024-04-10,8,3,16,16,0.1875
2,2024-04-10,9,3,16,16,0.1875
2,2024-04-10,10,3,16,16,0.1875
2,2024-04-10,11,6,16,16,0.375
2,2024-04-10,12,3,16,16,0.1875
2,2024-04-10,13,3,16,16,0.1875
2,2024-04-10,14,4,16,16,0.25
2,2024-04-10,15,1,16,16,0.0625
2,2024-04-10,16,2,16,16,0.125
2,2024-04-10,17,4,16,16,0.25
2,2024-04-10,18,4,16,16,0.25
2,2024-04-10,19,4,16,16,0.25
2,2024-04-10,20,7,16,16,0.4375
2,2024-04-10,21,4,16,16,0.25
2,2024-04-10,22,1,16,16,0.0625
2,2024-04-10,23,3,16,16,0.1875
2,2024-04-10,24,1,16,16,0.0625
3,2024-04-11,1,2,16,16,0.125
3,2024-04-11,2,4,16,16,0.25
3,2024-04-11,3,2,16,16,0.125
3,2024-04-11,4,6,16,16,0.375
3,2024-04-11,5,4,16,16,0.25
3,2024-04-11,6,2,16,16,0.125
3,2024-04-11,7,4,16,16,0.25
3,2024-04-11,8,4,16,16,0.25
3,2024-04-11,9,5,16,16,0.3125
3,2024-04-11,10,5,16,16,0.3125
3,2024-04-11,11,5,16,16,0.3125
3,2024-04-11,12,5,16,16,0.3125
3,2024-04-11,13,8,16,16,0.5
3,2024-04-11,14,4,16,16,0.25
3,2024-04-11,15,5,16,16,0.3125
3,2024-04-11,16,3,16,16,0.1875
3,2024-04-11,17,0,16,16,0.0
3,2024-04-11,18,5,16,16,0.3125
3,2024-04-11,19,4,16,16,0.25
3,2024-04-11,20,6,16,16,0.375
3,2024-04-11,21,8,16,16,0.5
3,2024-04-11,22,2,16,16,0.125
3,2024-04-11,23,1,16,16,0.0625
3,2024-04-11,24,2,16,16,0.125
4,2024-04-12,1,6,16,16,0.375
4,2024-04-12,2,2,16,16,0.125
4,2024-04-12,3,9,16,16,0.5625
4,2024-04-12,4,5,16,16,0.3125
4,2024-04-12,5,2,16,16,0.125
4,2024-04-12,6,3,16,16,0.1875
4,2024-04-12,7,1,16,16,0.0625
4,2024-04-12,8,5,16,16,0.3125
4,2024-04-12,9,4,16,16,0.25
4,2024-04-12,10,3,16,16,0.1875
4,2024-04-12,11,3,16,16,0.1875
4,2024-04-12,12,2,16,16,0.125
4,2024-04-12,13,7,16,16,0.4375
4,2024-04-12,14,1,16,16,0.0625
4,2024-04-12,15,6,16,16,0.375
4,2024-04-12,16,3,16,16,0.1875
4,2024-04-12,17,5,16,16,0.3125
4,2024-04-12,18,1,16,16,0.0625
4,2024-04-12,19,2,16,16,0.125
4,2024-04-12,20,4,16,16,0.25
4,2024-04-12,21,2,16,16,0.125
4,2024-04-12,22,3,16,16,0.1875
4,2024-04-12,23,4,16,16,0.25
4,2024-04-12,24,6,16,16,0.375
5,2024-04-15,1,1,16,16,0.0625
5,2024-04-15,2,1,16,16,0.0625
5,2024-04-15,3,1,16,16,0.0625
5,2024-04-15,4,1,16,16,0.0625
5,2024-04-15,5,2,16,16,0.125
5,2024-04-15,6,1,16,16,0.0625
5,2024-04-15,7,0,16,16,0.0
5,2024-04-15,8,1,16,16,0.0625
5,2024-04-15,9,1,16,16,0.0625
5,2024-04-15,10,1,16,16,0.0625
5,2024-04-15,11,0,16,16,0.0
5,2024-04-15,12,1,16,16,0.0625
5,2024-04-15,13,1,16,16,0.0625
5,2024-04-15,14,1,16,16,0.0625
5,2024-04-15,15,0,16,16,0.0
5,2024-04-15,16,1,16,16,0.0625
5,2024-04-15,17,0,16,16,0.0
5,2024-04-15,18,4,16,16,0.25
5,2024-04-15,19,3,16,16,0.1875
5,2024-04-15,20,0,16,16,0.0
5,2024-04-15,21,1,16,16,0.0625
5,2024-04-15,22,1,16,16,0.0625
5,2024-04-15,23,1,16,16,0.0625
5,2024-04-15,24,2,16,16,0.125
6,2024-04-16,1,5,16,16,0.3125
6,2024-04-16,2,3,16,16,0.1875
6,2024-04-16,3,3,16,16,0.1875
6,2024-04-16,4,4,16,16,0.25
6,2024-04-16,5,2,16,16,0.125
6,2024-04-16,6,1,16,16,0.0625
6,2024-04-16,7,4,16,16,0.25
6,2024-04-16,8,4,16,16,0.25
6,2024-04-16,9,5,16,16,0.3125
6,2024-04-16,10,2,16,16,0.125
6,2024-04-16,11,2,16,16,0.125
6,2024-04-16,12,7,16,16,0.4375
6,2024-04-16,13,8,16,16,0.5
6,2024-04-16,14,4,16,16,0.25
6,2024-04-16,15,4,16,16,0.25
6,2024-04-16,16,2,16,16,0.125
6,2024-04-16,17,2,16,16,0.125
6,2024-04-16,18,3,16,16,0.1875
6,2024-04-16,19,5,16,16,0.3125
6,2024-04-16,20,5,16,16,0.3125
6,2024-04-16,21,2,16,16,0.125
6,2024-04-16,22,1,16,16,0.0625
6,2024-04-16,23,0,16,16,0.0
6,2024-04-16,24,0,16,16,0.0
