id,date,well,electrode,Spikes,Bursts,present_in_file,is_active
1,2024-04-09,1,1,1,0,True,True
1,2024-04-09,1,2,1,0,True,True
1,2024-04-09,1,3,4,0,True,True
1,2024-04-09,1,4,114,1,True,True
1,2024-04-09,1,5,1,0,True,True
1,2024-04-09,1,6,1,0,True,True
1,2024-04-09,1,7,12,0,True,True
1,2024-04-09,1,8,0,0,True,False
1,2024-04-09,1,9,1,0,True,True
1,2024-04-09,1,10,0,0,True,False
1,2024-04-09,1,11,1,0,True,True
1,2024-04-09,1,12,0,0,True,False
1,2024-04-09,1,13,0,0,True,False
1,2024-04-09,1,14,2,0,True,True
1,2024-04-09,1,15,3,0,True,True
1,2024-04-09,1,16,1,0,True,True
1,2024-04-09,2,1,0,0,True,False
1,2024-04-09,2,2,21,0,True,True
1,2024-04-09,2,3,1,0,True,True
1,2024-04-09,2,4,1,0,True,True
1,2024-04-09,2,5,19,0,True,True
1,2024-04-09,2,6,1,0,True,True
1,2024-04-09,2,7,3,0,True,True
1,2024-04-09,2,8,5,0,True,True
1,2024-04-09,2,9,1,0,True,True
1,2024-04-09,2,10,3,0,True,True
1,2024-04-09,2,11,0,0,True,False
1,2024-04-09,2,12,2,0,True,True
1,2024-04-09,2,13,1,0,True,True
1,2024-04-09,2,14,1,0,True,True
1,2024-04-09,2,15,1,0,True,True
1,2024-04-09,2,16,0,0,True,False
1,2024-04-09,3,1,1,0,True,True
1,2024-04-09,3,2,1,0,True,True
1,2024-04-09,3,3,10,0,True,True
1,2024-04-09,3,4,1,0,True,True
1,2024-04-09,3,5,0,0,True,False
1,2024-04-09,3,6,3,0,True,True
1,2024-04-09,3,7,1,0,True,True
1,2024-04-09,3,8,1,0,True,True
1,2024-04-09,3,9,1,0,True,True
1,2024-04-09,3,10,12,0,True,True
1,2024-04-09,3,11,43,1,True,True
1,2024-04-09,3,12,0,0,True,False
1,2024-04-09,3,13,0,0,True,False
1,2024-04-09,3,14,0,0,True,False
1,2024-04-09,3,15,2,0,True,True
1,2024-04-09,3,16,1,0,True,True
1,2024-04-09,4,1,2,0,True,True
1,2024-04-09,4,2,1,0,True,True
1,2024-04-09,4,3,3,0,True,True
1,2024-04-09,4,4,1,0,True,True
1,2024-04-09,4,5,4,0,True,True
1,2024-04-09,4,6,2,0,True,True
1,2024-04-09,4,7,1,0,True,True
1,2024-04-09,4,8,2,0,True,True
1,2024-04-09,4,9,1,0,True,True
1,2024-04-09,4,10,0,0,True,False
1,2024-04-09,4,11,1,0,True,True
1,2024-04-09,4,12,2,0,True,True
1,2024-04-09,4,13,2,0,True,True
1,2024-04-09,4,14,1,0,True,True
1,2024-04-09,4,15,1,0,True,True
1,2024-04-09,4,16,3,0,True,True
1,2024-04-09,5,1,1,0,True,True
1,2024-04-09,5,2,0,0,True,False
1,2024-04-09,5,3,1,0,True,True
1,2024-04-09,5,4,2,0,True,True
1,2024-04-09,5,5,3,0,True,True
1,2024-04-09,5,6,2,0,True,True
1,2024-04-09,5,7,2,0,True,True
1,2024-04-09,5,8,1,0,True,True
1,2024-04-09,5,9,0,0,True,False
1,2024-04-09,5,10,3,0,True,True
1,2024-04-09,5,11,1,0,True,True
1,2024-04-09,5,12,0,0,True,False
1,2024-04-09,5,13,0,0,True,False
1,2024-04-09,5,14,2,0,True,True
1,2024-04-09,5,15,0,0,True,False
1,2024-04-09,5,16,1,0,True,True
1,2024-04-09,6,1,0,0,True,False
1,2024-04-09,6,2,1,0,True,True
1,2024-04-09,6,3,0,0,True,False
1,2024-04-09,6,4,1,0,True,True
1,2024-04-09,6,5,1,0,True,True
1,2024-04-09,6,6,3,0,True,True
1,2024-04-09,6,7,1,0,True,True
1,2024-04-09,6,8,2,0,True,True
1,2024-04-09,6,9,2,0,True,True
1,2024-04-09,6,10,1,0,True,True
1,2024-04-09,6,11,1,0,True,True
1,2024-04-09,6,12,0,0,True,False
1,2024-04-09,6,13,1,0,True,True
1,2024-04-09,6,14,0,0,True,False
1,2024-04-09,6,15,0,0,True,False
1,2024-04-09,6,16,1,0,True,True
1,2024-04-09,7,1,10,0,True,True
1,2024-04-09,7,2,1,0,True,True
1,2024-04-09,7,3,3,0,True,True
1,2024-04-09,7,4,1,0,True,True
1,2024-04-09,7,5,11,0,True,True
1,2024-04-09,7,6,1,0,True,True
1,2024-04-09,7,7,0,0,True,False
1,2024-04-09,7,8,0,0,True,False
1,2024-04-09,7,9,1,0,True,True
1,2024-04-09,7,10,2,0,True,True
1,2024-04-09,7,11,1,0,True,True
1,2024-04-09,7,12,9,0,True,True
1,2024-04-09,7,13,1,0,True,True
1,2024-04-09,7,14,1,0,True,True
1,2024-04-09,7,15,18,0,True,True
1,2024-04-09,7,16,3,0,True,True
1,2024-04-09,8,1,2,0,True,True
1,2024-04-09,8,2,1,0,True,True
1,2024-04-09,8,3,1,0,True,True
1,2024-04-09,8,4,0,0,True,False
1,2024-04-09,8,5,0,0,True,False
1,2024-04-09,8,6,3,0,True,True
1,2024-04-09,8,7,0,0,True,False
1,2024-04-09,8,8,2,0,True,True
1,2024-04-09,8,9,3,0,True,True
1,2024-04-09,8,10,1,0,True,True
1,2024-04-09,8,11,2,0,True,True
1,2024-04-09,8,12,1,0,True,True
1,2024-04-09,8,13,1,0,True,True
1,2024-04-09,8,14,1,0,True,True
1,2024-04-09,8,15,0,0,True,False
1,2024-04-09,8,16,4,0,True,True
1,2024-04-09,9,1,0,0,True,False
1,2024-04-09,9,2,1,0,True,True
1,2024-04-09,9,3,0,0,True,False
1,2024-04-09,9,4,6,0,True,True
1,2024-04-09,9,5,0,0,True,False
1,2024-04-09,9,6,2,0,True,True
1,2024-04-09,9,7,3,0,True,True
1,2024-04-09,9,8,1,0,True,True
1,2024-04-09,9,9,0,0,True,False
1,2024-04-09,9,10,1,0,True,True
1,2024-04-09,9,11,0,0,True,False
1,2024-04-09,9,12,3,0,True,True
1,2024-04-09,9,13,9,0,True,True
1,2024-04-09,9,14,3,0,True,True
1,2024-04-09,9,15,0,0,True,False
1,2024-04-09,9,16,2,0,True,True
1,2024-04-09,10,1,0,0,True,False
1,2024-04-09,10,2,1,0,True,True
1,2024-04-09,10,3,0,0,True,False
1,2024-04-09,10,4,2,0,True,True
1,2024-04-09,10,5,2,0,True,True
1,2024-04-09,10,6,2,0,True,True
1,2024-04-09,10,7,2,0,True,True
1,2024-04-09,10,8,2,0,True,True
1,2024-04-09,10,9,1,0,True,True
1,2024-04-09,10,10,1,0,True,True
1,2024-04-09,10,11,3,0,True,True
1,2024-04-09,10,12,1,0,True,True
1,2024-04-09,10,13,1,0,True,True
1,2024-04-09,10,14,3,0,True,True
1,2024-04-09,10,15,2,0,True,True
1,2024-04-09,10,16,0,0,True,False
1,2024-04-09,11,1,1,0,True,True
1,2024-04-09,11,2,3,0,True,True
1,2024-04-09,11,3,0,0,True,False
1,2024-04-09,11,4,1,0,True,True
1,2024-04-09,11,5,0,0,True,False
1,2024-04-09,11,6,3,0,True,True
1,2024-04-09,11,7,1,0,True,True
1,2024-04-09,11,8,4,0,True,True
1,2024-04-09,11,9,2,0,True,True
1,2024-04-09,11,10,1,0,True,True
1,2024-04-09,11,11,2,0,True,True
1,2024-04-09,11,12,1,0,True,True
1,2024-04-09,11,13,2,0,True,True
1,2024-04-09,11,14,2,0,True,True
1,2024-04-09,11,15,1,0,True,True
1,2024-04-09,11,16,5,0,True,True
1,2024-04-09,12,1,1,0,True,True
1,2024-04-09,12,2,1,0,True,True
1,2024-04-09,12,3,3,0,True,True
1,2024-04-09,12,4,3,0,True,True
1,2024-04-09,12,5,1,0,True,True
1,2024-04-09,12,6,2,0,True,True
1,2024-04-09,12,7,0,0,True,False
1,2024-04-09,12,8,1,0,True,True
1,2024-04-09,12,9,2,0,True,True
1,2024-04-09,12,10,0,0,True,False
1,2024-04-09,12,11,1,0,True,True
1,2024-04-09,12,12,2,0,True,True
1,2024-04-09,12,13,1,0,True,True
1,2024-04-09,12,14,0,0,True,False
1,2024-04-09,12,15,1,0,True,True
1,2024-04-09,12,16,3,0,True,True
1,2024-04-09,13,1,0,0,True,False
1,2024-04-09,13,2,6,0,True,True
1,2024-04-09,13,3,2,0,True,True
1,2024-04-09,13,4,2,0,True,True
1,2024-04-09,13,5,2,0,True,True
1,2024-04-09,13,6,1,0,True,True
1,2024-04-09,13,7,13,0,True,True
1,2024-04-09,13,8,1,0,True,True
1,2024-04-09,13,9,3,0,True,True
1,2024-04-09,13,10,2,0,True,True
1,2024-04-09,13,11,0,0,True,False
1,2024-04-09,13,12,2,0,True,True
1,2024-04-09,13,13,0,0,True,False
1,2024-04-09,13,14,1,0,True,True
1,2024-04-09,13,15,14,0,True,True
1,2024-04-09,13,16,0,0,True,False
1,2024-04-09,14,1,1,0,True,True
1,2024-04-09,14,2,3,0,True,True
1,2024-04-09,14,3,0,0,True,False
1,2024-04-09,14,4,1,0,True,True
1,2024-04-09,14,5,1,0,True,True
1,2024-04-09,14,6,1,0,True,True
1,2024-04-09,14,7,2,0,True,True
1,2024-04-09,14,8,0,0,True,False
1,2024-04-09,14,9,2,0,True,True
1,2024-04-09,14,10,3,0,True,True
1,2024-04-09,14,11,1,0,True,True
1,2024-04-09,14,12,0,0,True,False
1,2024-04-09,14,13,1,0,True,True
1,2024-04-09,14,14,0,0,True,False
1,2024-04-09,14,15,1,0,True,True
1,2024-04-09,14,16,10,0,True,True
1,2024-04-09,15,1,1,0,True,True
1,2024-04-09,15,2,2,0,True,True
1,2024-04-09,15,3,2,0,True,True
1,2024-04-09,15,4,4,0,True,True
1,2024-04-09,15,5,1,0,True,True
1,2024-04-09,15,6,19,0,True,True
1,2024-04-09,15,7,0,0,True,False
1,2024-04-09,15,8,0,0,True,False
1,2024-04-09,15,9,0,0,True,False
1,2024-04-09,15,10,3,0,True,True
1,2024-04-09,15,11,2,0,True,True
1,2024-04-09,15,12,0,0,True,False
1,2024-04-09,15,13,1,0,True,True
1,2024-04-09,15,14,0,0,True,False
1,2024-04-09,15,15,2,0,True,True
1,2024-04-09,15,16,8,0,True,True
1,2024-04-09,16,1,23,0,True,True
1,2024-04-09,16,2,0,0,True,False
1,2024-04-09,16,3,1,0,True,True
1,2024-04-09,16,4,1,0,True,True
1,2024-04-09,16,5,1,0,True,True
1,2024-04-09,16,6,4,0,True,True
1,2024-04-09,16,7,2,0,True,True
1,2024-04-09,16,8,1,0,True,True
1,2024-04-09,16,9,8,0,True,True
1,2024-04-09,16,10,115,0,True,True
1,2024-04-09,16,11,1,0,True,True
1,2024-04-09,16,12,4,0,True,True
1,2024-04-09,16,13,1,0,True,True
1,2024-04-09,16,14,3,0,True,True
1,2024-04-09,16,15,21,0,True,True
1,2024-04-09,16,16,16,1,True,True
1,2024-04-09,17,1,0,0,True,False
1,2024-04-09,17,2,2,0,True,True
1,2024-04-09,17,3,2,0,True,True
1,2024-04-09,17,4,39,0,True,True
1,2024-04-09,17,5,3,0,True,True
1,2024-04-09,17,6,1,0,True,True
1,2024-04-09,17,7,2,0,True,True
1,2024-04-09,17,8,1,0,True,True
1,2024-04-09,17,9,0,0,True,False
1,2024-04-09,17,10,1,0,True,True
1,2024-04-09,17,11,4,0,True,True
1,2024-04-09,17,12,3,0,True,True
1,2024-04-09,17,13,3,0,True,True
1,2024-04-09,17,14,3,0,True,True
1,2024-04-09,17,15,0,0,True,False
1,2024-04-09,17,16,23,2,True,True
1,2024-04-09,18,1,3,0,True,True
1,2024-04-09,18,2,1,0,True,True
1,2024-04-09,18,3,3,0,True,True
1,2024-04-09,18,4,1,0,True,True
1,2024-04-09,18,5,0,0,True,False
1,2024-04-09,18,6,1,0,True,True
1,2024-04-09,18,7,0,0,True,False
1,2024-04-09,18,8,0,0,True,False
1,2024-04-09,18,9,0,0,True,False
1,2024-04-09,18,10,0,0,True,False
1,2024-04-09,18,11,5,0,True,True
1,2024-04-09,18,12,20,0,True,True
1,2024-04-09,18,13,1,0,True,True
1,2024-04-09,18,14,122,5,True,True
1,2024-04-09,18,15,1,0,True,True
1,2024-04-09,18,16,8,0,True,True
1,2024-04-09,19,1,3,0,True,True
1,2024-04-09,19,2,3,0,True,True
1,2024-04-09,19,3,3,0,True,True
1,2024-04-09,19,4,0,0,True,False
1,2024-04-09,19,5,0,0,True,False
1,2024-04-09,19,6,0,0,True,False
1,2024-04-09,19,7,2,0,True,True
1,2024-04-09,19,8,3,0,True,True
1,2024-04-09,19,9,0,0,True,False
1,2024-04-09,19,10,1,0,True,True
1,2024-04-09,19,11,0,0,True,False
1,2024-04-09,19,12,1,0,True,True
1,2024-04-09,19,13,3,0,True,True
1,2024-04-09,19,14,0,0,True,False
1,2024-04-09,19,15,1,0,True,True
1,2024-04-09,19,16,0,0,True,False
1,2024-04-09,20,1,4,0,True,True
1,2024-04-09,20,2,0,0,True,False
1,2024-04-09,20,3,3,0,True,True
1,2024-04-09,20,4,3,0,True,True
1,2024-04-09,20,5,2,0,True,True
1,2024-04-09,20,6,1,0,True,True
1,2024-04-09,20,7,2,0,True,True
1,2024-04-09,20,8,0,0,True,False
1,2024-04-09,20,9,3,0,True,True
1,2024-04-09,20,10,3,0,True,True
1,2024-04-09,20,11,0,0,True,False
1,2024-04-09,20,12,1,0,True,True
1,2024-04-09,20,13,1,0,True,True
1,2024-04-09,20,14,2,0,True,True
1,2024-04-09,20,15,2,0,True,True
1,2024-04-09,20,16,2,0,True,True
1,2024-04-09,21,1,3,0,True,True
1,2024-04-09,21,2,1,0,True,True
1,2024-04-09,21,3,0,0,True,False
1,2024-04-09,21,4,2,0,True,True
1,2024-04-09,21,5,1,0,True,True
1,2024-04-09,21,6,2,0,True,True
1,2024-04-09,21,7,3,0,True,True
1,2024-04-09,21,8,2,0,True,True
1,2024-04-09,21,9,3,0,True,True
1,2024-04-09,21,10,1,0,True,True
1,2024-04-09,21,11,2,0,True,True
1,2024-04-09,21,12,1,0,True,True
1,2024-04-09,21,13,2,0,True,True
1,2024-04-09,21,14,1,0,True,True
1,2024-04-09,21,15,0,0,True,False
1,2024-04-09,21,16,1,0,True,True
1,2024-04-09,22,1,2,0,True,True
1,2024-04-09,22,2,2,0,True,True
1,2024-04-09,22,3,311,22,True,True
1,2024-04-09,22,4,6,0,True,True
1,2024-04-09,22,5,11,0,True,True
1,2024-04-09,22,6,2,0,True,True
1,2024-04-09,22,7,2,0,True,True
1,2024-04-09,22,8,2,0,True,True
1,2024-04-09,22,9,1,0,True,True
1,2024-04-09,22,10,2,0,True,True
1,2024-04-09,22,11,1,0,True,True
1,2024-04-09,22,12,6,0,True,True
1,2024-04-09,22,13,69,0,True,True
1,2024-04-09,22,14,0,0,True,False
1,2024-04-09,22,15,3,0,True,True
1,2024-04-09,22,16,2,0,True,True
1,2024-04-09,23,1,7,0,True,True
1,2024-04-09,23,2,12,0,True,True
1,2024-04-09,23,3,1,0,True,True
1,2024-04-09,23,4,1,0,True,True
1,2024-04-09,23,5,1,0,True,True
1,2024-04-09,23,6,3,0,True,True
1,2024-04-09,23,7,1,0,True,True
1,2024-04-09,23,8,3,0,True,True
1,2024-04-09,23,9,8,0,True,True
1,2024-04-09,23,10,9,0,True,True
1,2024-04-09,23,11,1,0,True,True
1,2024-04-09,23,12,25,0,True,True
1,2024-04-09,23,13,5,0,True,True
1,2024-04-09,23,14,2,0,True,True
1,2024-04-09,23,15,2,0,True,True
1,2024-04-09,23,16,5,0,True,True
1,2024-04-09,24,1,13,0,True,True
1,2024-04-09,24,2,10,0,True,True
1,2024-04-09,24,3,0,0,True,False
1,2024-04-09,24,4,4,0,True,True
1,2024-04-09,24,5,8,0,True,True
1,2024-04-09,24,6,3,0,True,True
1,2024-04-09,24,7,9,0,True,True
1,2024-04-09,24,8,0,0,True,False
1,2024-04-09,24,9,67,0,True,True
1,2024-04-09,24,10,0,0,True,False
1,2024-04-09,24,11,1,0,True,True
1,2024-04-09,24,12,0,0,True,False
1,2024-04-09,24,13,1,0,True,True
1,2024-04-09,24,14,0,0,True,False
1,2024-04-09,24,15,25,0,True,True
1,2024-04-09,24,16,4,0,True,True
2,2024-04-10,1,1,0,0,True,False
2,2024-04-10,1,2,3,0,True,True
2,2024-04-10,1,3,0,0,True,False
2,2024-04-10,1,4,39,1,True,True
2,2024-04-10,1,5,1,0,True,True
2,2024-04-10,1,6,0,0,True,False
2,2024-04-10,1,7,7,0,True,True
2,2024-04-10,1,8,2,0,True,True
2,2024-04-10,1,9,3,0,True,True
2,2024-04-10,1,10,1,0,True,True
2,2024-04-10,1,11,2,0,True,True
2,2024-04-10,1,12,0,0,True,False
2,2024-04-10,1,13,1,0,True,True
2,2024-04-10,1,14,1,0,True,True
2,2024-04-10,1,15,1,0,True,True
2,2024-04-10,1,16,2,0,True,True
2,2024-04-10,2,1,2,0,True,True
2,2024-04-10,2,2,2,0,True,True
2,2024-04-10,2,3,4,0,True,True
2,2024-04-10,2,4,2,0,True,True
2,2024-04-10,2,5,14,0,True,True
2,2024-04-10,2,6,1,0,True,True
2,2024-04-10,2,7,1,0,True,True
2,2024-04-10,2,8,2,0,True,True
2,2024-04-10,2,9,1,0,True,True
2,2024-04-10,2,10,3,0,True,True
2,2024-04-10,2,11,0,0,True,False
2,2024-04-10,2,12,0,0,True,False
2,2024-04-10,2,13,5,0,True,True
2,2024-04-10,2,14,1,0,True,True
2,2024-04-10,2,15,1,0,True,True
2,2024-04-10,2,16,4,0,True,True
2,2024-04-10,3,1,3,0,True,True
2,2024-04-10,3,2,0,0,True,False
2,2024-04-10,3,3,4,0,True,True
2,2024-04-10,3,4,2,0,True,True
2,2024-04-10,3,5,3,0,True,True
2,2024-04-10,3,6,2,0,True,True
2,2024-04-10,3,7,3,0,True,True
2,2024-04-10,3,8,0,0,True,False
2,2024-04-10,3,9,4,0,True,True
2,2024-04-10,3,10,8,0,True,True
2,2024-04-10,3,11,6,0,True,True
2,2024-04-10,3,12,1,0,True,True
2,2024-04-10,3,13,0,0,True,False
2,2024-04-10,3,14,1,0,True,True
2,2024-04-10,3,15,2,0,True,True
2,2024-04-10,3,16,0,0,True,False
2,2024-04-10,4,1,3,0,True,True
2,2024-04-10,4,2,5,0,True,True
2,2024-04-10,4,3,2,0,True,True
2,2024-04-10,4,4,1,0,True,True
2,2024-04-10,4,5,2,0,True,True
2,2024-04-10,4,6,2,0,True,True
2,2024-04-10,4,7,0,0,True,False
2,2024-04-10,4,8,0,0,True,False
2,2024-04-10,4,9,2,0,True,True
2,2024-04-10,4,10,2,0,True,True
2,2024-04-10,4,11,1,0,True,True
2,2024-04-10,4,12,2,0,True,True
2,2024-04-10,4,13,2,0,True,True
2,2024-04-10,4,14,2,0,True,True
2,2024-04-10,4,15,2,0,True,True
2,2024-04-10,4,16,4,0,True,True
2,2024-04-10,5,1,0,0,True,False
2,2024-04-10,5,2,1,0,True,True
2,2024-04-10,5,3,0,0,True,False
2,2024-04-10,5,4,2,0,True,True
2,2024-04-10,5,5,1,0,True,True
2,2024-04-10,5,6,4,0,True,True
2,2024-04-10,5,7,0,0,True,False
2,2024-04-10,5,8,1,0,True,True
2,2024-04-10,5,9,3,0,True,True
2,2024-04-10,5,10,2,0,True,True
2,2024-04-10,5,11,1,0,True,True
2,2024-04-10,5,12,4,0,True,True
2,2024-04-10,5,13,1,0,True,True
2,2024-04-10,5,14,3,0,True,True
2,2024-04-10,5,15,1,0,True,True
2,2024-04-10,5,16,4,0,True,True
2,2024-04-10,6,1,0,0,True,False
2,2024-04-10,6,2,0,0,True,False
2,2024-04-10,6,3,3,0,True,True
2,2024-04-10,6,4,0,0,True,False
2,2024-04-10,6,5,1,0,True,True
2,2024-04-10,6,6,0,0,True,False
2,2024-04-10,6,7,2,0,True,True
2,2024-04-10,6,8,1,0,True,True
2,2024-04-10,6,9,1,0,True,True
2,2024-04-10,6,10,3,0,True,True
2,2024-04-10,6,11,3,0,True,True
2,2024-04-10,6,12,1,0,True,True
2,2024-04-10,6,13,0,0,True,False
2,2024-04-10,6,14,2,0,True,True
2,2024-04-10,6,15,0,0,True,False
2,2024-04-10,6,16,1,0,True,True
2,2024-04-10,7,1,0,0,True,False
2,2024-04-10,7,2,0,0,True,False
2,2024-04-10,7,3,1,0,True,True
2,2024-04-10,7,4,1,0,True,True
2,2024-04-10,7,5,3,0,True,True
2,2024-04-10,7,6,1,0,True,True
2,2024-04-10,7,7,2,0,True,True
2,2024-04-10,7,8,2,0,True,True
2,2024-04-10,7,9,1,0,True,True
2,2024-04-10,7,10,0,0,True,False
2,2024-04-10,7,11,4,0,True,True
2,2024-04-10,7,12,11,0,True,True
2,2024-04-10,7,13,1,0,True,True
2,2024-04-10,7,14,2,0,True,True
2,2024-04-10,7,15,38,0,True,True
2,2024-04-10,7,16,2,0,True,True
2,2024-04-10,8,1,2,0,True,True
2,2024-04-10,8,2,0,0,True,False
2,2024-04-10,8,3,1,0,True,True
2,2024-04-10,8,4,1,0,True,True
2,2024-04-10,8,5,2,0,True,True
2,2024-04-10,8,6,2,0,True,True
2,2024-04-10,8,7,1,0,True,True
2,2024-04-10,8,8,2,0,True,True
2,2024-04-10,8,9,1,0,True,True
2,2024-04-10,8,10,2,0,True,True
2,2024-04-10,8,11,0,0,True,False
2,2024-04-10,8,12,3,0,True,True
2,2024-04-10,8,13,2,0,True,True
2,2024-04-10,8,14,0,0,True,False
2,2024-04-10,8,15,1,0,True,True
2,2024-04-10,8,16,2,0,True,True
2,2024-04-10,9,1,4,0,True,True
2,2024-04-10,9,2,2,0,True,True
2,2024-04-10,9,3,0,0,True,False
2,2024-04-10,9,4,7,0,True,True
2,2024-04-10,9,5,1,0,True,True
2,2024-04-10,9,6,2,0,True,True
2,2024-04-10,9,7,1,0,True,True
2,2024-04-10,9,8,1,0,True,True
2,2024-04-10,9,9,2,0,True,True
2,2024-04-10,9,10,1,0,True,True
2,2024-04-10,9,11,2,0,True,True
2,2024-04-10,9,12,3,0,True,True
2,2024-04-10,9,13,2,0,True,True
2,2024-04-10,9,14,2,0,True,True
2,2024-04-10,9,15,0,0,True,False
2,2024-04-10,9,16,0,0,True,False
2,2024-04-10,10,1,0,0,True,False
2,2024-04-10,10,2,1,0,True,True
2,2024-04-10,10,3,2,0,True,True
2,2024-04-10,10,4,2,0,True,True
2,2024-04-10,10,5,3,0,True,True
2,2024-04-10,10,6,2,0,True,True
2,2024-04-10,10,7,1,0,True,True
2,2024-04-10,10,8,1,0,True,True
2,2024-04-10,10,9,0,0,True,False
2,2024-04-10,10,10,0,0,True,False
2,2024-04-10,10,11,3,0,True,True
2,2024-04-10,10,12,3,0,True,True
2,2024-04-10,10,13,3,0,True,True
2,2024-04-10,10,14,2,0,True,True
2,2024-04-10,10,15,4,0,True,True
2,2024-04-10,10,16,1,0,True,True
2,2024-04-10,11,1,2,0,True,True
2,2024-04-10,11,2,2,0,True,True
2,2024-04-10,11,3,0,0,True,False
2,2024-04-10,11,4,0,0,True,False
2,2024-04-10,11,5,0,0,True,False
2,2024-04-10,11,6,2,0,True,True
2,2024-04-10,11,7,1,0,True,True
2,2024-04-10,11,8,0,0,True,False
2,2024-04-10,11,9,1,0,True,True
2,2024-04-10,11,10,0,0,True,False
2,2024-04-10,11,11,2,0,True,True
2,2024-04-10,11,12,2,0,True,True
2,2024-04-10,11,13,1,0,True,True
2,2024-04-10,11,14,4,0,True,True
2,2024-04-10,11,15,1,0,True,True
2,2024-04-10,11,16,0,0,True,False
2,2024-04-10,12,1,2,0,True,True
2,2024-04-10,12,2,3,0,True,True
2,2024-04-10,12,3,2,0,True,True
2,2024-04-10,12,4,4,0,True,True
2,2024-04-10,12,5,2,0,True,True
2,2024-04-10,12,6,2,0,True,True
2,2024-04-10,12,7,1,0,True,True
2,2024-04-10,12,8,1,0,True,True
2,2024-04-10,12,9,1,0,True,True
2,2024-04-10,12,10,1,0,True,True
2,2024-04-10,12,11,1,0,True,True
2,2024-04-10,12,12,0,0,True,False
2,2024-04-10,12,13,0,0,True,False
2,2024-04-10,12,14,2,0,True,True
2,2024-04-10,12,15,2,0,True,True
2,2024-04-10,12,16,0,0,True,False
2,2024-04-10,13,1,1,0,True,True
2,2024-04-10,13,2,1,0,True,True
2,2024-04-10,13,3,0,0,True,False
2,2024-04-10,13,4,0,0,True,False
2,2024-04-10,13,5,1,0,True,True
2,2024-04-10,13,6,1,0,True,True
2,2024-04-10,13,7,2,0,True,True
2,2024-04-10,13,8,3,0,True,True
2,2024-04-10,13,9,0,0,True,False
2,2024-04-10,13,10,1,0,True,True
2,2024-04-10,13,11,2,0,True,True
2,2024-04-10,13,12,3,0,True,True
2,2024-04-10,13,13,1,0,True,True
2,2024-04-10,13,14,3,0,True,True
2,2024-04-10,13,15,13,0,True,True
2,2024-04-10,13,16,1,0,True,True
2,2024-04-10,14,1,1,0,True,True
2,2024-04-10,14,2,0,0,True,False
2,2024-04-10,14,3,0,0,True,False
2,2024-04-10,14,4,1,0,True,True
2,2024-04-10,14,5,1,0,True,True
2,2024-04-10,14,6,0,0,True,False
2,2024-04-10,14,7,2,0,True,True
2,2024-04-10,14,8,1,0,True,True
2,2024-04-10,14,9,1,0,True,True
2,2024-04-10,14,10,3,0,True,True
2,2024-04-10,14,11,1,0,True,True
2,2024-04-10,14,12,2,0,True,True
2,2024-04-10,14,13,2,0,True,True
2,2024-04-10,14,14,0,0,True,False
2,2024-04-10,14,15,1,0,True,True
2,2024-04-10,14,16,1,0,True,True
2,2024-04-10,15,1,68,0,True,True
2,2024-04-10,15,2,4,0,True,True
2,2024-04-10,15,3,0,0,True,False
2,2024-04-10,15,4,1,0,True,True
2,2024-04-10,15,5,2,0,True,True
2,2024-04-10,15,6,3,0,True,True
2,2024-04-10,15,7,3,0,True,True
2,2024-04-10,15,8,2,0,True,True
2,2024-04-10,15,9,2,0,True,True
2,2024-04-10,15,10,3,0,True,True
2,2024-04-10,15,11,1,0,True,True
2,2024-04-10,15,12,1,0,True,True
2,2024-04-10,15,13,1,0,True,True
2,2024-04-10,15,14,1,0,True,True
2,2024-04-10,15,15,5,0,True,True
2,2024-04-10,15,16,1,0,True,True
2,2024-04-10,16,1,45,0,True,True
2,2024-04-10,16,2,2,0,True,True
2,2024-04-10,16,3,3,0,True,True
2,2024-04-10,16,4,2,0,True,True
2,2024-04-10,16,5,1,0,True,True
2,2024-04-10,16,6,1,0,True,True
2,2024-04-10,16,7,3,0,True,True
2,2024-04-10,16,8,1,0,True,True
2,2024-04-10,16,9,10,0,True,True
2,2024-04-10,16,10,0,0,True,False
2,2024-04-10,16,11,1,0,True,True
2,2024-04-10,16,12,2,0,True,True
2,2024-04-10,16,13,1,0,True,True
2,2024-04-10,16,14,0,0,True,False
2,2024-04-10,16,15,18,0,True,True
2,2024-04-10,16,16,1,0,True,True
2,2024-04-10,17,1,23,0,True,True
2,2024-04-10,17,2,3,0,True,True
2,2024-04-10,17,3,0,0,True,False
2,2024-04-10,17,4,4,0,True,True
2,2024-04-10,17,5,24,0,True,True
2,2024-04-10,17,6,0,0,True,False
2,2024-04-10,17,7,2,0,True,True
2,2024-04-10,17,8,1,0,True,True
2,2024-04-10,17,9,1,0,True,True
2,2024-04-10,17,10,4,0,True,True
2,2024-04-10,17,11,2,0,True,True
2,2024-04-10,17,12,0,0,True,False
2,2024-04-10,17,13,1,0,True,True
2,2024-04-10,17,14,2,0,True,True
2,2024-04-10,17,15,2,0,True,True
2,2024-04-10,17,16,0,0,True,False
2,2024-04-10,18,1,1,0,True,True
2,2024-04-10,18,2,0,0,True,False
2,2024-04-10,18,3,8,0,True,True
2,2024-04-10,18,4,2,0,True,True
2,2024-04-10,18,5,3,0,True,True
2,2024-04-10,18,6,1,0,True,True
2,2024-04-10,18,7,34,0,True,True
2,2024-04-10,18,8,0,0,True,False
2,2024-04-10,18,9,1,0,True,True
2,2024-04-10,18,10,1,0,True,True
2,2024-04-10,18,11,62,1,True,True
2,2024-04-10,18,12,78,0,True,True
2,2024-04-10,18,13,2,0,True,True
2,2024-04-10,18,14,0,0,True,False
2,2024-04-10,18,15,3,0,True,True
2,2024-04-10,18,16,0,0,True,False
2,2024-04-10,19,1,3,0,True,True
2,2024-04-10,19,2,2,0,True,True
2,2024-04-10,19,3,0,0,True,False
2,2024-04-10,19,4,0,0,True,False
2,2024-04-10,19,5,1,0,True,True
2,2024-04-10,19,6,0,0,True,False
2,2024-04-10,19,7,4,0,True,True
2,2024-04-10,19,8,1,0,True,True
2,2024-04-10,19,9,1,0,True,True
2,2024-04-10,19,10,0,0,True,False
2,2024-04-10,19,11,3,0,True,True
2,2024-04-10,19,12,1,0,True,True
2,2024-04-10,19,13,1,0,True,True
2,2024-04-10,19,14,2,0,True,True
2,2024-04-10,19,15,2,0,True,True
2,2024-04-10,19,16,3,0,True,True
2,2024-04-10,20,1,0,0,True,False
2,2024-04-10,20,2,1,0,True,True
2,2024-04-10,20,3,2,0,True,True
2,2024-04-10,20,4,0,0,True,False
2,2024-04-10,20,5,1,0,True,True
2,2024-04-10,20,6,2,0,True,True
2,2024-04-10,20,7,0,0,True,False
2,2024-04-10,20,8,3,0,True,True
2,2024-04-10,20,9,0,0,True,False
2,2024-04-10,20,10,0,0,True,False
2,2024-04-10,20,11,1,0,True,True
2,2024-04-10,20,12,4,0,True,True
2,2024-04-10,20,13,0,0,True,False
2,2024-04-10,20,14,5,0,True,True
2,2024-04-10,20,15,2,0,True,True
2,2024-04-10,20,16,0,0,True,False
2,2024-04-10,21,1,0,0,True,False
2,2024-04-10,21,2,1,0,True,True
2,2024-04-10,21,3,1,0,True,True
2,2024-04-10,21,4,2,0,True,True
2,2024-04-10,21,5,1,0,True,True
2,2024-04-10,21,6,1,0,True,True
2,2024-04-10,21,7,3,0,True,True
2,2024-04-10,21,8,0,0,True,False
2,2024-04-10,21,9,3,0,True,True
2,2024-04-10,21,10,0,0,True,False
2,2024-04-10,21,11,0,0,True,False
2,2024-04-10,21,12,2,0,True,True
2,2024-04-10,21,13,3,0,True,True
2,2024-04-10,21,14,2,0,True,True
2,2024-04-10,21,15,2,0,True,True
2,2024-04-10,21,16,2,0,True,True
2,2024-04-10,22,1,2,0,True,True
2,2024-04-10,22,2,1,0,True,True
2,2024-04-10,22,3,4,0,True,True
2,2024-04-10,22,4,140,0,True,True
2,2024-04-10,22,5,3,0,True,True
2,2024-04-10,22,6,1,0,True,True
2,2024-04-10,22,7,3,0,True,True
2,2024-04-10,22,8,45,0,True,True
2,2024-04-10,22,9,1,0,True,True
2,2024-04-10,22,10,4,0,True,True
2,2024-04-10,22,11,14,0,True,True
2,2024-04-10,22,12,1,0,True,True
2,2024-04-10,22,13,146,0,True,True
2,2024-04-10,22,14,3,0,True,True
2,2024-04-10,22,15,1,0,True,True
2,2024-04-10,22,16,0,0,True,False
2,2024-04-10,23,1,9,0,True,True
2,2024-04-10,23,2,29,0,True,True
2,2024-04-10,23,3,6,0,True,True
2,2024-04-10,23,4,1,0,True,True
2,2024-04-10,23,5,1,0,True,True
2,2024-04-10,23,6,0,0,True,False
2,2024-04-10,23,7,0,0,True,False
2,2024-04-10,23,8,0,0,True,False
2,2024-04-10,23,9,38,0,True,True
2,2024-04-10,23,10,5,0,True,True
2,2024-04-10,23,11,1,0,True,True
2,2024-04-10,23,12,121,0,True,True
2,2024-04-10,23,13,55,0,True,True
2,2024-04-10,23,14,2,0,True,True
2,2024-04-10,23,15,118,0,True,True
2,2024-04-10,23,16,2,0,True,True
2,2024-04-10,24,1,2,0,True,True
2,2024-04-10,24,2,6,0,True,True
2,2024-04-10,24,3,0,0,True,False
2,2024-04-10,24,4,1,0,True,True
2,2024-04-10,24,5,2,0,True,True
2,2024-04-10,24,6,3,0,True,True
2,2024-04-10,24,7,36,0,True,True
2,2024-04-10,24,8,29,0,True,True
2,2024-04-10,24,9,14,0,True,True
2,2024-04-10,24,10,1,0,True,True
2,2024-04-10,24,11,27,0,True,True
2,2024-04-10,24,12,4,0,True,True
2,2024-04-10,24,13,1,0,True,True
2,2024-04-10,24,14,7,0,True,True
2,2024-04-10,24,15,2,0,True,True
2,2024-04-10,24,16,1,0,True,True
3,2024-04-11,1,1,1,0,True,True
3,2024-04-11,1,2,1,0,True,True
3,2024-04-11,1,3,0,0,True,False
3,2024-04-11,1,4,42,0,True,True
3,2024-04-11,1,5,1,0,True,True
3,2024-04-11,1,6,1,0,True,True
3,2024-04-11,1,7,1,0,True,True
3,2024-04-11,1,8,1,0,True,True
3,2024-04-11,1,9,24,0,True,True
3,2024-04-11,1,10,1,0,True,True
3,2024-04-11,1,11,3,0,True,True
3,2024-04-11,1,12,3,0,True,True
3,2024-04-11,1,13,1,0,True,True
3,2024-04-11,1,14,0,0,True,False
3,2024-04-11,1,15,1,0,True,True
3,2024-04-11,1,16,2,0,True,True
3,2024-04-11,2,1,0,0,True,False
3,2024-04-11,2,2,3,0,True,True
3,2024-04-11,2,3,2,0,True,True
3,2024-04-11,2,4,1,0,True,True
3,2024-04-11,2,5,126,1,True,True
3,2024-04-11,2,6,0,0,True,False
3,2024-04-11,2,7,1,0,True,True
3,2024-04-11,2,8,3,0,True,True
3,2024-04-11,2,9,0,0,True,False
3,2024-04-11,2,10,1,0,True,True
3,2024-04-11,2,11,1,0,True,True
3,2024-04-11,2,12,0,0,True,False
3,2024-04-11,2,13,2,0,True,True
3,2024-04-11,2,14,2,0,True,True
3,2024-04-11,2,15,1,0,True,True
3,2024-04-11,2,16,2,0,True,True
3,2024-04-11,3,1,3,0,True,True
3,2024-04-11,3,2,3,0,True,True
3,2024-04-11,3,3,1,0,True,True
3,2024-04-11,3,4,3,0,True,True
3,2024-04-11,3,5,3,0,True,True
3,2024-04-11,3,6,1,0,True,True
3,2024-04-11,3,7,2,0,True,True
3,2024-04-11,3,8,2,0,True,True
3,2024-04-11,3,9,2,0,True,True
3,2024-04-11,3,10,21,0,True,True
3,2024-04-11,3,11,7,0,True,True
3,2024-04-11,3,12,2,0,True,True
3,2024-04-11,3,13,0,0,True,False
3,2024-04-11,3,14,0,0,True,False
3,2024-04-11,3,15,2,0,True,True
3,2024-04-11,3,16,4,0,True,True
3,2024-04-11,4,1,0,0,True,False
3,2024-04-11,4,2,0,0,True,False
3,2024-04-11,4,3,1,0,True,True
3,2024-04-11,4,4,1,0,True,True
3,2024-04-11,4,5,1,0,True,True
3,2024-04-11,4,6,1,0,True,True
3,2024-04-11,4,7,4,0,True,True
3,2024-04-11,4,8,0,0,True,False
3,2024-04-11,4,9,1,0,True,True
3,2024-04-11,4,10,0,0,True,False
3,2024-04-11,4,11,1,0,True,True
3,2024-04-11,4,12,0,0,True,False
3,2024-04-11,4,13,1,0,True,True
3,2024-04-11,4,14,2,0,True,True
3,2024-04-11,4,15,0,0,True,False
3,2024-04-11,4,16,1,0,True,True
3,2024-04-11,5,1,0,0,True,False
3,2024-04-11,5,2,1,0,True,True
3,2024-04-11,5,3,1,0,True,True
3,2024-04-11,5,4,2,0,True,True
3,2024-04-11,5,5,0,0,True,False
3,2024-04-11,5,6,2,0,True,True
3,2024-04-11,5,7,1,0,True,True
3,2024-04-11,5,8,2,0,True,True
3,2024-04-11,5,9,0,0,True,False
3,2024-04-11,5,10,2,0,True,True
3,2024-04-11,5,11,3,0,True,True
3,2024-04-11,5,12,0,0,True,False
3,2024-04-11,5,13,1,0,True,True
3,2024-04-11,5,14,1,0,True,True
3,2024-04-11,5,15,3,0,True,True
3,2024-04-11,5,16,4,0,True,True
3,2024-04-11,6,1,0,0,True,False
3,2024-04-11,6,2,1,0,True,True
3,2024-04-11,6,3,1,0,True,True
3,2024-04-11,6,4,2,0,True,True
3,2024-04-11,6,5,1,0,True,True
3,2024-04-11,6,6,1,0,True,True
3,2024-04-11,6,7,1,0,True,True
3,2024-04-11,6,8,2,0,True,True
3,2024-04-11,6,9,1,0,True,True
3,2024-04-11,6,10,4,0,True,True
3,2024-04-11,6,11,1,0,True,True
3,2024-04-11,6,12,1,0,True,True
3,2024-04-11,6,13,0,0,True,False
3,2024-04-11,6,14,3,0,True,True
3,2024-04-11,6,15,2,0,True,True
3,2024-04-11,6,16,1,0,True,True
3,2024-04-11,7,1,1,0,True,True
3,2024-04-11,7,2,2,0,True,True
3,2024-04-11,7,3,2,0,True,True
3,2024-04-11,7,4,0,0,True,False
3,2024-04-11,7,5,0,0,True,False
3,2024-04-11,7,6,0,0,True,False
3,2024-04-11,7,7,3,0,True,True
3,2024-04-11,7,8,18,0,True,True
3,2024-04-11,7,9,1,0,True,True
3,2024-04-11,7,10,2,0,True,True
3,2024-04-11,7,11,1,0,True,True
3,2024-04-11,7,12,3,0,True,True
3,2024-04-11,7,13,2,0,True,True
3,2024-04-11,7,14,1,0,True,True
3,2024-04-11,7,15,76,2,True,True
3,2024-04-11,7,16,0,0,True,False
3,2024-04-11,8,1,9,0,True,True
3,2024-04-11,8,2,1,0,True,True
3,2024-04-11,8,3,2,0,True,True
3,2024-04-11,8,4,0,0,True,False
3,2024-04-11,8,5,0,0,True,False
3,2024-04-11,8,6,3,0,True,True
3,2024-04-11,8,7,1,0,True,True
3,2024-04-11,8,8,1,0,True,True
3,2024-04-11,8,9,1,0,True,True
3,2024-04-11,8,10,0,0,True,False
3,2024-04-11,8,11,2,0,True,True
3,2024-04-11,8,12,1,0,True,True
3,2024-04-11,8,13,1,0,True,True
3,2024-04-11,8,14,2,0,True,True
3,2024-04-11,8,15,1,0,True,True
3,2024-04-11,8,16,0,0,True,False
3,2024-04-11,9,1,1,0,True,True
3,2024-04-11,9,2,1,0,True,True
3,2024-04-11,9,3,1,0,True,True
3,2024-04-11,9,4,8,0,True,True
3,2024-04-11,9,5,0,0,True,False
3,2024-04-11,9,6,0,0,True,False
3,2024-04-11,9,7,1,0,True,True
3,2024-04-11,9,8,0,0,True,False
3,2024-04-11,9,9,1,0,True,True
3,2024-04-11,9,10,2,0,True,True
3,2024-04-11,9,11,1,0,True,True
3,2024-04-11,9,12,0,0,True,False
3,2024-04-11,9,13,1,0,True,True
3,2024-04-11,9,14,1,0,True,True
3,2024-04-11,9,15,0,0,True,False
3,2024-04-11,9,16,3,0,True,True
3,2024-04-11,10,1,6,0,True,True
3,2024-04-11,10,2,0,0,True,False
3,2024-04-11,10,3,1,0,True,True
3,2024-04-11,10,4,2,0,True,True
3,2024-04-11,10,5,2,0,True,True
3,2024-04-11,10,6,0,0,True,False
3,2024-04-11,10,7,0,0,True,False
3,2024-04-11,10,8,0,0,True,False
3,2024-04-11,10,9,2,0,True,True
3,2024-04-11,10,10,1,0,True,True
3,2024-04-11,10,11,2,0,True,True
3,2024-04-11,10,12,1,0,True,True
3,2024-04-11,10,13,1,0,True,True
3,2024-04-11,10,14,0,0,True,False
3,2024-04-11,10,15,1,0,True,True
3,2024-04-11,10,16,1,0,True,True
3,2024-04-11,11,1,0,0,True,False
3,2024-04-11,11,2,3,0,True,True
3,2024-04-11,11,3,1,0,True,True
3,2024-04-11,11,4,4,0,True,True
3,2024-04-11,11,5,1,0,True,True
3,2024-04-11,11,6,0,0,True,False
3,2024-04-11,11,7,0,0,True,False
3,2024-04-11,11,8,2,0,True,True
3,2024-04-11,11,9,0,0,True,False
3,2024-04-11,11,10,2,0,True,True
3,2024-04-11,11,11,0,0,True,False
3,2024-04-11,11,12,2,0,True,True
3,2024-04-11,11,13,1,0,True,True
3,2024-04-11,11,14,1,0,True,True
3,2024-04-11,11,15,1,0,True,True
3,2024-04-11,11,16,2,0,True,True
3,2024-04-11,12,1,1,0,True,True
3,2024-04-11,12,2,1,0,True,True
3,2024-04-11,12,3,1,0,True,True
3,2024-04-11,12,4,1,0,True,True
3,2024-04-11,12,5,1,0,True,True
3,2024-04-11,12,6,0,0,True,False
3,2024-04-11,12,7,1,0,True,True
3,2024-04-11,12,8,1,0,True,True
3,2024-04-11,12,9,0,0,True,False
3,2024-04-11,12,10,1,0,True,True
3,2024-04-11,12,11,1,0,True,True
3,2024-04-11,12,12,3,0,True,True
3,2024-04-11,12,13,2,0,True,True
3,2024-04-11,12,14,0,0,True,False
3,2024-04-11,12,15,0,0,True,False
3,2024-04-11,12,16,0,0,True,False
3,2024-04-11,13,1,2,0,True,True
3,2024-04-11,13,2,2,0,True,True
3,2024-04-11,13,3,0,0,True,False
3,2024-04-11,13,4,0,0,True,False
3,2024-04-11,13,5,0,0,True,False
3,2024-04-11,13,6,0,0,True,False
3,2024-04-11,13,7,1,0,True,True
3,2024-04-11,13,8,2,0,True,True
3,2024-04-11,13,9,3,0,True,True
3,2024-04-11,13,10,0,0,True,False
3,2024-04-11,13,11,2,0,True,True
3,2024-04-11,13,12,0,0,True,False
3,2024-04-11,13,13,0,0,True,False
3,2024-04-11,13,14,0,0,True,False
3,2024-04-11,13,15,23,0,True,True
3,2024-04-11,13,16,2,0,True,True
3,2024-04-11,14,1,2,0,True,True
3,2024-04-11,14,2,1,0,True,True
3,2024-04-11,14,3,1,0,True,True
3,2024-04-11,14,4,4,0,True,True
3,2024-04-11,14,5,3,0,True,True
3,2024-04-11,14,6,1,0,True,True
3,2024-04-11,14,7,2,0,True,True
3,2024-04-11,14,8,0,0,True,False
3,2024-04-11,14,9,1,0,True,True
3,2024-04-11,14,10,109,0,True,True
3,2024-04-11,14,11,3,0,True,True
3,2024-04-11,14,12,0,0,True,False
3,2024-04-11,14,13,0,0,True,False
3,2024-04-11,14,14,0,0,True,False
3,2024-04-11,14,15,4,0,True,True
3,2024-04-11,14,16,1,0,True,True
3,2024-04-11,15,1,0,0,True,False
3,2024-04-11,15,2,1,0,True,True
3,2024-04-11,15,3,2,0,True,True
3,2024-04-11,15,4,3,0,True,True
3,2024-04-11,15,5,1,0,True,True
3,2024-04-11,15,6,0,0,True,False
3,2024-04-11,15,7,2,0,True,True
3,2024-04-11,15,8,0,0,True,False
3,2024-04-11,15,9,1,0,True,True
3,2024-04-11,15,10,5,0,True,True
3,2024-04-11,15,11,1,0,True,True
3,2024-04-11,15,12,3,0,True,True
3,2024-04-11,15,13,0,0,True,False
3,2024-04-11,15,14,2,0,True,True
3,2024-04-11,15,15,0,0,True,False
3,2024-04-11,15,16,1,0,True,True
3,2024-04-11,16,1,25,0,True,True
3,2024-04-11,16,2,18,0,True,True
3,2024-04-11,16,3,2,0,True,True
3,2024-04-11,16,4,2,0,True,True
3,2024-04-11,16,5,2,0,True,True
3,2024-04-11,16,6,0,0,True,False
3,2024-04-11,16,7,3,0,True,True
3,2024-04-11,16,8,2,0,True,True
3,2024-04-11,16,9,3,0,True,True
3,2024-04-11,16,10,0,0,True,False
3,2024-04-11,16,11,1,0,True,True
3,2024-04-11,16,12,1,0,True,True
3,2024-04-11,16,13,0,0,True,False
3,2024-04-11,16,14,1,0,True,True
3,2024-04-11,16,15,2,0,True,True
3,2024-04-11,16,16,2,0,True,True
3,2024-04-11,17,1,349,28,True,True
3,2024-04-11,17,2,1,0,True,True
3,2024-04-11,17,3,7,0,True,True
3,2024-04-11,17,4,1,0,True,True
3,2024-04-11,17,5,12,0,True,True
3,2024-04-11,17,6,5,0,True,True
3,2024-04-11,17,7,29,0,True,True
3,2024-04-11,17,8,3,0,True,True
3,2024-04-11,17,9,2,0,True,True
3,2024-04-11,17,10,1,0,True,True
3,2024-04-11,17,11,2,0,True,True
3,2024-04-11,17,12,3,0,True,True
3,2024-04-11,17,13,5,0,True,True
3,2024-04-11,17,14,2,0,True,True
3,2024-04-11,17,15,2,0,True,True
3,2024-04-11,17,16,2,0,True,True
3,2024-04-11,18,1,4,0,True,True
3,2024-04-11,18,2,2,0,True,True
3,2024-04-11,18,3,1,0,True,True
3,2024-04-11,18,4,0,0,True,False
3,2024-04-11,18,5,3,0,True,True
3,2024-04-11,18,6,0,0,True,False
3,2024-04-11,18,7,193,0,True,True
3,2024-04-11,18,8,4,0,True,True
3,2024-04-11,18,9,1,0,True,True
3,2024-04-11,18,10,35,0,True,True
3,2024-04-11,18,11,7,0,True,True
3,2024-04-11,18,12,113,0,True,True
3,2024-04-11,18,13,1,0,True,True
3,2024-04-11,18,14,0,0,True,False
3,2024-04-11,18,15,0,0,True,False
3,2024-04-11,18,16,0,0,True,False
3,2024-04-11,19,1,0,0,True,False
3,2024-04-11,19,2,2,0,True,True
3,2024-04-11,19,3,0,0,True,False
3,2024-04-11,19,4,1,0,True,True
3,2024-04-11,19,5,1,0,True,True
3,2024-04-11,19,6,1,0,True,True
3,2024-04-11,19,7,29,0,True,True
3,2024-04-11,19,8,1,0,True,True
3,2024-04-11,19,9,3,0,True,True
3,2024-04-11,19,10,1,0,True,True
3,2024-04-11,19,11,1,0,True,True
3,2024-04-11,19,12,1,0,True,True
3,2024-04-11,19,13,0,0,True,False
3,2024-04-11,19,14,4,0,True,True
3,2024-04-11,19,15,0,0,True,False
3,2024-04-11,19,16,1,0,True,True
3,2024-04-11,20,1,0,0,True,False
3,2024-04-11,20,2,2,0,True,True
3,2024-04-11,20,3,2,0,True,True
3,2024-04-11,20,4,0,0,True,False
3,2024-04-11,20,5,0,0,True,False
3,2024-04-11,20,6,0,0,True,False
3,2024-04-11,20,7,3,0,True,True
3,2024-04-11,20,8,1,0,True,True
3,2024-04-11,20,9,0,0,True,False
3,2024-04-11,20,10,2,0,True,True
3,2024-04-11,20,11,2,0,True,True
3,2024-04-11,20,12,1,0,True,True
3,2024-04-11,20,13,2,0,True,True
3,2024-04-11,20,14,0,0,True,False
3,2024-04-11,20,15,2,0,True,True
3,2024-04-11,20,16,3,0,True,True
3,2024-04-11,21,1,0,0,True,False
3,2024-04-11,21,2,0,0,True,False
3,2024-04-11,21,3,0,0,True,False
3,2024-04-11,21,4,2,0,True,True
3,2024-04-11,21,5,1,0,True,True
3,2024-04-11,21,6,1,0,True,True
3,2024-04-11,21,7,1,0,True,True
3,2024-04-11,21,8,0,0,True,False
3,2024-04-11,21,9,1,0,True,True
3,2024-04-11,21,10,0,0,True,False
3,2024-04-11,21,11,1,0,True,True
3,2024-04-11,21,12,2,0,True,True
3,2024-04-11,21,13,2,0,True,True
3,2024-04-11,21,14,0,0,True,False
3,2024-04-11,21,15,0,0,True,False
3,2024-04-11,21,16,0,0,True,False
3,2024-04-11,22,1,0,0,True,False
3,2024-04-11,22,2,2,0,True,True
3,2024-04-11,22,3,8,0,True,True
3,2024-04-11,22,4,452,11,True,True
3,2024-04-11,22,5,1,0,True,True
3,2024-04-11,22,6,2,0,True,True
3,2024-04-11,22,7,2,0,True,True
3,2024-04-11,22,8,2,0,True,True
3,2024-04-11,22,9,0,0,True,False
3,2024-04-11,22,10,1,0,True,True
3,2024-04-11,22,11,3,0,True,True
3,2024-04-11,22,12,1,0,True,True
3,2024-04-11,22,13,8,0,True,True
3,2024-04-11,22,14,16,0,True,True
3,2024-04-11,22,15,1,0,True,True
3,2024-04-11,22,16,2,0,True,True
3,2024-04-11,23,1,4,0,True,True
3,2024-04-11,23,2,15,0,True,True
3,2024-04-11,23,3,2,0,True,True
3,2024-04-11,23,4,0,0,True,False
3,2024-04-11,23,5,2,0,True,True
3,2024-04-11,23,6,2,0,True,True
3,2024-04-11,23,7,2,0,True,True
3,2024-04-11,23,8,1,0,True,True
3,2024-04-11,23,9,2,0,True,True
3,2024-04-11,23,10,31,0,True,True
3,2024-04-11,23,11,5,0,True,True
3,2024-04-11,23,12,12,0,True,True
3,2024-04-11,23,13,1,0,True,True
3,2024-04-11,23,14,1,0,True,True
3,2024-04-11,23,15,170,0,True,True
3,2024-04-11,23,16,1,0,True,True
3,2024-04-11,24,1,120,6,True,True
3,2024-04-11,24,2,1,0,True,True
3,2024-04-11,24,3,0,0,True,False
3,2024-04-11,24,4,23,0,True,True
3,2024-04-11,24,5,3,0,True,True
3,2024-04-11,24,6,3,0,True,True
3,2024-04-11,24,7,10,0,True,True
3,2024-04-11,24,8,47,6,True,True
3,2024-04-11,24,9,3,0,True,True
3,2024-04-11,24,10,18,0,True,True
3,2024-04-11,24,11,1,0,True,True
3,2024-04-11,24,12,2,0,True,True
3,2024-04-11,24,13,1,0,True,True
3,2024-04-11,24,14,0,0,True,False
3,2024-04-11,24,15,3,0,True,True
3,2024-04-11,24,16,2,0,True,True
4,2024-04-12,1,1,0,0,True,False
4,2024-04-12,1,2,0,0,True,False
4,2024-04-12,1,3,2,0,True,True
4,2024-04-12,1,4,112,9,True,True
4,2024-04-12,1,5,1,0,True,True
4,2024-04-12,1,6,0,0,True,False
4,2024-04-12,1,7,0,0,True,False
4,2024-04-12,1,8,1,0,True,True
4,2024-04-12,1,9,1,0,True,True
4,2024-04-12,1,10,1,0,True,True
4,2024-04-12,1,11,0,0,True,False
4,2024-04-12,1,12,0,0,True,False
4,2024-04-12,1,13,2,0,True,True
4,2024-04-12,1,14,3,0,True,True
4,2024-04-12,1,15,4,0,True,True
4,2024-04-12,1,16,2,0,True,True
4,2024-04-12,2,1,3,0,True,True
4,2024-04-12,2,2,0,0,True,False
4,2024-04-12,2,3,1,0,True,True
4,2024-04-12,2,4,1,0,True,True
4,2024-04-12,2,5,57,0,True,True
4,2024-04-12,2,6,3,0,True,True
4,2024-04-12,2,7,1,0,True,True
4,2024-04-12,2,8,10,0,True,True
4,2024-04-12,2,9,1,0,True,True
4,2024-04-12,2,10,0,0,True,False
4,2024-04-12,2,11,1,0,True,True
4,2024-04-12,2,12,1,0,True,True
4,2024-04-12,2,13,2,0,True,True
4,2024-04-12,2,14,4,0,True,True
4,2024-04-12,2,15,1,0,True,True
4,2024-04-12,2,16,2,0,True,True
4,2024-04-12,3,1,0,0,True,False
4,2024-04-12,3,2,0,0,True,False
4,2024-04-12,3,3,1,0,True,True
4,2024-04-12,3,4,0,0,True,False
4,2024-04-12,3,5,0,0,True,False
4,2024-04-12,3,6,6,0,True,True
4,2024-04-12,3,7,0,0,True,False
4,2024-04-12,3,8,1,0,True,True
4,2024-04-12,3,9,0,0,True,False
4,2024-04-12,3,10,4,0,True,True
4,2024-04-12,3,11,0,0,True,False
4,2024-04-12,3,12,0,0,True,False
4,2024-04-12,3,13,1,0,True,True
4,2024-04-12,3,14,0,0,True,False
4,2024-04-12,3,15,3,0,True,True
4,2024-04-12,3,16,1,0,True,True
4,2024-04-12,4,1,2,0,True,True
4,2024-04-12,4,2,2,0,True,True
4,2024-04-12,4,3,3,0,True,True
4,2024-04-12,4,4,1,0,True,True
4,2024-04-12,4,5,1,0,True,True
4,2024-04-12,4,6,2,0,True,True
4,2024-04-12,4,7,2,0,True,True
4,2024-04-12,4,8,1,0,True,True
4,2024-04-12,4,9,1,0,True,True
4,2024-04-12,4,10,1,0,True,True
4,2024-04-12,4,11,0,0,True,False
4,2024-04-12,4,12,0,0,True,False
4,2024-04-12,4,13,0,0,True,False
4,2024-04-12,4,14,0,0,True,False
4,2024-04-12,4,15,0,0,True,False
4,2024-04-12,4,16,1,0,True,True
4,2024-04-12,5,1,1,0,True,True
4,2024-04-12,5,2,0,0,True,False
4,2024-04-12,5,3,1,0,True,True
4,2024-04-12,5,4,1,0,True,True
4,2024-04-12,5,5,2,0,True,True
4,2024-04-12,5,6,1,0,True,True
4,2024-04-12,5,7,1,0,True,True
4,2024-04-12,5,8,1,0,True,True
4,2024-04-12,5,9,1,0,True,True
4,2024-04-12,5,10,2,0,True,True
4,2024-04-12,5,11,1,0,True,True
4,2024-04-12,5,12,3,0,True,True
4,2024-04-12,5,13,1,0,True,True
4,2024-04-12,5,14,1,0,True,True
4,2024-04-12,5,15,0,0,True,False
4,2024-04-12,5,16,1,0,True,True
4,2024-04-12,6,1,2,0,True,True
4,2024-04-12,6,2,2,0,True,True
4,2024-04-12,6,3,4,0,True,True
4,2024-04-12,6,4,2,0,True,True
4,2024-04-12,6,5,0,0,True,False
4,2024-04-12,6,6,2,0,True,True
4,2024-04-12,6,7,3,0,True,True
4,2024-04-12,6,8,1,0,True,True
4,2024-04-12,6,9,1,0,True,True
4,2024-04-12,6,10,1,0,True,True
4,2024-04-12,6,11,1,0,True,True
4,2024-04-12,6,12,2,0,True,True
4,2024-04-12,6,13,0,0,True,False
4,2024-04-12,6,14,0,0,True,False
4,2024-04-12,6,15,1,0,True,True
4,2024-04-12,6,16,1,0,True,True
4,2024-04-12,7,1,3,0,True,True
4,2024-04-12,7,2,2,0,True,True
4,2024-04-12,7,3,1,0,True,True
4,2024-04-12,7,4,1,0,True,True
4,2024-04-12,7,5,1,0,True,True
4,2024-04-12,7,6,1,0,True,True
4,2024-04-12,7,7,2,0,True,True
4,2024-04-12,7,8,3,0,True,True
4,2024-04-12,7,9,2,0,True,True
4,2024-04-12,7,10,2,0,True,True
4,2024-04-12,7,11,1,0,True,True
4,2024-04-12,7,12,80,2,True,True
4,2024-04-12,7,13,1,0,True,True
4,2024-04-12,7,14,0,0,True,False
4,2024-04-12,7,15,16,0,True,True
4,2024-04-12,7,16,1,0,True,True
4,2024-04-12,8,1,2,0,True,True
4,2024-04-12,8,2,0,0,True,False
4,2024-04-12,8,3,4,0,True,True
4,2024-04-12,8,4,1,0,True,True
4,2024-04-12,8,5,0,0,True,False
4,2024-04-12,8,6,1,0,True,True
4,2024-04-12,8,7,3,0,True,True
4,2024-04-12,8,8,5,0,True,True
4,2024-04-12,8,9,2,0,True,True
4,2024-04-12,8,10,2,0,True,True
4,2024-04-12,8,11,0,0,True,False
4,2024-04-12,8,12,1,0,True,True
4,2024-04-12,8,13,0,0,True,False
4,2024-04-12,8,14,0,0,True,False
4,2024-04-12,8,15,3,0,True,True
4,2024-04-12,8,16,1,0,True,True
4,2024-04-12,9,1,1,0,True,True
4,2024-04-12,9,2,0,0,True,False
4,2024-04-12,9,3,0,0,True,False
4,2024-04-12,9,4,6,0,True,True
4,2024-04-12,9,5,1,0,True,True
4,2024-04-12,9,6,2,0,True,True
4,2024-04-12,9,7,1,0,True,True
4,2024-04-12,9,8,3,0,True,True
4,2024-04-12,9,9,1,0,True,True
4,2024-04-12,9,10,2,0,True,True
4,2024-04-12,9,11,3,0,True,True
4,2024-04-12,9,12,0,0,True,False
4,2024-04-12,9,13,3,0,True,True
4,2024-04-12,9,14,3,0,True,True
4,2024-04-12,9,15,0,0,True,False
4,2024-04-12,9,16,4,0,True,True
4,2024-04-12,10,1,0,0,True,False
4,2024-04-12,10,2,0,0,True,False
4,2024-04-12,10,3,1,0,True,True
4,2024-04-12,10,4,2,0,True,True
4,2024-04-12,10,5,1,0,True,True
4,2024-04-12,10,6,1,0,True,True
4,2024-04-12,10,7,1,0,True,True
4,2024-04-12,10,8,1,0,True,True
4,2024-04-12,10,9,1,0,True,True
4,2024-04-12,10,10,2,0,True,True
4,2024-04-12,10,11,1,0,True,True
4,2024-04-12,10,12,2,0,True,True
4,2024-04-12,10,13,2,0,True,True
4,2024-04-12,10,14,2,0,True,True
4,2024-04-12,10,15,2,0,True,True
4,2024-04-12,10,16,0,0,True,False
4,2024-04-12,11,1,1,0,True,True
4,2024-04-12,11,2,1,0,True,True
4,2024-04-12,11,3,2,0,True,True
4,2024-04-12,11,4,5,0,True,True
4,2024-04-12,11,5,1,0,True,True
4,2024-04-12,11,6,0,0,True,False
4,2024-04-12,11,7,2,0,True,True
4,2024-04-12,11,8,1,0,True,True
4,2024-04-12,11,9,1,0,True,True
4,2024-04-12,11,10,1,0,True,True
4,2024-04-12,11,11,0,0,True,False
4,2024-04-12,11,12,1,0,True,True
4,2024-04-12,11,13,1,0,True,True
4,2024-04-12,11,14,1,0,True,True
4,2024-04-12,11,15,2,0,True,True
4,2024-04-12,11,16,0,0,True,False
4,2024-04-12,12,1,2,0,True,True
4,2024-04-12,12,2,1,0,True,True
4,2024-04-12,12,3,1,0,True,True
4,2024-04-12,12,4,2,0,True,True
4,2024-04-12,12,5,2,0,True,True
4,2024-04-12,12,6,1,0,True,True
4,2024-04-12,12,7,2,0,True,True
4,2024-04-12,12,8,1,0,True,True
4,2024-04-12,12,9,3,0,True,True
4,2024-04-12,12,10,0,0,True,False
4,2024-04-12,12,11,0,0,True,False
4,2024-04-12,12,12,3,0,True,True
4,2024-04-12,12,13,1,0,True,True
4,2024-04-12,12,14,2,0,True,True
4,2024-04-12,12,15,1,0,True,True
4,2024-04-12,12,16,2,0,True,True
4,2024-04-12,13,1,0,0,True,False
4,2024-04-12,13,2,1,0,True,True
4,2024-04-12,13,3,2,0,True,True
4,2024-04-12,13,4,3,0,True,True
4,2024-04-12,13,5,0,0,True,False
4,2024-04-12,13,6,1,0,True,True
4,2024-04-12,13,7,0,0,True,False
4,2024-04-12,13,8,2,0,True,True
4,2024-04-12,13,9,0,0,True,False
4,2024-04-12,13,10,0,0,True,False
4,2024-04-12,13,11,2,0,True,True
4,2024-04-12,13,12,0,0,True,False
4,2024-04-12,13,13,3,0,True,True
4,2024-04-12,13,14,0,0,True,False
4,2024-04-12,13,15,18,0,True,True
4,2024-04-12,13,16,2,0,True,True
4,2024-04-12,14,1,2,0,True,True
4,2024-04-12,14,2,1,0,True,True
4,2024-04-12,14,3,1,0,True,True
4,2024-04-12,14,4,1,0,True,True
4,2024-04-12,14,5,1,0,True,True
4,2024-04-12,14,6,1,0,True,True
4,2024-04-12,14,7,0,0,True,False
4,2024-04-12,14,8,2,0,True,True
4,2024-04-12,14,9,1,0,True,True
4,2024-04-12,14,10,38,0,True,True
4,2024-04-12,14,11,2,0,True,True
4,2024-04-12,14,12,2,0,True,True
4,2024-04-12,14,13,1,0,True,True
4,2024-04-12,14,14,1,0,True,True
4,2024-04-12,14,15,2,0,True,True
4,2024-04-12,14,16,3,0,True,True
4,2024-04-12,15,1,3,0,True,True
4,2024-04-12,15,2,0,0,True,False
4,2024-04-12,15,3,0,0,True,False
4,2024-04-12,15,4,1,0,True,True
4,2024-04-12,15,5,1,0,True,True
4,2024-04-12,15,6,2,0,True,True
4,2024-04-12,15,7,0,0,True,False
4,2024-04-12,15,8,0,0,True,False
4,2024-04-12,15,9,0,0,True,False
4,2024-04-12,15,10,1,0,True,True
4,2024-04-12,15,11,0,0,True,False
4,2024-04-12,15,12,3,0,True,True
4,2024-04-12,15,13,2,0,True,True
4,2024-04-12,15,14,1,0,True,True
4,2024-04-12,15,15,1,0,True,True
4,2024-04-12,15,16,1,0,True,True
4,2024-04-12,16,1,14,0,True,True
4,2024-04-12,16,2,0,0,True,False
4,2024-04-12,16,3,1,0,True,True
4,2024-04-12,16,4,0,0,True,False
4,2024-04-12,16,5,272,0,True,True
4,2024-04-12,16,6,2,0,True,True
4,2024-04-12,16,7,2,0,True,True
4,2024-04-12,16,8,4,0,True,True
4,2024-04-12,16,9,1,0,True,True
4,2024-04-12,16,10,1,0,True,True
4,2024-04-12,16,11,1,0,True,True
4,2024-04-12,16,12,1,0,True,True
4,2024-04-12,16,13,3,0,True,True
4,2024-04-12,16,14,0,0,True,False
4,2024-04-12,16,15,1,0,True,True
4,2024-04-12,16,16,2,0,True,True
4,2024-04-12,17,1,153,1,True,True
4,2024-04-12,17,2,0,0,True,False
4,2024-04-12,17,3,1,0,True,True
4,2024-04-12,17,4,85,0,True,True
4,2024-04-12,17,5,3,0,True,True
4,2024-04-12,17,6,10,0,True,True
4,2024-04-12,17,7,0,0,True,False
4,2024-04-12,17,8,3,0,True,True
4,2024-04-12,17,9,2,0,True,True
4,2024-04-12,17,10,1,0,True,True
4,2024-04-12,17,11,6,0,True,True
4,2024-04-12,17,12,0,0,True,False
4,2024-04-12,17,13,0,0,True,False
4,2024-04-12,17,14,0,0,True,False
4,2024-04-12,17,15,1,0,True,True
4,2024-04-12,17,16,3,0,True,True
4,2024-04-12,18,1,2,0,True,True
4,2024-04-12,18,2,1,0,True,True
4,2024-04-12,18,3,0,0,True,False
4,2024-04-12,18,4,1,0,True,True
4,2024-04-12,18,5,1,0,True,True
4,2024-04-12,18,6,2,0,True,True
4,2024-04-12,18,7,100,0,True,True
4,2024-04-12,18,8,2,0,True,True
4,2024-04-12,18,9,33,0,True,True
4,2024-04-12,18,10,53,0,True,True
4,2024-04-12,18,11,171,2,True,True
4,2024-04-12,18,12,232,0,True,True
4,2024-04-12,18,13,3,0,True,True
4,2024-04-12,18,14,2,0,True,True
4,2024-04-12,18,15,4,0,True,True
4,2024-04-12,18,16,1,0,True,True
4,2024-04-12,19,1,2,0,True,True
4,2024-04-12,19,2,0,0,True,False
4,2024-04-12,19,3,3,0,True,True
4,2024-04-12,19,4,3,0,True,True
4,2024-04-12,19,5,2,0,True,True
4,2024-04-12,19,6,3,0,True,True
4,2024-04-12,19,7,1,0,True,True
4,2024-04-12,19,8,1,0,True,True
4,2024-04-12,19,9,1,0,True,True
4,2024-04-12,19,10,3,0,True,True
4,2024-04-12,19,11,2,0,True,True
4,2024-04-12,19,12,0,0,True,False
4,2024-04-12,19,13,3,0,True,True
4,2024-04-12,19,14,2,0,True,True
4,2024-04-12,19,15,1,0,True,True
4,2024-04-12,19,16,1,0,True,True
4,2024-04-12,20,1,0,0,True,False
4,2024-04-12,20,2,1,0,True,True
4,2024-04-12,20,3,2,0,True,True
4,2024-04-12,20,4,1,0,True,True
4,2024-04-12,20,5,2,0,True,True
4,2024-04-12,20,6,1,0,True,True
4,2024-04-12,20,7,3,0,True,True
4,2024-04-12,20,8,0,0,True,False
4,2024-04-12,20,9,2,0,True,True
4,2024-04-12,20,10,1,0,True,True
4,2024-04-12,20,11,0,0,True,False
4,2024-04-12,20,12,1,0,True,True
4,2024-04-12,20,13,1,0,True,True
4,2024-04-12,20,14,0,0,True,False
4,2024-04-12,20,15,1,0,True,True
4,2024-04-12,20,16,1,0,True,True
4,2024-04-12,21,1,1,0,True,True
4,2024-04-12,21,2,1,0,True,True
4,2024-04-12,21,3,1,0,True,True
4,2024-04-12,21,4,2,0,True,True
4,2024-04-12,21,5,1,0,True,True
4,2024-04-12,21,6,2,0,True,True
4,2024-04-12,21,7,1,0,True,True
4,2024-04-12,21,8,1,0,True,True
4,2024-04-12,21,9,1,0,True,True
4,2024-04-12,21,10,2,0,True,True
4,2024-04-12,21,11,3,0,True,True
4,2024-04-12,21,12,1,0,True,True
4,2024-04-12,21,13,3,0,True,True
4,2024-04-12,21,14,1,0,True,True
4,2024-04-12,21,15,0,0,True,False
4,2024-04-12,21,16,0,0,True,False
4,2024-04-12,22,1,1,0,True,True
4,2024-04-12,22,2,1,0,True,True
4,2024-04-12,22,3,3,0,True,True
4,2024-04-12,22,4,167,0,True,True
4,2024-04-12,22,5,0,0,True,False
4,2024-04-12,22,6,2,0,True,True
4,2024-04-12,22,7,3,0,True,True
4,2024-04-12,22,8,2,0,True,True
4,2024-04-12,22,9,0,0,True,False
4,2024-04-12,22,10,2,0,True,True
4,2024-04-12,22,11,1,0,True,True
4,2024-04-12,22,12,0,0,True,False
4,2024-04-12,22,13,14,0,True,True
4,2024-04-12,22,14,66,0,True,True
4,2024-04-12,22,15,1,0,True,True
4,2024-04-12,22,16,3,0,True,True
4,2024-04-12,23,1,102,0,True,True
4,2024-04-12,23,2,13,0,True,True
4,2024-04-12,23,3,2,0,True,True
4,2024-04-12,23,4,1,0,True,True
4,2024-04-12,23,5,174,0,True,True
4,2024-04-12,23,6,0,0,True,False
4,2024-04-12,23,7,1,0,True,True
4,2024-04-12,23,8,0,0,True,False
4,2024-04-12,23,9,4,0,True,True
4,2024-04-12,23,10,1,0,True,True
4,2024-04-12,23,11,0,0,True,False
4,2024-04-12,23,12,1,0,True,True
4,2024-04-12,23,13,60,0,True,True
4,2024-04-12,23,14,0,0,True,False
4,2024-04-12,23,15,8,0,True,True
4,2024-04-12,23,16,1,0,True,True
4,2024-04-12,24,1,184,0,True,True
4,2024-04-12,24,2,1,0,True,True
4,2024-04-12,24,3,3,0,True,True
4,2024-04-12,24,4,2,0,True,True
4,2024-04-12,24,5,0,0,True,False
4,2024-04-12,24,6,0,0,True,False
4,2024-04-12,24,7,40,0,True,True
4,2024-04-12,24,8,0,0,True,False
4,2024-04-12,24,9,0,0,True,False
4,2024-04-12,24,10,0,0,True,False
4,2024-04-12,24,11,1,0,True,True
4,2024-04-12,24,12,1,0,True,True
4,2024-04-12,24,13,1,0,True,True
4,2024-04-12,24,14,1,0,True,True
4,2024-04-12,24,15,3,0,True,True
4,2024-04-12,24,16,0,0,True,False
5,2024-04-15,1,1,4,0,True,True
5,2024-04-15,1,2,62,0,True,True
5,2024-04-15,1,3,0,0,True,False
5,2024-04-15,1,4,65,3,True,True
5,2024-04-15,1,5,1,0,True,True
5,2024-04-15,1,6,4,0,True,True
5,2024-04-15,1,7,1,0,True,True
5,2024-04-15,1,8,4,0,True,True
5,2024-04-15,1,9,6,0,True,True
5,2024-04-15,1,10,3,0,True,True
5,2024-04-15,1,11,3,0,True,True
5,2024-04-15,1,12,1,0,True,True
5,2024-04-15,1,13,4,0,True,True
5,2024-04-15,1,14,3,0,True,True
5,2024-04-15,1,15,2,0,True,True
5,2024-04-15,1,16,4,0,True,True
5,2024-04-15,2,1,2,0,True,True
5,2024-04-15,2,2,2,0,True,True
5,2024-04-15,2,3,1,0,True,True
5,2024-04-15,2,4,4,0,True,True
5,2024-04-15,2,5,3,0,True,True
5,2024-04-15,2,6,1,0,True,True
5,2024-04-15,2,7,1,0,True,True
5,2024-04-15,2,8,4,0,True,True
5,2024-04-15,2,9,3,0,True,True
5,2024-04-15,2,10,3,0,True,True
5,2024-04-15,2,11,2,0,True,True
5,2024-04-15,2,12,2,0,True,True
5,2024-04-15,2,13,0,0,True,False
5,2024-04-15,2,14,6,0,True,True
5,2024-04-15,2,15,3,0,True,True
5,2024-04-15,2,16,1,0,True,True
5,2024-04-15,3,1,2,0,True,True
5,2024-04-15,3,2,2,0,True,True
5,2024-04-15,3,3,3,0,True,True
5,2024-04-15,3,4,2,0,True,True
5,2024-04-15,3,5,3,0,True,True
5,2024-04-15,3,6,58,0,True,True
5,2024-04-15,3,7,5,0,True,True
5,2024-04-15,3,8,4,0,True,True
5,2024-04-15,3,9,3,0,True,True
5,2024-04-15,3,10,2,0,True,True
5,2024-04-15,3,11,1,0,True,True
5,2024-04-15,3,12,0,0,True,False
5,2024-04-15,3,13,3,0,True,True
5,2024-04-15,3,14,1,0,True,True
5,2024-04-15,3,15,1,0,True,True
5,2024-04-15,3,16,2,0,True,True
5,2024-04-15,4,1,1,0,True,True
5,2024-04-15,4,2,3,0,True,True
5,2024-04-15,4,3,3,0,True,True
5,2024-04-15,4,4,1,0,True,True
5,2024-04-15,4,5,1,0,True,True
5,2024-04-15,4,6,4,0,True,True
5,2024-04-15,4,7,3,0,True,True
5,2024-04-15,4,8,1,0,True,True
5,2024-04-15,4,9,3,0,True,True
5,2024-04-15,4,10,2,0,True,True
5,2024-04-15,4,11,0,0,True,False
5,2024-04-15,4,12,5,0,True,True
5,2024-04-15,4,13,2,0,True,True
5,2024-04-15,4,14,1,0,True,True
5,2024-04-15,4,15,2,0,True,True
5,2024-04-15,4,16,3,0,True,True
5,2024-04-15,5,1,1,0,True,True
5,2024-04-15,5,2,1,0,True,True
5,2024-04-15,5,3,1,0,True,True
5,2024-04-15,5,4,5,0,True,True
5,2024-04-15,5,5,1,0,True,True
5,2024-04-15,5,6,4,0,True,True
5,2024-04-15,5,7,1,0,True,True
5,2024-04-15,5,8,3,0,True,True
5,2024-04-15,5,9,0,0,True,False
5,2024-04-15,5,10,0,0,True,False
5,2024-04-15,5,11,1,0,True,True
5,2024-04-15,5,12,4,0,True,True
5,2024-04-15,5,13,3,0,True,True
5,2024-04-15,5,14,3,0,True,True
5,2024-04-15,5,15,1,0,True,True
5,2024-04-15,5,16,3,0,True,True
5,2024-04-15,6,1,2,0,True,True
5,2024-04-15,6,2,3,0,True,True
5,2024-04-15,6,3,4,0,True,True
5,2024-04-15,6,4,2,0,True,True
5,2024-04-15,6,5,8,0,True,True
5,2024-04-15,6,6,3,0,True,True
5,2024-04-15,6,7,2,0,True,True
5,2024-04-15,6,8,1,0,True,True
5,2024-04-15,6,9,2,0,True,True
5,2024-04-15,6,10,1,0,True,True
5,2024-04-15,6,11,5,0,True,True
5,2024-04-15,6,12,4,0,True,True
5,2024-04-15,6,13,1,0,True,True
5,2024-04-15,6,14,2,0,True,True
5,2024-04-15,6,15,1,0,True,True
5,2024-04-15,6,16,0,0,True,False
5,2024-04-15,7,1,4,0,True,True
5,2024-04-15,7,2,2,0,True,True
5,2024-04-15,7,3,1,0,True,True
5,2024-04-15,7,4,1,0,True,True
5,2024-04-15,7,5,4,0,True,True
5,2024-04-15,7,6,2,0,True,True
5,2024-04-15,7,7,2,0,True,True
5,2024-04-15,7,8,1,0,True,True
5,2024-04-15,7,9,1,0,True,True
5,2024-04-15,7,10,5,0,True,True
5,2024-04-15,7,11,2,0,True,True
5,2024-04-15,7,12,12,0,True,True
5,2024-04-15,7,13,2,0,True,True
5,2024-04-15,7,14,1,0,True,True
5,2024-04-15,7,15,90,0,True,True
5,2024-04-15,7,16,1,0,True,True
5,2024-04-15,8,1,5,0,True,True
5,2024-04-15,8,2,1,0,True,True
5,2024-04-15,8,3,11,0,True,True
5,2024-04-15,8,4,0,0,True,False
5,2024-04-15,8,5,5,0,True,True
5,2024-04-15,8,6,1,0,True,True
5,2024-04-15,8,7,2,0,True,True
5,2024-04-15,8,8,2,0,True,True
5,2024-04-15,8,9,1,0,True,True
5,2024-04-15,8,10,7,0,True,True
5,2024-04-15,8,11,1,0,True,True
5,2024-04-15,8,12,17,0,True,True
5,2024-04-15,8,13,3,0,True,True
5,2024-04-15,8,14,3,0,True,True
5,2024-04-15,8,15,2,0,True,True
5,2024-04-15,8,16,1,0,True,True
5,2024-04-15,9,1,3,0,True,True
5,2024-04-15,9,2,3,0,True,True
5,2024-04-15,9,3,3,0,True,True
5,2024-04-15,9,4,4,0,True,True
5,2024-04-15,9,5,4,0,True,True
5,2024-04-15,9,6,2,0,True,True
5,2024-04-15,9,7,23,0,True,True
5,2024-04-15,9,8,1,0,True,True
5,2024-04-15,9,9,2,0,True,True
5,2024-04-15,9,10,4,0,True,True
5,2024-04-15,9,11,2,0,True,True
5,2024-04-15,9,12,3,0,True,True
5,2024-04-15,9,13,1,0,True,True
5,2024-04-15,9,14,4,0,True,True
5,2024-04-15,9,15,0,0,True,False
5,2024-04-15,9,16,2,0,True,True
5,2024-04-15,10,1,1,0,True,True
5,2024-04-15,10,2,1,0,True,True
5,2024-04-15,10,3,2,0,True,True
5,2024-04-15,10,4,3,0,True,True
5,2024-04-15,10,5,2,0,True,True
5,2024-04-15,10,6,2,0,True,True
5,2024-04-15,10,7,1,0,True,True
5,2024-04-15,10,8,2,0,True,True
5,2024-04-15,10,9,3,0,True,True
5,2024-04-15,10,10,0,0,True,False
5,2024-04-15,10,11,2,0,True,True
5,2024-04-15,10,12,2,0,True,True
5,2024-04-15,10,13,2,0,True,True
5,2024-04-15,10,14,1,0,True,True
5,2024-04-15,10,15,1,0,True,True
5,2024-04-15,10,16,6,0,True,True
5,2024-04-15,11,1,1,0,True,True
5,2024-04-15,11,2,2,0,True,True
5,2024-04-15,11,3,1,0,True,True
5,2024-04-15,11,4,3,0,True,True
5,2024-04-15,11,5,1,0,True,True
5,2024-04-15,11,6,2,0,True,True
5,2024-04-15,11,7,3,0,True,True
5,2024-04-15,11,8,1,0,True,True
5,2024-04-15,11,9,2,0,True,True
5,2024-04-15,11,10,3,0,True,True
5,2024-04-15,11,11,2,0,True,True
5,2024-04-15,11,12,2,0,True,True
5,2024-04-15,11,13,2,0,True,True
5,2024-04-15,11,14,3,0,True,True
5,2024-04-15,11,15,5,0,True,True
5,2024-04-15,11,16,1,0,True,True
5,2024-04-15,12,1,2,0,True,True
5,2024-04-15,12,2,0,0,True,False
5,2024-04-15,12,3,1,0,True,True
5,2024-04-15,12,4,1,0,True,True
5,2024-04-15,12,5,2,0,True,True
5,2024-04-15,12,6,6,0,True,True
5,2024-04-15,12,7,2,0,True,True
5,2024-04-15,12,8,1,0,True,True
5,2024-04-15,12,9,2,0,True,True
5,2024-04-15,12,10,1,0,True,True
5,2024-04-15,12,11,2,0,True,True
5,2024-04-15,12,12,2,0,True,True
5,2024-04-15,12,13,2,0,True,True
5,2024-04-15,12,14,2,0,True,True
5,2024-04-15,12,15,3,0,True,True
5,2024-04-15,12,16,4,0,True,True
5,2024-04-15,13,1,17,0,True,True
5,2024-04-15,13,2,1,0,True,True
5,2024-04-15,13,3,0,0,True,False
5,2024-04-15,13,4,3,0,True,True
5,2024-04-15,13,5,4,0,True,True
5,2024-04-15,13,6,5,0,True,True
5,2024-04-15,13,7,2,0,True,True
5,2024-04-15,13,8,2,0,True,True
5,2024-04-15,13,9,1,0,True,True
5,2024-04-15,13,10,5,0,True,True
5,2024-04-15,13,11,3,0,True,True
5,2024-04-15,13,12,4,0,True,True
5,2024-04-15,13,13,2,0,True,True
5,2024-04-15,13,14,13,0,True,True
5,2024-04-15,13,15,1,0,True,True
5,2024-04-15,13,16,2,0,True,True
5,2024-04-15,14,1,3,0,True,True
5,2024-04-15,14,2,1,0,True,True
5,2024-04-15,14,3,1,0,True,True
5,2024-04-15,14,4,3,0,True,True
5,2024-04-15,14,5,1,0,True,True
5,2024-04-15,14,6,1,0,True,True
5,2024-04-15,14,7,4,0,True,True
5,2024-04-15,14,8,4,0,True,True
5,2024-04-15,14,9,3,0,True,True
5,2024-04-15,14,10,654,26,True,True
5,2024-04-15,14,11,1,0,True,True
5,2024-04-15,14,12,0,0,True,False
5,2024-04-15,14,13,1,0,True,True
5,2024-04-15,14,14,1,0,True,True
5,2024-04-15,14,15,4,0,True,True
5,2024-04-15,14,16,2,0,True,True
5,2024-04-15,15,1,2,0,True,True
5,2024-04-15,15,2,4,0,True,True
5,2024-04-15,15,3,7,0,True,True
5,2024-04-15,15,4,3,0,True,True
5,2024-04-15,15,5,1,0,True,True
5,2024-04-15,15,6,2,0,True,True
5,2024-04-15,15,7,3,0,True,True
5,2024-04-15,15,8,2,0,True,True
5,2024-04-15,15,9,4,0,True,True
5,2024-04-15,15,10,3,0,True,True
5,2024-04-15,15,11,1,0,True,True
5,2024-04-15,15,12,1,0,True,True
5,2024-04-15,15,13,2,0,True,True
5,2024-04-15,15,14,1,0,True,True
5,2024-04-15,15,15,2,0,True,True
5,2024-04-15,15,16,2,0,True,True
5,2024-04-15,16,1,30,0,True,True
5,2024-04-15,16,2,4,0,True,True
5,2024-04-15,16,3,408,1,True,True
5,2024-04-15,16,4,3,0,True,True
5,2024-04-15,16,5,1,0,True,True
5,2024-04-15,16,6,9,0,True,True
5,2024-04-15,16,7,405,19,True,True
5,2024-04-15,16,8,3,0,True,True
5,2024-04-15,16,9,1,0,True,True
5,2024-04-15,16,10,472,29,True,True
5,2024-04-15,16,11,2,0,True,True
5,2024-04-15,16,12,0,0,True,False
5,2024-04-15,16,13,2,0,True,True
5,2024-04-15,16,14,295,0,True,True
5,2024-04-15,16,15,47,0,True,True
5,2024-04-15,16,16,4,0,True,True
5,2024-04-15,17,1,1104,85,True,True
5,2024-04-15,17,2,291,2,True,True
5,2024-04-15,17,3,4,0,True,True
5,2024-04-15,17,4,140,1,True,True
5,2024-04-15,17,5,3,0,True,True
5,2024-04-15,17,6,58,0,True,True
5,2024-04-15,17,7,2,0,True,True
5,2024-04-15,17,8,2,0,True,True
5,2024-04-15,17,9,36,0,True,True
5,2024-04-15,17,10,1,0,True,True
5,2024-04-15,17,11,7,0,True,True
5,2024-04-15,17,12,8,0,True,True
5,2024-04-15,17,13,1,0,True,True
5,2024-04-15,17,14,5,0,True,True
5,2024-04-15,17,15,4,0,True,True
5,2024-04-15,17,16,1,0,True,True
5,2024-04-15,18,1,1,0,True,True
5,2024-04-15,18,2,0,0,True,False
5,2024-04-15,18,3,0,0,True,False
5,2024-04-15,18,4,0,0,True,False
5,2024-04-15,18,5,1,0,True,True
5,2024-04-15,18,6,1,0,True,True
5,2024-04-15,18,7,1636,82,True,True
5,2024-04-15,18,8,0,0,True,False
5,2024-04-15,18,9,6,0,True,True
5,2024-04-15,18,10,369,2,True,True
5,2024-04-15,18,11,89,0,True,True
5,2024-04-15,18,12,106,0,True,True
5,2024-04-15,18,13,10,0,True,True
5,2024-04-15,18,14,113,0,True,True
5,2024-04-15,18,15,181,1,True,True
5,2024-04-15,18,16,3,0,True,True
5,2024-04-15,19,1,0,0,True,False
5,2024-04-15,19,2,2,0,True,True
5,2024-04-15,19,3,2,0,True,True
5,2024-04-15,19,4,0,0,True,False
5,2024-04-15,19,5,5,0,True,True
5,2024-04-15,19,6,2,0,True,True
5,2024-04-15,19,7,3,0,True,True
5,2024-04-15,19,8,4,0,True,True
5,2024-04-15,19,9,6,0,True,True
5,2024-04-15,19,10,4,0,True,True
5,2024-04-15,19,11,4,0,True,True
5,2024-04-15,19,12,0,0,True,False
5,2024-04-15,19,13,3,0,True,True
5,2024-04-15,19,14,3,0,True,True
5,2024-04-15,19,15,3,0,True,True
5,2024-04-15,19,16,6,0,True,True
5,2024-04-15,20,1,2,0,True,True
5,2024-04-15,20,2,1,0,True,True
5,2024-04-15,20,3,4,0,True,True
5,2024-04-15,20,4,3,0,True,True
5,2024-04-15,20,5,5,0,True,True
5,2024-04-15,20,6,3,0,True,True
5,2024-04-15,20,7,5,0,True,True
5,2024-04-15,20,8,2,0,True,True
5,2024-04-15,20,9,5,0,True,True
5,2024-04-15,20,10,7,0,True,True
5,2024-04-15,20,11,5,0,True,True
5,2024-04-15,20,12,3,0,True,True
5,2024-04-15,20,13,1,0,True,True
5,2024-04-15,20,14,2,0,True,True
5,2024-04-15,20,15,1,0,True,True
5,2024-04-15,20,16,3,0,True,True
5,2024-04-15,21,1,4,0,True,True
5,2024-04-15,21,2,432,2,True,True
5,2024-04-15,21,3,5,0,True,True
5,2024-04-15,21,4,3,0,True,True
5,2024-04-15,21,5,3,0,True,True
5,2024-04-15,21,6,4,0,True,True
5,2024-04-15,21,7,3,0,True,True
5,2024-04-15,21,8,40,0,True,True
5,2024-04-15,21,9,1,0,True,True
5,2024-04-15,21,10,1,0,True,True
5,2024-04-15,21,11,3,0,True,True
5,2024-04-15,21,12,3,0,True,True
5,2024-04-15,21,13,126,0,True,True
5,2024-04-15,21,14,3,0,True,True
5,2024-04-15,21,15,4,0,True,True
5,2024-04-15,21,16,0,0,True,False
5,2024-04-15,22,1,1,0,True,True
5,2024-04-15,22,2,0,0,True,False
5,2024-04-15,22,3,1366,71,True,True
5,2024-04-15,22,4,1230,72,True,True
5,2024-04-15,22,5,34,0,True,True
5,2024-04-15,22,6,1,0,True,True
5,2024-04-15,22,7,83,0,True,True
5,2024-04-15,22,8,837,38,True,True
5,2024-04-15,22,9,225,0,True,True
5,2024-04-15,22,10,3,0,True,True
5,2024-04-15,22,11,1,0,True,True
5,2024-04-15,22,12,5,0,True,True
5,2024-04-15,22,13,14,0,True,True
5,2024-04-15,22,14,545,39,True,True
5,2024-04-15,22,15,2,0,True,True
5,2024-04-15,22,16,3,0,True,True
5,2024-04-15,23,1,4,0,True,True
5,2024-04-15,23,2,35,0,True,True
5,2024-04-15,23,3,17,0,True,True
5,2024-04-15,23,4,14,0,True,True
5,2024-04-15,23,5,601,42,True,True
5,2024-04-15,23,6,2,0,True,True
5,2024-04-15,23,7,0,0,True,False
5,2024-04-15,23,8,53,0,True,True
5,2024-04-15,23,9,3,0,True,True
5,2024-04-15,23,10,6,0,True,True
5,2024-04-15,23,11,285,18,True,True
5,2024-04-15,23,12,5,0,True,True
5,2024-04-15,23,13,977,75,True,True
5,2024-04-15,23,14,2,0,True,True
5,2024-04-15,23,15,17,0,True,True
5,2024-04-15,23,16,3,0,True,True
5,2024-04-15,24,1,385,0,True,True
5,2024-04-15,24,2,239,0,True,True
5,2024-04-15,24,3,1,0,True,True
5,2024-04-15,24,4,16,0,True,True
5,2024-04-15,24,5,0,0,True,False
5,2024-04-15,24,6,0,0,True,False
5,2024-04-15,24,7,478,18,True,True
5,2024-04-15,24,8,4,0,True,True
5,2024-04-15,24,9,4,0,True,True
5,2024-04-15,24,10,16,0,True,True
5,2024-04-15,24,11,3,0,True,True
5,2024-04-15,24,12,2,0,True,True
5,2024-04-15,24,13,1,0,True,True
5,2024-04-15,24,14,15,0,True,True
5,2024-04-15,24,15,321,1,True,True
5,2024-04-15,24,16,2,0,True,True
6,2024-04-16,1,1,2,0,True,True
6,2024-04-16,1,2,70,0,True,True
6,2024-04-16,1,3,0,0,True,False
6,2024-04-16,1,4,36,1,True,True
6,2024-04-16,1,5,0,0,True,False
6,2024-04-16,1,6,0,0,True,False
6,2024-04-16,1,7,1,0,True,True
6,2024-04-16,1,8,2,0,True,True
6,2024-04-16,1,9,2,0,True,True
6,2024-04-16,1,10,3,0,True,True
6,2024-04-16,1,11,0,0,True,False
6,2024-04-16,1,12,2,0,True,True
6,2024-04-16,1,13,0,0,True,False
6,2024-04-16,1,14,1,0,True,True
6,2024-04-16,1,15,1,0,True,True
6,2024-04-16,1,16,1,0,True,True
6,2024-04-16,2,1,3,0,True,True
6,2024-04-16,2,2,0,0,True,False
6,2024-04-16,2,3,1,0,True,True
6,2024-04-16,2,4,0,0,True,False
6,2024-04-16,2,5,2,0,True,True
6,2024-04-16,2,6,0,0,True,False
6,2024-04-16,2,7,2,0,True,True
6,2024-04-16,2,8,1,0,True,True
6,2024-04-16,2,9,119,5,True,True
6,2024-04-16,2,10,1,0,True,True
6,2024-04-16,2,11,1,0,True,True
6,2024-04-16,2,12,2,0,True,True
6,2024-04-16,2,13,1,0,True,True
6,2024-04-16,2,14,3,0,True,True
6,2024-04-16,2,15,1,0,True,True
6,2024-04-16,2,16,2,0,True,True
6,2024-04-16,3,1,2,0,True,True
6,2024-04-16,3,2,1,0,True,True
6,2024-04-16,3,3,1,0,True,True
6,2024-04-16,3,4,1,0,True,True
6,2024-04-16,3,5,2,0,True,True
6,2024-04-16,3,6,83,0,True,True
6,2024-04-16,3,7,0,0,True,False
6,2024-04-16,3,8,0,0,True,False
6,2024-04-16,3,9,9,0,True,True
6,2024-04-16,3,10,1,0,True,True
6,2024-04-16,3,11,1,0,True,True
6,2024-04-16,3,12,2,0,True,True
6,2024-04-16,3,13,3,0,True,True
6,2024-04-16,3,14,2,0,True,True
6,2024-04-16,3,15,0,0,True,False
6,2024-04-16,3,16,2,0,True,True
6,2024-04-16,4,1,1,0,True,True
6,2024-04-16,4,2,1,0,True,True
6,2024-04-16,4,3,1,0,True,True
6,2024-04-16,4,4,2,0,True,True
6,2024-04-16,4,5,1,0,True,True
6,2024-04-16,4,6,4,0,True,True
6,2024-04-16,4,7,0,0,True,False
6,2024-04-16,4,8,0,0,True,False
6,2024-04-16,4,9,2,0,True,True
6,2024-04-16,4,10,3,0,True,True
6,2024-04-16,4,11,2,0,True,True
6,2024-04-16,4,12,0,0,True,False
6,2024-04-16,4,13,2,0,True,True
6,2024-04-16,4,14,1,0,True,True
6,2024-04-16,4,15,1,0,True,True
6,2024-04-16,4,16,0,0,True,False
6,2024-04-16,5,1,1,0,True,True
6,2024-04-16,5,2,2,0,True,True
6,2024-04-16,5,3,2,0,True,True
6,2024-04-16,5,4,1,0,True,True
6,2024-04-16,5,5,4,0,True,True
6,2024-04-16,5,6,2,0,True,True
6,2024-04-16,5,7,3,0,True,True
6,2024-04-16,5,8,1,0,True,True
6,2024-04-16,5,9,2,0,True,True
6,2024-04-16,5,10,2,0,True,True
6,2024-04-16,5,11,2,0,True,True
6,2024-04-16,5,12,0,0,True,False
6,2024-04-16,5,13,0,0,True,False
6,2024-04-16,5,14,1,0,True,True
6,2024-04-16,5,15,1,0,True,True
6,2024-04-16,5,16,1,0,True,True
6,2024-04-16,6,1,1,0,True,True
6,2024-04-16,6,2,0,0,True,False
6,2024-04-16,6,3,3,0,True,True
6,2024-04-16,6,4,1,0,True,True
6,2024-04-16,6,5,4,0,True,True
6,2024-04-16,6,6,1,0,True,True
6,2024-04-16,6,7,1,0,True,True
6,2024-04-16,6,8,1,0,True,True
6,2024-04-16,6,9,4,0,True,True
6,2024-04-16,6,10,3,0,True,True
6,2024-04-16,6,11,5,0,True,True
6,2024-04-16,6,12,4,0,True,True
6,2024-04-16,6,13,2,0,True,True
6,2024-04-16,6,14,2,0,True,True
6,2024-04-16,6,15,2,0,True,True
6,2024-04-16,6,16,1,0,True,True
6,2024-04-16,7,1,1,0,True,True
6,2024-04-16,7,2,0,0,True,False
6,2024-04-16,7,3,5,0,True,True
6,2024-04-16,7,4,2,0,True,True
6,2024-04-16,7,5,1,0,True,True
6,2024-04-16,7,6,4,0,True,True
6,2024-04-16,7,7,2,0,True,True
6,2024-04-16,7,8,0,0,True,False
6,2024-04-16,7,9,0,0,True,False
6,2024-04-16,7,10,1,0,True,True
6,2024-04-16,7,11,1,0,True,True
6,2024-04-16,7,12,7,0,True,True
6,2024-04-16,7,13,0,0,True,False
6,2024-04-16,7,14,3,0,True,True
6,2024-04-16,7,15,22,0,True,True
6,2024-04-16,7,16,1,0,True,True
6,2024-04-16,8,1,1,0,True,True
6,2024-04-16,8,2,2,0,True,True
6,2024-04-16,8,3,6,0,True,True
6,2024-04-16,8,4,0,0,True,False
6,2024-04-16,8,5,2,0,True,True
6,2024-04-16,8,6,1,0,True,True
6,2024-04-16,8,7,1,0,True,True
6,2024-04-16,8,8,3,0,True,True
6,2024-04-16,8,9,1,0,True,True
6,2024-04-16,8,10,0,0,True,False
6,2024-04-16,8,11,0,0,True,False
6,2024-04-16,8,12,1,0,True,True
6,2024-04-16,8,13,1,0,True,True
6,2024-04-16,8,14,2,0,True,True
6,2024-04-16,8,15,0,0,True,False
6,2024-04-16,8,16,1,0,True,True
6,2024-04-16,9,1,0,0,True,False
6,2024-04-16,9,2,1,0,True,True
6,2024-04-16,9,3,4,0,True,True
6,2024-04-16,9,4,1,0,True,True
6,2024-04-16,9,5,0,0,True,False
6,2024-04-16,9,6,1,0,True,True
6,2024-04-16,9,7,15,0,True,True
6,2024-04-16,9,8,1,0,True,True
6,2024-04-16,9,9,1,0,True,True
6,2024-04-16,9,10,3,0,True,True
6,2024-04-16,9,11,0,0,True,False
6,2024-04-16,9,12,4,0,True,True
6,2024-04-16,9,13,1,0,True,True
6,2024-04-16,9,14,0,0,True,False
6,2024-04-16,9,15,4,0,True,True
6,2024-04-16,9,16,0,0,True,False
6,2024-04-16,10,1,2,0,True,True
6,2024-04-16,10,2,1,0,True,True
6,2024-04-16,10,3,1,0,True,True
6,2024-04-16,10,4,0,0,True,False
6,2024-04-16,10,5,2,0,True,True
6,2024-04-16,10,6,3,0,True,True
6,2024-04-16,10,7,0,0,True,False
6,2024-04-16,10,8,4,0,True,True
6,2024-04-16,10,9,1,0,True,True
6,2024-04-16,10,10,1,0,True,True
6,2024-04-16,10,11,2,0,True,True
6,2024-04-16,10,12,4,0,True,True
6,2024-04-16,10,13,3,0,True,True
6,2024-04-16,10,14,1,0,True,True
6,2024-04-16,10,15,3,0,True,True
6,2024-04-16,10,16,1,0,True,True
6,2024-04-16,11,1,3,0,True,True
6,2024-04-16,11,2,2,0,True,True
6,2024-04-16,11,3,2,0,True,True
6,2024-04-16,11,4,0,0,True,False
6,2024-04-16,11,5,1,0,True,True
6,2024-04-16,11,6,0,0,True,False
6,2024-04-16,11,7,1,0,True,True
6,2024-04-16,11,8,2,0,True,True
6,2024-04-16,11,9,2,0,True,True
6,2024-04-16,11,10,2,0,True,True
6,2024-04-16,11,11,1,0,True,True
6,2024-04-16,11,12,1,0,True,True
6,2024-04-16,11,13,1,0,True,True
6,2024-04-16,11,14,1,0,True,True
6,2024-04-16,11,15,1,0,True,True
6,2024-04-16,11,16,3,0,True,True
6,2024-04-16,12,1,1,0,True,True
6,2024-04-16,12,2,1,0,True,True
6,2024-04-16,12,3,0,0,True,False
6,2024-04-16,12,4,1,0,True,True
6,2024-04-16,12,5,3,0,True,True
6,2024-04-16,12,6,3,0,True,True
6,2024-04-16,12,7,1,0,True,True
6,2024-04-16,12,8,0,0,True,False
6,2024-04-16,12,9,2,0,True,True
6,2024-04-16,12,10,0,0,True,False
6,2024-04-16,12,11,2,0,True,True
6,2024-04-16,12,12,1,0,True,True
6,2024-04-16,12,13,0,0,True,False
6,2024-04-16,12,14,0,0,True,False
6,2024-04-16,12,15,0,0,True,False
6,2024-04-16,12,16,0,0,True,False
6,2024-04-16,13,1,0,0,True,False
6,2024-04-16,13,2,5,0,True,True
6,2024-04-16,13,3,0,0,True,False
6,2024-04-16,13,4,0,0,True,False
6,2024-04-16,13,5,2,0,True,True
6,2024-04-16,13,6,0,0,True,False
6,2024-04-16,13,7,2,0,True,True
6,2024-04-16,13,8,1,0,True,True
6,2024-04-16,13,9,0,0,True,False
6,2024-04-16,13,10,2,0,True,True
6,2024-04-16,13,11,2,0,True,True
6,2024-04-16,13,12,3,0,True,True
6,2024-04-16,13,13,0,0,True,False
6,2024-04-16,13,14,0,0,True,False
6,2024-04-16,13,15,0,0,True,False
6,2024-04-16,13,16,1,0,True,True
6,2024-04-16,14,1,2,0,True,True
6,2024-04-16,14,2,3,0,True,True
6,2024-04-16,14,3,1,0,True,True
6,2024-04-16,14,4,3,0,True,True
6,2024-04-16,14,5,1,0,True,True
6,2024-04-16,14,6,2,0,True,True
6,2024-04-16,14,7,0,0,True,False
6,2024-04-16,14,8,0,0,True,False
6,2024-04-16,14,9,0,0,True,False
6,2024-04-16,14,10,224,1,True,True
6,2024-04-16,14,11,0,0,True,False
6,2024-04-16,14,12,3,0,True,True
6,2024-04-16,14,13,1,0,True,True
6,2024-04-16,14,14,1,0,True,True
6,2024-04-16,14,15,1,0,True,True
6,2024-04-16,14,16,1,0,True,True
6,2024-04-16,15,1,0,0,True,False
6,2024-04-16,15,2,3,0,True,True
6,2024-04-16,15,3,2,0,True,True
6,2024-04-16,15,4,2,0,True,True
6,2024-04-16,15,5,0,0,True,False
6,2024-04-16,15,6,4,0,True,True
6,2024-04-16,15,7,2,0,True,True
6,2024-04-16,15,8,0,0,True,False
6,2024-04-16,15,9,3,0,True,True
6,2024-04-16,15,10,2,0,True,True
6,2024-04-16,15,11,0,0,True,False
6,2024-04-16,15,12,1,0,True,True
6,2024-04-16,15,13,1,0,True,True
6,2024-04-16,15,14,1,0,True,True
6,2024-04-16,15,15,1,0,True,True
6,2024-04-16,15,16,1,0,True,True
6,2024-04-16,16,1,3,0,True,True
6,2024-04-16,16,2,0,0,True,False
6,2024-04-16,16,3,84,1,True,True
6,2024-04-16,16,4,5,0,True,True
6,2024-04-16,16,5,1,0,True,True
6,2024-04-16,16,6,4,0,True,True
6,2024-04-16,16,7,2,0,True,True
6,2024-04-16,16,8,29,1,True,True
6,2024-04-16,16,9,3,0,True,True
6,2024-04-16,16,10,196,0,True,True
6,2024-04-16,16,11,3,0,True,True
6,2024-04-16,16,12,0,0,True,False
6,2024-04-16,16,13,1,0,True,True
6,2024-04-16,16,14,474,26,True,True
6,2024-04-16,16,15,63,0,True,True
6,2024-04-16,16,16,4,0,True,True
6,2024-04-16,17,1,555,41,True,True
6,2024-04-16,17,2,161,0,True,True
6,2024-04-16,17,3,4,0,True,True
6,2024-04-16,17,4,84,0,True,True
6,2024-04-16,17,5,1,0,True,True
6,2024-04-16,17,6,1,0,True,True
6,2024-04-16,17,7,0,0,True,False
6,2024-04-16,17,8,210,20,True,True
6,2024-04-16,17,9,33,0,True,True
6,2024-04-16,17,10,1,0,True,True
6,2024-04-16,17,11,7,0,True,True
6,2024-04-16,17,12,3,0,True,True
6,2024-04-16,17,13,2,0,True,True
6,2024-04-16,17,14,2,0,True,True
6,2024-04-16,17,15,0,0,True,False
6,2024-04-16,17,16,1,0,True,True
6,2024-04-16,18,1,3,0,True,True
6,2024-04-16,18,2,1,0,True,True
6,2024-04-16,18,3,0,0,True,False
6,2024-04-16,18,4,0,0,True,False
6,2024-04-16,18,5,8,0,True,True
6,2024-04-16,18,6,1,0,True,True
6,2024-04-16,18,7,1074,55,True,True
6,2024-04-16,18,8,0,0,True,False
6,2024-04-16,18,9,48,0,True,True
6,2024-04-16,18,10,170,0,True,True
6,2024-04-16,18,11,13,0,True,True
6,2024-04-16,18,12,59,0,True,True
6,2024-04-16,18,13,99,0,True,True
6,2024-04-16,18,14,184,3,True,True
6,2024-04-16,18,15,3,0,True,True
6,2024-04-16,18,16,2,0,True,True
6,2024-04-16,19,1,1,0,True,True
6,2024-04-16,19,2,0,0,True,False
6,2024-04-16,19,3,3,0,True,True
6,2024-04-16,19,4,4,0,True,True
6,2024-04-16,19,5,1,0,True,True
6,2024-04-16,19,6,0,0,True,False
6,2024-04-16,19,7,2,0,True,True
6,2024-04-16,19,8,1,0,True,True
6,2024-04-16,19,9,0,0,True,False
6,2024-04-16,19,10,0,0,True,False
6,2024-04-16,19,11,3,0,True,True
6,2024-04-16,19,12,0,0,True,False
6,2024-04-16,19,13,2,0,True,True
6,2024-04-16,19,14,1,0,True,True
6,2024-04-16,19,15,1,0,True,True
6,2024-04-16,19,16,2,0,True,True
6,2024-04-16,20,1,1,0,True,True
6,2024-04-16,20,2,1,0,True,True
6,2024-04-16,20,3,3,0,True,True
6,2024-04-16,20,4,1,0,True,True
6,2024-04-16,20,5,0,0,True,False
6,2024-04-16,20,6,1,0,True,True
6,2024-04-16,20,7,2,0,True,True
6,2024-04-16,20,8,0,0,True,False
6,2024-04-16,20,9,1,0,True,True
6,2024-04-16,20,10,4,0,True,True
6,2024-04-16,20,11,1,0,True,True
6,2024-04-16,20,12,0,0,True,False
6,2024-04-16,20,13,0,0,True,False
6,2024-04-16,20,14,1,0,True,True
6,2024-04-16,20,15,1,0,True,True
6,2024-04-16,20,16,0,0,True,False
6,2024-04-16,21,1,0,0,True,False
6,2024-04-16,21,2,234,3,True,True
6,2024-04-16,21,3,3,0,True,True
6,2024-04-16,21,4,0,0,True,False
6,2024-04-16,21,5,3,0,True,True
6,2024-04-16,21,6,2,0,True,True
6,2024-04-16,21,7,5,0,True,True
6,2024-04-16,21,8,296,8,True,True
6,2024-04-16,21,9,2,0,True,True
6,2024-04-16,21,10,4,0,True,True
6,2024-04-16,21,11,203,7,True,True
6,2024-04-16,21,12,2,0,True,True
6,2024-04-16,21,13,7,0,True,True
6,2024-04-16,21,14,1,0,True,True
6,2024-04-16,21,15,3,0,True,True
6,2024-04-16,21,16,2,0,True,True
6,2024-04-16,22,1,10,0,True,True
6,2024-04-16,22,2,3,0,True,True
6,2024-04-16,22,3,398,29,True,True
6,2024-04-16,22,4,384,27,True,True
6,2024-04-16,22,5,134,2,True,True
6,2024-04-16,22,6,3,0,True,True
6,2024-04-16,22,7,14,0,True,True
6,2024-04-16,22,8,105,0,True,True
6,2024-04-16,22,9,74,0,True,True
6,2024-04-16,22,10,2,0,True,True
6,2024-04-16,22,11,0,0,True,False
6,2024-04-16,22,12,10,0,True,True
6,2024-04-16,22,13,2,0,True,True
6,2024-04-16,22,14,161,4,True,True
6,2024-04-16,22,15,1,0,True,True
6,2024-04-16,22,16,1,0,True,True
6,2024-04-16,23,1,2,0,True,True
6,2024-04-16,23,2,51,0,True,True
6,2024-04-16,23,3,5,0,True,True
6,2024-04-16,23,4,109,0,True,True
6,2024-04-16,23,5,128,1,True,True
6,2024-04-16,23,6,4,0,True,True
6,2024-04-16,23,7,3,0,True,True
6,2024-04-16,23,8,2,0,True,True
6,2024-04-16,23,9,1,0,True,True
6,2024-04-16,23,10,22,0,True,True
6,2024-04-16,23,11,471,35,True,True
6,2024-04-16,23,12,377,41,True,True
6,2024-04-16,23,13,471,36,True,True
6,2024-04-16,23,14,4,0,True,True
6,2024-04-16,23,15,2,0,True,True
6,2024-04-16,23,16,3,0,True,True
6,2024-04-16,24,1,6,0,True,True
6,2024-04-16,24,2,3,0,True,True
6,2024-04-16,24,3,2,0,True,True
6,2024-04-16,24,4,4,0,True,True
6,2024-04-16,24,5,14,0,True,True
6,2024-04-16,24,6,18,0,True,True
6,2024-04-16,24,7,194,2,True,True
6,2024-04-16,24,8,279,22,True,True
6,2024-04-16,24,9,2,0,True,True
6,2024-04-16,24,10,150,0,True,True
6,2024-04-16,24,11,1,0,True,True
6,2024-04-16,24,12,1,0,True,True
6,2024-04-16,24,13,5,0,True,True
6,2024-04-16,24,14,14,0,True,True
6,2024-04-16,24,15,29,0,True,True
6,2024-04-16,24,16,1,0,True,True
