well,electrode,n_measurements,spikes_n_nonzero,spikes_fraction_zero,spikes_total,spikes_mean,spikes_median,spikes_std,spikes_min,spikes_max
1,1,41,37,0.0975609756097561,719.0,17.536585365853657,2.0,65.26718071166226,1.0,390.0
1,2,41,39,0.04878048780487805,7544.0,184.0,4.0,405.7780181330674,1.0,1704.0
1,3,41,36,0.12195121951219512,1493.0,36.41463414634146,3.0,203.98283942647672,1.0,1310.0
1,4,41,35,0.14634146341463414,170.0,4.146341463414634,2.0,9.004334999348247,1.0,43.0
1,5,41,35,0.14634146341463414,109.0,2.658536585365854,2.0,3.623601496422868,1.0,23.0
1,6,41,38,0.07317073170731707,16191.0,394.9024390243902,6.0,558.6761497002556,1.0,1777.0
1,7,41,37,0.0975609756097561,100.0,2.4390243902439024,2.0,1.6286310277009473,1.0,7.0
1,8,41,36,0.12195121951219512,168.0,4.097560975609756,2.0,6.452925220583222,1.0,29.0
1,9,41,36,0.12195121951219512,130.0,3.1707317073170733,2.0,4.352599447596748,1.0,25.0
1,10,41,36,0.12195121951219512,126.0,3.073170731707317,2.0,3.4087405584939945,1.0,17.0
1,11,41,37,0.0975609756097561,97.0,2.3658536585365852,2.0,1.6845785461202991,1.0,7.0
1,12,41,34,0.17073170731707318,101.0,2.4634146341463414,2.0,3.413924142212373,1.0,22.0
1,13,41,37,0.0975609756097561,165.0,4.024390243902439,2.0,10.366985590995217,1.0,68.0
1,14,41,34,0.17073170731707318,3345.0,81.58536585365853,2.0,243.60716077424286,1.0,1122.0
1,15,41,34,0.17073170731707318,84.0,2.048780487804878,2.0,1.4309301085691628,1.0,5.0
1,16,41,33,0.1951219512195122,77.0,1.8780487804878048,2.0,1.3265579887667842,1.0,5.0
2,1,41,33,0.1951219512195122,80.0,1.951219512195122,1.0,1.6116950628483528,1.0,6.0
2,2,41,32,0.21951219512195122,93.0,2.268292682926829,2.0,2.2363406520910725,1.0,12.0
2,3,41,36,0.12195121951219512,1546.0,37.707317073170735,2.0,218.29867657666168,1.0,1401.0
2,4,41,36,0.12195121951219512,98.0,2.3902439024390243,2.0,1.701147388977331,1.0,6.0
2,5,41,37,0.0975609756097561,799.0,19.48780487804878,3.0,58.986066978236266,1.0,269.0
2,6,41,38,0.07317073170731707,332.0,8.097560975609756,2.0,23.154702414465167,1.0,112.0
2,7,41,36,0.12195121951219512,1030.0,25.121951219512194,3.0,69.55508432959851,1.0,406.0
2,8,41,37,0.0975609756097561,328.0,8.0,2.0,17.970809664564364,1.0,90.0
2,9,41,34,0.17073170731707318,152.0,3.707317073170732,2.0,6.664247528562488,1.0,35.0
2,10,41,32,0.21951219512195122,77.0,1.8780487804878048,2.0,1.568360958950769,1.0,5.0
2,11,41,31,0.24390243902439024,256.0,6.2439024390243905,2.0,27.233050221931514,1.0,176.0
2,12,41,39,0.04878048780487805,452.0,11.024390243902438,3.0,27.498625242799,1.0,140.0
2,13,41,37,0.0975609756097561,141.0,3.4390243902439024,2.0,7.311117494910764,1.0,48.0
2,14,41,34,0.17073170731707318,382.0,9.317073170731707,3.0,38.693952385605584,1.0,248.0
2,15,41,33,0.1951219512195122,201.0,4.902439024390244,2.0,13.247273074200553,1.0,75.0
2,16,41,38,0.07317073170731707,647.0,15.78048780487805,3.0,49.0201551380256,1.0,254.0
3,1,41,38,0.07317073170731707,23090.0,563.170731707317,602.0,497.4724063925066,1.0,1624.0
3,2,41,35,0.14634146341463414,497.0,12.121951219512194,2.0,63.07978880828281,1.0,406.0
3,3,41,36,0.12195121951219512,93.0,2.268292682926829,2.0,2.258587946526573,1.0,14.0
3,4,41,35,0.14634146341463414,163.0,3.975609756097561,2.0,14.142997922785058,1.0,92.0
3,5,41,35,0.14634146341463414,85.0,2.073170731707317,2.0,1.4033931007105427,1.0,5.0
3,6,41,39,0.04878048780487805,124.0,3.024390243902439,2.0,5.246369243953616,1.0,34.0
3,7,41,36,0.12195121951219512,1249.0,30.463414634146343,3.0,109.99274920670352,1.0,568.0
3,8,41,35,0.14634146341463414,88.0,2.1463414634146343,2.0,1.5582197471755403,1.0,6.0
3,9,41,37,0.0975609756097561,383.0,9.341463414634147,2.0,44.95364821463191,1.0,290.0
3,10,41,36,0.12195121951219512,104.0,2.5365853658536586,2.0,1.6896384372937565,1.0,8.0
3,11,41,37,0.0975609756097561,4618.0,112.63414634146342,6.0,192.58527411221775,1.0,803.0
3,12,41,35,0.14634146341463414,196.0,4.780487804878049,2.0,12.143953629526816,1.0,77.0
3,13,41,35,0.14634146341463414,87.0,2.1219512195121952,2.0,1.6612513649538336,1.0,6.0
3,14,41,37,0.0975609756097561,96.0,2.341463414634146,2.0,1.6971999896529721,1.0,8.0
3,15,41,34,0.17073170731707318,402.0,9.804878048780488,3.0,21.632405682442165,1.0,92.0
3,16,41,36,0.12195121951219512,1452.0,35.41463414634146,2.0,146.1049238748914,1.0,876.0
4,1,41,35,0.14634146341463414,87.0,2.1219512195121952,2.0,1.3819392524857868,1.0,5.0
4,2,41,34,0.17073170731707318,371.0,9.048780487804878,2.0,29.646206519141863,1.0,177.0
4,3,41,38,0.07317073170731707,4587.0,111.8780487804878,4.0,183.68753293595503,1.0,626.0
4,4,41,37,0.0975609756097561,91.0,2.2195121951219514,2.0,1.52499500199101,1.0,6.0
4,5,41,32,0.21951219512195122,98.0,2.3902439024390243,2.0,2.189498216264263,1.0,10.0
4,6,41,35,0.14634146341463414,166.0,4.048780487804878,2.0,10.244391684019591,1.0,67.0
4,7,41,36,0.12195121951219512,5526.0,134.78048780487805,3.0,290.3533633518925,1.0,1240.0
4,8,41,34,0.17073170731707318,299.0,7.2926829268292686,3.0,30.102528052008374,1.0,195.0
4,9,41,33,0.1951219512195122,2079.0,50.707317073170735,2.0,179.10503118316345,1.0,888.0
4,10,41,35,0.14634146341463414,215.0,5.2439024390243905,2.0,9.585876297462006,1.0,49.0
4,11,41,37,0.0975609756097561,105.0,2.5609756097560976,2.0,2.2808855789780957,1.0,11.0
4,12,41,30,0.2682926829268293,84.0,2.048780487804878,2.0,2.1089241275137796,1.0,10.0
4,13,41,35,0.14634146341463414,99.0,2.4146341463414633,2.0,1.731698728937825,1.0,6.0
4,14,41,37,0.0975609756097561,123.0,3.0,2.0,4.9899899799498595,1.0,33.0
4,15,41,34,0.17073170731707318,93.0,2.268292682926829,2.0,2.000304854814666,1.0,10.0
4,16,41,35,0.14634146341463414,90.0,2.1951219512195124,2.0,1.5527316605763204,1.0,6.0
5,1,41,35,0.14634146341463414,1133.0,27.634146341463413,2.0,152.12277214433757,1.0,977.0
5,2,41,39,0.04878048780487805,1507.0,36.75609756097561,3.0,104.65318449235191,1.0,477.0
5,3,41,40,0.024390243902439025,3370.0,82.1951219512195,7.0,222.36088004774976,1.0,1072.0
5,4,41,40,0.024390243902439025,7673.0,187.14634146341464,5.0,322.65837669085937,1.0,1301.0
5,5,41,37,0.0975609756097561,4359.0,106.3170731707317,2.0,404.3035022742439,1.0,2115.0
5,6,41,39,0.04878048780487805,12497.0,304.8048780487805,5.0,638.4754192415004,1.0,2718.0
5,7,41,38,0.07317073170731707,23883.0,582.5121951219512,98.0,873.7483940457694,1.0,3153.0
5,8,41,41,0.0,6846.0,166.97560975609755,26.0,220.05732069223214,1.0,786.0
5,9,41,36,0.12195121951219512,812.0,19.804878048780488,2.0,75.98461012343063,1.0,358.0
5,10,41,35,0.14634146341463414,4117.0,100.41463414634147,3.0,425.93150714696816,1.0,2654.0
5,11,41,37,0.0975609756097561,1498.0,36.53658536585366,7.0,60.4483653877322,1.0,285.0
5,12,41,36,0.12195121951219512,10378.0,253.1219512195122,17.0,623.0093576793993,1.0,2917.0
5,13,41,36,0.12195121951219512,103.0,2.5121951219512195,2.0,2.325101623795315,1.0,12.0
5,14,41,38,0.07317073170731707,2349.0,57.292682926829265,4.0,207.66189394090085,1.0,1295.0
5,15,41,36,0.12195121951219512,816.0,19.902439024390244,3.0,87.53250964014707,1.0,563.0
5,16,41,35,0.14634146341463414,2575.0,62.80487804878049,3.0,236.88554404101944,1.0,1398.0
6,1,41,37,0.0975609756097561,2657.0,64.8048780487805,3.0,192.72068123481134,1.0,1029.0
6,2,41,35,0.14634146341463414,18235.0,444.7560975609756,27.0,854.0285059788052,1.0,3994.0
6,3,41,41,0.0,42030.0,1025.121951219512,511.0,1285.5865430829997,1.0,4435.0
6,4,41,34,0.17073170731707318,713.0,17.390243902439025,3.0,73.31059884108862,1.0,466.0
6,5,41,35,0.14634146341463414,4904.0,119.60975609756098,4.0,305.780139810353,1.0,1306.0
6,6,41,33,0.1951219512195122,333.0,8.121951219512194,3.0,17.517412939631267,1.0,73.0
6,7,41,34,0.17073170731707318,3597.0,87.73170731707317,4.0,216.72967314032516,1.0,1102.0
6,8,41,37,0.0975609756097561,4788.0,116.78048780487805,3.0,300.91556225917617,1.0,1478.0
6,9,41,39,0.04878048780487805,1426.0,34.78048780487805,3.0,91.36014234750347,1.0,385.0
6,10,41,36,0.12195121951219512,1553.0,37.8780487804878,3.0,106.92268120514731,1.0,498.0
6,11,41,39,0.04878048780487805,1314.0,32.048780487804876,4.0,92.3160200668097,1.0,449.0
6,12,41,36,0.12195121951219512,1462.0,35.65853658536585,2.0,145.57482779589637,1.0,784.0
6,13,41,38,0.07317073170731707,2352.0,57.36585365853659,5.0,102.66663433111094,1.0,425.0
6,14,41,39,0.04878048780487805,16480.0,401.9512195121951,4.0,1077.7019289028742,1.0,4703.0
6,15,41,34,0.17073170731707318,868.0,21.170731707317074,3.0,69.00757293189798,1.0,422.0
6,16,41,39,0.04878048780487805,999.0,24.365853658536587,3.0,68.21427859970412,1.0,322.0
7,1,41,38,0.07317073170731707,1237.0,30.170731707317074,4.0,68.34394722249526,1.0,327.0
7,2,41,37,0.0975609756097561,5268.0,128.4878048780488,3.0,320.1585639922208,1.0,1838.0
7,3,41,39,0.04878048780487805,5934.0,144.73170731707316,2.0,366.028347562743,1.0,1461.0
7,4,41,35,0.14634146341463414,154.0,3.7560975609756095,2.0,6.50300118331866,1.0,38.0
7,5,41,36,0.12195121951219512,2980.0,72.6829268292683,3.0,415.38448689282984,1.0,2665.0
7,6,41,37,0.0975609756097561,144.0,3.5121951219512195,2.0,3.695415749408395,1.0,18.0
7,7,41,39,0.04878048780487805,6564.0,160.09756097560975,4.0,388.205796252326,1.0,1426.0
7,8,41,32,0.21951219512195122,84.0,2.048780487804878,2.0,1.564468272484219,1.0,5.0
7,9,41,38,0.07317073170731707,898.0,21.902439024390244,4.0,54.37775504654858,1.0,252.0
7,10,41,40,0.024390243902439025,585.0,14.268292682926829,3.0,38.6335504388633,1.0,210.0
7,11,41,37,0.0975609756097561,3880.0,94.63414634146342,2.0,257.15372407351606,1.0,1356.0
7,12,41,36,0.12195121951219512,114.0,2.7804878048780486,2.0,3.086358656426301,1.0,19.0
7,13,41,36,0.12195121951219512,251.0,6.121951219512195,3.0,9.322540216998851,1.0,43.0
7,14,41,38,0.07317073170731707,1280.0,31.21951219512195,3.0,78.06327952216776,1.0,370.0
7,15,41,35,0.14634146341463414,397.0,9.682926829268293,2.0,20.954043791581427,1.0,101.0
7,16,41,35,0.14634146341463414,524.0,12.78048780487805,2.0,44.03663940125424,1.0,275.0
8,1,41,36,0.12195121951219512,1205.0,29.390243902439025,3.0,96.91358987489332,1.0,544.0
8,2,41,38,0.07317073170731707,866.0,21.121951219512194,3.0,63.4906273090569,1.0,376.0
8,3,41,37,0.0975609756097561,1733.0,42.26829268292683,3.0,134.70226879868133,1.0,636.0
8,4,41,38,0.07317073170731707,94.0,2.292682926829268,2.0,2.003046460257779,1.0,11.0
8,5,41,36,0.12195121951219512,264.0,6.439024390243903,2.0,23.45639441654216,1.0,150.0
8,6,41,37,0.0975609756097561,818.0,19.951219512195124,3.0,98.41619562336072,1.0,633.0
8,7,41,39,0.04878048780487805,46961.0,1145.3902439024391,1170.0,986.3390106360181,1.0,3360.0
8,8,41,38,0.07317073170731707,139.0,3.3902439024390243,2.0,6.192245347127678,1.0,41.0
8,9,41,38,0.07317073170731707,107.0,2.6097560975609757,2.0,1.8691983412747804,1.0,9.0
8,10,41,33,0.1951219512195122,270.0,6.585365853658536,3.0,17.603942185993592,1.0,95.0
8,11,41,37,0.0975609756097561,1127.0,27.48780487804878,3.0,65.09344127914099,1.0,309.0
8,12,41,35,0.14634146341463414,111.0,2.707317073170732,2.0,2.82173618929042,1.0,17.0
8,13,41,36,0.12195121951219512,88.0,2.1463414634146343,2.0,1.6364744973533212,1.0,6.0
8,14,41,35,0.14634146341463414,2319.0,56.5609756097561,3.0,194.5460162507174,1.0,1135.0
8,15,41,36,0.12195121951219512,660.0,16.097560975609756,2.0,66.4017337416911,1.0,381.0
8,16,41,33,0.1951219512195122,81.0,1.975609756097561,2.0,1.5730194671085411,1.0,6.0
9,1,41,37,0.0975609756097561,13390.0,326.5853658536585,3.0,744.9302643741144,1.0,2776.0
9,2,41,34,0.17073170731707318,578.0,14.097560975609756,3.0,61.12765531167083,1.0,394.0
9,3,41,39,0.04878048780487805,3064.0,74.73170731707317,3.0,169.57506072389356,1.0,656.0
9,4,41,37,0.0975609756097561,88.0,2.1463414634146343,2.0,1.3885419620911013,1.0,5.0
9,5,41,37,0.0975609756097561,84.0,2.048780487804878,2.0,1.302904822160758,1.0,4.0
9,6,41,35,0.14634146341463414,80.0,1.951219512195122,2.0,1.482417274457417,1.0,6.0
9,7,41,37,0.0975609756097561,152.0,3.707317073170732,2.0,9.165816664212262,1.0,60.0
9,8,41,38,0.07317073170731707,96.0,2.341463414634146,2.0,1.7408296312040556,1.0,7.0
9,9,41,36,0.12195121951219512,88.0,2.1463414634146343,2.0,1.4926649927186626,1.0,6.0
9,10,41,32,0.21951219512195122,93.0,2.268292682926829,1.0,3.660767612427088,1.0,23.0
9,11,41,35,0.14634146341463414,236.0,5.7560975609756095,2.0,22.66139943583017,1.0,147.0
9,12,41,34,0.17073170731707318,98.0,2.3902439024390243,2.0,2.709963549390358,1.0,17.0
9,13,41,35,0.14634146341463414,85.0,2.073170731707317,2.0,1.27260056385417,1.0,5.0
9,14,41,39,0.04878048780487805,918.0,22.390243902439025,3.0,62.71119439493259,1.0,291.0
9,15,41,38,0.07317073170731707,109.0,2.658536585365854,2.0,2.7983008781898433,1.0,18.0
9,16,41,37,0.0975609756097561,128.0,3.1219512195121952,2.0,4.142433596035183,1.0,27.0
10,1,41,37,0.0975609756097561,365.0,8.902439024390244,2.0,44.37274212737409,1.0,286.0
10,2,41,37,0.0975609756097561,13917.0,339.4390243902439,3.0,675.0299641045754,1.0,2799.0
10,3,41,37,0.0975609756097561,18715.0,456.4634146341463,6.0,943.3981422909676,1.0,3616.0
10,4,41,37,0.0975609756097561,121.0,2.951219512195122,3.0,2.6734922808210526,1.0,15.0
10,5,41,36,0.12195121951219512,3101.0,75.63414634146342,2.0,262.8020886615592,1.0,1279.0
10,6,41,35,0.14634146341463414,4168.0,101.65853658536585,4.0,237.38171894188667,1.0,966.0
10,7,41,40,0.024390243902439025,97.0,2.3658536585365852,2.0,1.512549132441251,1.0,6.0
10,8,41,33,0.1951219512195122,480.0,11.707317073170731,2.0,48.711520147927544,1.0,313.0
10,9,41,37,0.0975609756097561,162.0,3.951219512195122,2.0,9.478795333564795,1.0,62.0
10,10,41,37,0.0975609756097561,2119.0,51.68292682926829,2.0,169.34999837974465,1.0,831.0
10,11,41,37,0.0975609756097561,84.0,2.048780487804878,2.0,2.529340027677132,1.0,16.0
10,12,41,33,0.1951219512195122,247.0,6.024390243902439,2.0,22.12971735571655,1.0,143.0
10,13,41,36,0.12195121951219512,222.0,5.414634146341464,3.0,13.095754292434052,1.0,79.0
10,14,41,34,0.17073170731707318,2276.0,55.51219512195122,2.0,202.15268016417932,1.0,1036.0
10,15,41,34,0.17073170731707318,81.0,1.975609756097561,2.0,1.2142447215872254,1.0,4.0
10,16,41,35,0.14634146341463414,183.0,4.463414634146342,2.0,14.145843136723258,1.0,92.0
11,1,41,40,0.024390243902439025,3191.0,77.82926829268293,4.0,170.71788167017309,1.0,697.0
11,2,41,39,0.04878048780487805,6203.0,151.29268292682926,24.0,243.8405466593322,1.0,1084.0
11,3,41,35,0.14634146341463414,2230.0,54.390243902439025,3.0,161.91122228690335,1.0,659.0
11,4,41,36,0.12195121951219512,86.0,2.097560975609756,2.0,1.4107600442453083,1.0,5.0
11,5,41,35,0.14634146341463414,239.0,5.829268292682927,2.0,23.134284556718402,1.0,150.0
11,6,41,36,0.12195121951219512,100.0,2.4390243902439024,2.0,1.8847915068755599,1.0,9.0
11,7,41,37,0.0975609756097561,234.0,5.7073170731707314,2.0,13.955722665700664,1.0,73.0
11,8,41,36,0.12195121951219512,835.0,20.365853658536587,3.0,78.42504577542846,1.0,501.0
11,9,41,35,0.14634146341463414,365.0,8.902439024390244,2.0,30.703261128134887,1.0,173.0
11,10,41,36,0.12195121951219512,86.0,2.097560975609756,2.0,1.4457675824415988,1.0,5.0
11,11,41,34,0.17073170731707318,134.0,3.268292682926829,2.0,4.242784405575556,1.0,23.0
11,12,41,38,0.07317073170731707,129.0,3.1463414634146343,2.0,3.705138159433168,1.0,24.0
11,13,41,37,0.0975609756097561,348.0,8.487804878048781,2.0,40.94577020353843,1.0,264.0
11,14,41,33,0.1951219512195122,81.0,1.975609756097561,1.0,1.7533939214855399,1.0,6.0
11,15,41,36,0.12195121951219512,163.0,3.975609756097561,2.0,6.142018417743669,1.0,33.0
11,16,41,35,0.14634146341463414,3086.0,75.26829268292683,9.0,129.2429929222942,1.0,621.0
12,1,41,35,0.14634146341463414,168.0,4.097560975609756,2.0,9.924225103374019,1.0,65.0
12,2,41,37,0.0975609756097561,363.0,8.853658536585366,2.0,23.048384949503248,1.0,119.0
12,3,41,36,0.12195121951219512,208.0,5.073170731707317,2.0,8.838524322256626,1.0,41.0
12,4,41,36,0.12195121951219512,400.0,9.75609756097561,2.0,46.689817138110996,1.0,301.0
12,5,41,38,0.07317073170731707,209.0,5.097560975609756,4.0,5.936349375031681,1.0,32.0
12,6,41,36,0.12195121951219512,32725.0,798.170731707317,67.0,1003.2762805538418,1.0,2768.0
12,7,41,38,0.07317073170731707,1028.0,25.073170731707318,2.0,87.01390413143822,1.0,521.0
12,8,41,37,0.0975609756097561,171.0,4.170731707317073,2.0,9.40718459217313,1.0,60.0
12,9,41,31,0.24390243902439024,712.0,17.365853658536587,2.0,37.25839240866477,1.0,156.0
12,10,41,39,0.04878048780487805,20798.0,507.2682926829268,75.0,767.5566436553801,1.0,2552.0
12,11,41,34,0.17073170731707318,455.0,11.097560975609756,2.0,37.02148354540157,1.0,184.0
12,12,41,34,0.17073170731707318,164.0,4.0,2.0,8.120960534321048,1.0,50.0
12,13,41,39,0.04878048780487805,620.0,15.121951219512194,3.0,47.505365550615025,1.0,291.0
12,14,41,35,0.14634146341463414,1275.0,31.097560975609756,3.0,62.998732081704944,1.0,230.0
12,15,41,35,0.14634146341463414,198.0,4.829268292682927,2.0,12.982492902028467,1.0,81.0
12,16,41,35,0.14634146341463414,88.0,2.1463414634146343,2.0,1.6056303374338083,1.0,6.0
13,1,41,39,0.04878048780487805,93456.0,2279.4146341463415,1671.0,2147.739497420599,77.0,7618.0
13,2,41,39,0.04878048780487805,5993.0,146.17073170731706,3.0,439.3051844924565,1.0,2001.0
13,3,41,38,0.07317073170731707,2538.0,61.90243902439025,4.0,133.09053401313875,1.0,623.0
13,4,41,36,0.12195121951219512,1507.0,36.75609756097561,3.0,125.76600901829653,1.0,595.0
13,5,41,37,0.0975609756097561,6997.0,170.65853658536585,4.0,387.918909680625,1.0,1648.0
13,6,41,38,0.07317073170731707,1448.0,35.31707317073171,2.0,160.34157898442783,1.0,996.0
13,7,41,37,0.0975609756097561,6512.0,158.82926829268294,5.0,318.13125455061976,1.0,1388.0
13,8,41,37,0.0975609756097561,4274.0,104.2439024390244,4.0,244.91424830824002,1.0,1319.0
13,9,41,38,0.07317073170731707,6103.0,148.85365853658536,8.0,385.54925502298727,1.0,2317.0
13,10,41,35,0.14634146341463414,878.0,21.414634146341463,2.0,96.6814293465286,1.0,609.0
13,11,41,41,0.0,1203.0,29.341463414634145,3.0,159.92054429561225,1.0,1028.0
13,12,41,35,0.14634146341463414,10611.0,258.8048780487805,3.0,652.5845240086603,1.0,2587.0
13,13,41,37,0.0975609756097561,19272.0,470.0487804878049,4.0,1406.789837737313,1.0,6838.0
13,14,41,36,0.12195121951219512,9136.0,222.82926829268294,14.0,410.25662105802905,1.0,1665.0
13,15,41,32,0.21951219512195122,154.0,3.7560975609756095,2.0,10.229321795223958,1.0,66.0
13,16,41,38,0.07317073170731707,158.0,3.8536585365853657,2.0,7.538438086267461,1.0,46.0
14,1,41,40,0.024390243902439025,10454.0,254.97560975609755,39.0,467.1511793737054,1.0,2052.0
14,2,41,39,0.04878048780487805,39944.0,974.2439024390244,177.0,1266.711505838796,2.0,3913.0
14,3,41,40,0.024390243902439025,38639.0,942.4146341463414,752.0,903.9210135739118,1.0,2994.0
14,4,41,37,0.0975609756097561,2849.0,69.48780487804878,13.0,207.32271003814554,1.0,1306.0
14,5,41,40,0.024390243902439025,10709.0,261.1951219512195,20.0,479.86181445871455,1.0,2539.0
14,6,41,40,0.024390243902439025,10832.0,264.1951219512195,71.0,350.71713812645334,1.0,1169.0
14,7,41,41,0.0,35382.0,862.9756097560976,816.0,622.0842582723371,5.0,2191.0
14,8,41,41,0.0,52523.0,1281.0487804878048,801.0,1200.9128809205836,1.0,4482.0
14,9,41,41,0.0,7392.0,180.29268292682926,135.0,196.1191275605772,1.0,725.0
14,10,41,41,0.0,37944.0,925.4634146341464,7.0,1521.6923325291643,1.0,5535.0
14,11,41,40,0.024390243902439025,2195.0,53.53658536585366,5.0,174.27092378836116,1.0,925.0
14,12,41,37,0.0975609756097561,4308.0,105.07317073170732,3.0,569.369097784728,1.0,3650.0
14,13,41,39,0.04878048780487805,30275.0,738.4146341463414,4.0,1357.132730715934,1.0,4712.0
14,14,41,37,0.0975609756097561,856.0,20.878048780487806,2.0,67.19084577602489,1.0,347.0
14,15,41,38,0.07317073170731707,15644.0,381.5609756097561,21.0,806.9072762337842,1.0,3557.0
14,16,41,39,0.04878048780487805,1516.0,36.97560975609756,6.0,88.68243563549606,1.0,377.0
15,1,41,39,0.04878048780487805,740.0,18.048780487804876,3.0,56.918341165002424,1.0,333.0
15,2,41,37,0.0975609756097561,13885.0,338.6585365853659,6.0,701.9610249065149,1.0,3568.0
15,3,41,34,0.17073170731707318,705.0,17.195121951219512,2.0,52.98359156955818,1.0,319.0
15,4,41,38,0.07317073170731707,15140.0,369.2682926829268,17.0,642.5048647438495,1.0,2150.0
15,5,41,39,0.04878048780487805,2688.0,65.5609756097561,3.0,149.16652586630954,1.0,584.0
15,6,41,35,0.14634146341463414,198.0,4.829268292682927,2.0,12.563642861496005,1.0,79.0
15,7,41,34,0.17073170731707318,6749.0,164.609756097561,3.0,439.49402032614626,1.0,2229.0
15,8,41,36,0.12195121951219512,109.0,2.658536585365854,3.0,1.9053838996060737,1.0,8.0
15,9,41,39,0.04878048780487805,238.0,5.804878048780488,2.0,19.427068116670515,1.0,126.0
15,10,41,33,0.1951219512195122,95.0,2.317073170731707,2.0,1.7239348072105845,1.0,6.0
15,11,41,32,0.21951219512195122,74.0,1.8048780487804879,2.0,1.5036540858043441,1.0,6.0
15,12,41,34,0.17073170731707318,238.0,5.804878048780488,2.0,21.13790376574167,1.0,137.0
15,13,41,34,0.17073170731707318,420.0,10.24390243902439,2.0,53.287794328441144,1.0,343.0
15,14,41,37,0.0975609756097561,442.0,10.78048780487805,2.0,46.49704947366121,1.0,297.0
15,15,41,38,0.07317073170731707,314.0,7.658536585365853,2.0,25.608211335524356,1.0,159.0
15,16,41,37,0.0975609756097561,1013.0,24.70731707317073,3.0,95.88097931874681,1.0,515.0
16,1,41,32,0.21951219512195122,372.0,9.073170731707316,2.0,35.980821449699036,1.0,230.0
16,2,41,35,0.14634146341463414,94.0,2.292682926829268,2.0,2.3478064489968546,1.0,14.0
16,3,41,37,0.0975609756097561,108.0,2.6341463414634148,2.0,2.6810081831372274,1.0,14.0
16,4,41,34,0.17073170731707318,75.0,1.829268292682927,2.0,1.4124878587865852,1.0,5.0
16,5,41,39,0.04878048780487805,161.0,3.926829268292683,2.0,7.688921393480489,1.0,46.0
16,6,41,39,0.04878048780487805,1855.0,45.24390243902439,3.0,125.03215196256618,1.0,558.0
16,7,41,34,0.17073170731707318,79.0,1.9268292682926829,2.0,1.5064900248995847,1.0,6.0
16,8,41,38,0.07317073170731707,89.0,2.1707317073170733,2.0,1.3398216117153479,1.0,6.0
16,9,41,39,0.04878048780487805,22124.0,539.609756097561,5.0,983.6782217282433,1.0,3872.0
16,10,41,36,0.12195121951219512,144.0,3.5121951219512195,2.0,7.943934639772384,1.0,52.0
16,11,41,34,0.17073170731707318,169.0,4.121951219512195,2.0,13.829669413892763,1.0,90.0
16,12,41,34,0.17073170731707318,84.0,2.048780487804878,2.0,1.759988913490581,1.0,7.0
16,13,41,37,0.0975609756097561,1141.0,27.829268292682926,3.0,84.36435931097455,1.0,501.0
16,14,41,35,0.14634146341463414,99.0,2.4146341463414633,3.0,1.516172974236409,1.0,6.0
16,15,41,34,0.17073170731707318,2178.0,53.1219512195122,2.0,158.14221370683276,1.0,873.0
16,16,41,36,0.12195121951219512,83.0,2.024390243902439,2.0,1.5730194671085413,1.0,6.0
17,1,41,34,0.17073170731707318,75.0,1.829268292682927,2.0,1.1811528060414165,1.0,4.0
17,2,41,38,0.07317073170731707,1535.0,37.4390243902439,2.0,104.61334732730995,1.0,573.0
17,3,41,38,0.07317073170731707,7061.0,172.21951219512195,4.0,293.6954640605743,1.0,1319.0
17,4,41,33,0.1951219512195122,68.0,1.6585365853658536,1.0,1.3154800663172548,1.0,5.0
17,5,41,34,0.17073170731707318,85.0,2.073170731707317,2.0,1.6490943560396873,1.0,7.0
17,6,41,33,0.1951219512195122,72.0,1.7560975609756098,1.0,1.5617376188860608,1.0,6.0
17,7,41,37,0.0975609756097561,173.0,4.219512195121951,3.0,8.262905648505106,1.0,52.0
17,8,41,37,0.0975609756097561,92.0,2.2439024390243905,2.0,1.654999815783646,1.0,8.0
17,9,41,33,0.1951219512195122,485.0,11.829268292682928,2.0,47.12531296396045,1.0,299.0
17,10,41,35,0.14634146341463414,117.0,2.8536585365853657,2.0,5.392406585235187,1.0,35.0
17,11,41,39,0.04878048780487805,618.0,15.073170731707316,2.0,53.226116824310246,1.0,330.0
17,12,41,36,0.12195121951219512,149.0,3.6341463414634148,2.0,7.094914014845338,1.0,41.0
17,13,41,37,0.0975609756097561,1918.0,46.78048780487805,2.0,236.1895967432861,1.0,1511.0
17,14,41,35,0.14634146341463414,96.0,2.341463414634146,2.0,2.0446241231282705,1.0,10.0
17,15,41,36,0.12195121951219512,490.0,11.951219512195122,3.0,50.47373139540616,1.0,325.0
17,16,41,33,0.1951219512195122,131.0,3.1951219512195124,2.0,5.5911515459479455,1.0,35.0
18,1,41,34,0.17073170731707318,77.0,1.8780487804878048,2.0,1.486524839200804,1.0,8.0
18,2,41,37,0.0975609756097561,95.0,2.317073170731707,2.0,1.9929754688686452,1.0,9.0
18,3,41,35,0.14634146341463414,773.0,18.853658536585368,3.0,51.17350924824765,1.0,293.0
18,4,41,38,0.07317073170731707,11313.0,275.9268292682927,4.0,547.5407925553997,1.0,1919.0
18,5,41,35,0.14634146341463414,105.0,2.5609756097560976,2.0,3.8343759628380534,1.0,25.0
18,6,41,36,0.12195121951219512,568.0,13.853658536585366,2.0,46.73679544834548,1.0,281.0
18,7,41,37,0.0975609756097561,6698.0,163.3658536585366,3.0,351.6560646496489,1.0,1308.0
18,8,41,34,0.17073170731707318,110.0,2.682926829268293,2.0,4.095357276174106,1.0,26.0
18,9,41,38,0.07317073170731707,129.0,3.1463414634146343,3.0,2.3511802951895895,1.0,11.0
18,10,41,39,0.04878048780487805,105.0,2.5609756097560976,2.0,2.180008950529847,1.0,13.0
18,11,41,34,0.17073170731707318,325.0,7.926829268292683,2.0,22.87945611668079,1.0,128.0
18,12,41,35,0.14634146341463414,1269.0,30.951219512195124,3.0,143.3936803383455,1.0,916.0
18,13,41,34,0.17073170731707318,113.0,2.7560975609756095,2.0,2.4472483303179313,1.0,13.0
18,14,41,36,0.12195121951219512,1235.0,30.121951219512194,2.0,96.95493672886164,1.0,457.0
18,15,41,37,0.0975609756097561,538.0,13.121951219512194,2.0,33.022110109706205,1.0,169.0
18,16,41,34,0.17073170731707318,255.0,6.219512195121951,2.0,22.04145207911896,1.0,142.0
19,1,41,34,0.17073170731707318,352.0,8.585365853658537,2.0,32.07879019676092,1.0,196.0
19,2,41,36,0.12195121951219512,870.0,21.21951219512195,4.0,66.28593825055279,1.0,361.0
19,3,41,37,0.0975609756097561,245.0,5.975609756097561,3.0,10.328329499193101,1.0,48.0
19,4,41,38,0.07317073170731707,786.0,19.170731707317074,10.0,28.76534585140981,1.0,162.0
19,5,41,35,0.14634146341463414,226.0,5.512195121951219,2.0,21.587174376489752,1.0,140.0
19,6,41,40,0.024390243902439025,44054.0,1074.4878048780488,1067.0,944.2166097339958,1.0,3409.0
19,7,41,37,0.0975609756097561,10932.0,266.6341463414634,13.0,365.31915882537294,1.0,1082.0
19,8,41,39,0.04878048780487805,95.0,2.317073170731707,2.0,1.3497967326646614,1.0,6.0
19,9,41,37,0.0975609756097561,475.0,11.585365853658537,3.0,26.816949500042035,1.0,125.0
19,10,41,39,0.04878048780487805,170.0,4.146341463414634,2.0,9.009886169119332,1.0,59.0
19,11,41,40,0.024390243902439025,113.0,2.7560975609756095,3.0,1.3744178368472604,1.0,6.0
19,12,41,31,0.24390243902439024,77.0,1.8780487804878048,2.0,1.6308758682257136,1.0,6.0
19,13,41,35,0.14634146341463414,83.0,2.024390243902439,2.0,1.2745156899396881,1.0,5.0
19,14,41,31,0.24390243902439024,80.0,1.951219512195122,1.0,1.802099047114158,1.0,8.0
19,15,41,39,0.04878048780487805,96.0,2.341463414634146,2.0,1.526593529685636,1.0,5.0
19,16,41,39,0.04878048780487805,19205.0,468.4146341463415,329.0,523.1086873494721,1.0,1807.0
20,1,41,38,0.07317073170731707,87.0,2.1219512195121952,2.0,1.3265579887667842,1.0,5.0
20,2,41,41,0.0,1724.0,42.048780487804876,12.0,75.94930915403779,1.0,295.0
20,3,41,39,0.04878048780487805,3289.0,80.21951219512195,4.0,158.67049382212213,1.0,630.0
20,4,41,40,0.024390243902439025,337.0,8.21951219512195,3.0,11.589892568790168,1.0,53.0
20,5,41,34,0.17073170731707318,549.0,13.390243902439025,2.0,34.967755181581566,1.0,176.0
20,6,41,36,0.12195121951219512,582.0,14.195121951219512,2.0,64.312992276909,1.0,412.0
20,7,41,37,0.0975609756097561,35052.0,854.9268292682926,839.0,755.3372554774423,1.0,2286.0
20,8,41,37,0.0975609756097561,10604.0,258.6341463414634,3.0,482.9963124133331,1.0,1860.0
20,9,41,37,0.0975609756097561,10386.0,253.3170731707317,4.0,646.3388600039607,1.0,2391.0
20,10,41,32,0.21951219512195122,1254.0,30.585365853658537,3.0,115.61703499263335,1.0,700.0
20,11,41,38,0.07317073170731707,1061.0,25.878048780487806,4.0,54.55006650864471,1.0,242.0
20,12,41,37,0.0975609756097561,2724.0,66.4390243902439,4.0,198.6782636299814,1.0,1000.0
20,13,41,31,0.24390243902439024,269.0,6.560975609756097,2.0,17.22650396988287,1.0,88.0
20,14,41,38,0.07317073170731707,85.0,2.073170731707317,2.0,1.2920960471737197,1.0,5.0
20,15,41,36,0.12195121951219512,104.0,2.5365853658536586,2.0,3.107229963935803,1.0,19.0
20,16,41,36,0.12195121951219512,88.0,2.1463414634146343,2.0,1.5093206354144255,1.0,6.0
21,1,41,40,0.024390243902439025,996.0,24.29268292682927,5.0,70.24608313010734,1.0,387.0
21,2,41,38,0.07317073170731707,1336.0,32.58536585365854,4.0,169.49114661388015,1.0,1090.0
21,3,41,39,0.04878048780487805,17739.0,432.6585365853659,170.0,553.6660369643463,1.0,2165.0
21,4,41,39,0.04878048780487805,12996.0,316.9756097560976,14.0,523.1988382921392,2.0,2141.0
21,5,41,36,0.12195121951219512,1897.0,46.26829268292683,4.0,90.19479596690819,1.0,399.0
21,6,41,38,0.07317073170731707,4497.0,109.6829268292683,5.0,231.57778812144204,1.0,1069.0
21,7,41,38,0.07317073170731707,4009.0,97.78048780487805,4.0,283.1672219903923,1.0,1492.0
21,8,41,39,0.04878048780487805,40541.0,988.8048780487804,12.0,1658.3360669585672,1.0,5664.0
21,9,41,36,0.12195121951219512,141.0,3.4390243902439024,3.0,3.640389954989746,1.0,21.0
21,10,41,39,0.04878048780487805,23757.0,579.439024390244,89.0,752.6328138202749,1.0,2369.0
21,11,41,37,0.0975609756097561,44185.0,1077.6829268292684,142.0,1353.253772191757,2.0,4340.0
21,12,41,39,0.04878048780487805,30402.0,741.5121951219512,9.0,1344.4599867967663,1.0,5673.0
21,13,41,37,0.0975609756097561,1683.0,41.048780487804876,3.0,225.5457770852197,1.0,1448.0
21,14,41,39,0.04878048780487805,10742.0,262.0,71.0,358.48926064807017,1.0,1362.0
21,15,41,40,0.024390243902439025,33288.0,811.9024390243902,22.0,1519.7668539101326,1.0,4989.0
21,16,41,39,0.04878048780487805,17609.0,429.4878048780488,136.0,777.409130443913,1.0,2986.0
22,1,41,39,0.04878048780487805,11394.0,277.9024390243902,52.0,441.77023467397896,1.0,1885.0
22,2,41,38,0.07317073170731707,2123.0,51.78048780487805,15.0,112.34689853198485,1.0,657.0
22,3,41,38,0.07317073170731707,17221.0,420.0243902439024,10.0,909.746818840409,1.0,3782.0
22,4,41,39,0.04878048780487805,45435.0,1108.1707317073171,27.0,1893.8154860286552,1.0,7682.0
22,5,41,39,0.04878048780487805,10095.0,246.21951219512195,11.0,443.1981222994476,1.0,1878.0
22,6,41,39,0.04878048780487805,3015.0,73.53658536585365,3.0,169.68265933220394,1.0,676.0
22,7,41,38,0.07317073170731707,1467.0,35.78048780487805,3.0,128.22938668556478,1.0,768.0
22,8,41,37,0.0975609756097561,3846.0,93.8048780487805,3.0,319.04586030163404,1.0,1453.0
22,9,41,39,0.04878048780487805,200.0,4.878048780487805,3.0,9.625993771946924,1.0,57.0
22,10,41,39,0.04878048780487805,238.0,5.804878048780488,3.0,9.260722196986372,1.0,55.0
22,11,41,38,0.07317073170731707,5025.0,122.5609756097561,3.0,494.36960104665053,1.0,2784.0
22,12,41,35,0.14634146341463414,1743.0,42.51219512195122,2.0,151.89208701430425,1.0,736.0
22,13,41,37,0.0975609756097561,140.0,3.4146341463414633,3.0,5.0397202787262785,1.0,32.0
22,14,41,35,0.14634146341463414,224.0,5.463414634146342,2.0,16.775126766995843,1.0,109.0
22,15,41,38,0.07317073170731707,12669.0,309.0,3.0,638.0428668984554,1.0,2386.0
22,16,41,34,0.17073170731707318,2643.0,64.46341463414635,3.0,158.1369813738987,1.0,624.0
23,1,41,38,0.07317073170731707,5571.0,135.8780487804878,3.0,340.37642361964134,1.0,1534.0
23,2,41,40,0.024390243902439025,69301.0,1690.2682926829268,1137.0,1946.232578912272,1.0,6149.0
23,3,41,41,0.0,11013.0,268.609756097561,132.0,306.69536009277846,1.0,1041.0
23,4,41,36,0.12195121951219512,252.0,6.146341463414634,2.0,15.523467678984867,1.0,74.0
23,5,41,37,0.0975609756097561,1458.0,35.5609756097561,2.0,108.40065700457905,1.0,656.0
23,6,41,36,0.12195121951219512,435.0,10.609756097560975,2.0,46.526271099659645,1.0,300.0
23,7,41,36,0.12195121951219512,1005.0,24.51219512195122,2.0,72.70801948589286,1.0,321.0
23,8,41,37,0.0975609756097561,184.0,4.487804878048781,3.0,5.26840559951259,1.0,31.0
23,9,41,36,0.12195121951219512,4044.0,98.63414634146342,4.0,288.9054132495237,1.0,1317.0
23,10,41,36,0.12195121951219512,114.0,2.7804878048780486,2.0,2.0063922238928162,1.0,8.0
23,11,41,33,0.1951219512195122,222.0,5.414634146341464,2.0,17.657824908176117,1.0,114.0
23,12,41,35,0.14634146341463414,100.0,2.4390243902439024,2.0,1.803451974517271,1.0,8.0
23,13,41,38,0.07317073170731707,138.0,3.3658536585365852,2.0,5.5531797087838575,1.0,36.0
23,14,41,39,0.04878048780487805,6472.0,157.85365853658536,3.0,318.95199959990924,1.0,1114.0
23,15,41,36,0.12195121951219512,933.0,22.75609756097561,3.0,58.3681336380584,1.0,286.0
23,16,41,38,0.07317073170731707,48147.0,1174.3170731707316,69.0,1954.8314049941032,1.0,6651.0
24,1,41,35,0.14634146341463414,97.0,2.3658536585365852,2.0,1.9969488921974894,1.0,7.0
24,2,41,39,0.04878048780487805,181.0,4.414634146341464,3.0,5.477114248197209,1.0,25.0
24,3,41,35,0.14634146341463414,903.0,22.024390243902438,3.0,81.8640604309602,1.0,511.0
24,4,41,34,0.17073170731707318,186.0,4.536585365853658,2.0,10.015232301288895,1.0,60.0
24,5,41,33,0.1951219512195122,92.0,2.2439024390243905,2.0,1.8409303056454642,1.0,8.0
24,6,41,36,0.12195121951219512,415.0,10.121951219512194,2.0,45.860764887838066,1.0,296.0
24,7,41,38,0.07317073170731707,7948.0,193.85365853658536,3.0,489.0487992509341,1.0,2306.0
24,8,41,36,0.12195121951219512,99.0,2.4146341463414633,2.0,1.8435781751270757,1.0,7.0
24,9,41,34,0.17073170731707318,100.0,2.4390243902439024,2.0,1.9371213241276977,1.0,8.0
24,10,41,35,0.14634146341463414,3177.0,77.48780487804878,2.0,285.6742132177158,1.0,1684.0
24,11,41,37,0.0975609756097561,595.0,14.512195121951219,3.0,49.189999975208124,1.0,286.0
24,12,41,37,0.0975609756097561,94.0,2.292682926829268,2.0,1.4007837527438771,1.0,5.0
24,13,41,37,0.0975609756097561,106.0,2.5853658536585367,3.0,1.731698728937825,1.0,7.0
24,14,41,36,0.12195121951219512,86.0,2.097560975609756,2.0,1.2610487311912353,1.0,5.0
24,15,41,37,0.0975609756097561,707.0,17.24390243902439,3.0,53.54847359533456,1.0,320.0
24,16,41,37,0.0975609756097561,364.0,8.878048780487806,2.0,15.967459287487193,1.0,55.0
25,1,41,36,0.12195121951219512,105.0,2.5609756097560976,2.0,2.811127713994909,1.0,17.0
25,2,41,35,0.14634146341463414,125.0,3.048780487804878,2.0,5.47243647524663,1.0,36.0
25,3,41,35,0.14634146341463414,86.0,2.097560975609756,2.0,1.8000677494025121,1.0,9.0
25,4,41,37,0.0975609756097561,141.0,3.4390243902439024,2.0,6.719556460391582,1.0,44.0
25,5,41,33,0.1951219512195122,173.0,4.219512195121951,2.0,7.699065511872045,1.0,42.0
25,6,41,36,0.12195121951219512,783.0,19.097560975609756,3.0,71.10337716242766,1.0,445.0
25,7,41,36,0.12195121951219512,99.0,2.4146341463414633,2.0,1.870502736647257,1.0,9.0
25,8,41,33,0.1951219512195122,96.0,2.341463414634146,2.0,1.8249624119082695,1.0,7.0
25,9,41,35,0.14634146341463414,401.0,9.78048780487805,2.0,49.04258975376503,1.0,316.0
25,10,41,39,0.04878048780487805,36073.0,879.829268292683,118.0,996.3845116830906,1.0,2542.0
25,11,41,35,0.14634146341463414,322.0,7.853658536585366,3.0,19.58387216003229,1.0,111.0
25,12,41,39,0.04878048780487805,217.0,5.2926829268292686,3.0,10.775536883234691,1.0,65.0
25,13,41,38,0.07317073170731707,582.0,14.195121951219512,2.0,72.99151303822765,1.0,470.0
25,14,41,36,0.12195121951219512,91.0,2.2195121951219514,2.0,2.1155636970078593,1.0,12.0
25,15,41,39,0.04878048780487805,186.0,4.536585365853658,2.0,12.112178914166536,1.0,79.0
25,16,41,38,0.07317073170731707,274.0,6.682926829268292,3.0,13.704814891836817,1.0,71.0
26,1,41,37,0.0975609756097561,96.0,2.341463414634146,2.0,2.020021733763785,1.0,11.0
26,2,41,38,0.07317073170731707,581.0,14.170731707317072,2.0,55.95618930870132,1.0,344.0
26,3,41,39,0.04878048780487805,600.0,14.634146341463415,2.0,68.39581715922435,1.0,438.0
26,4,41,37,0.0975609756097561,106.0,2.5853658536585367,2.0,1.7460757394239454,1.0,7.0
26,5,41,33,0.1951219512195122,299.0,7.2926829268292686,2.0,32.81634036759662,1.0,212.0
26,6,41,35,0.14634146341463414,1065.0,25.975609756097562,2.0,87.604362849369,1.0,455.0
26,7,41,38,0.07317073170731707,212.0,5.170731707317073,2.0,11.051928426804958,1.0,55.0
26,8,41,36,0.12195121951219512,234.0,5.7073170731707314,2.0,14.760155660491906,1.0,77.0
26,9,41,33,0.1951219512195122,80.0,1.951219512195122,2.0,1.6271327467695302,1.0,6.0
26,10,41,34,0.17073170731707318,7270.0,177.3170731707317,2.0,442.60673509473344,1.0,1757.0
26,11,41,34,0.17073170731707318,202.0,4.926829268292683,2.0,12.45068320194205,1.0,77.0
26,12,41,37,0.0975609756097561,529.0,12.902439024390244,2.0,48.31552797913357,1.0,224.0
26,13,41,35,0.14634146341463414,225.0,5.487804878048781,2.0,14.567295478604656,1.0,85.0
26,14,41,33,0.1951219512195122,88.0,2.1463414634146343,2.0,1.7257024020635205,1.0,6.0
26,15,41,36,0.12195121951219512,99.0,2.4146341463414633,2.0,1.8570892514375497,1.0,10.0
26,16,41,35,0.14634146341463414,136.0,3.317073170731707,2.0,6.817033901889603,1.0,44.0
27,1,41,34,0.17073170731707318,128.0,3.1219512195121952,2.0,7.253258309033324,1.0,47.0
27,2,41,32,0.21951219512195122,91.0,2.2195121951219514,2.0,2.5051167150649016,1.0,14.0
27,3,41,35,0.14634146341463414,97.0,2.3658536585365852,2.0,1.7854424880260862,1.0,7.0
27,4,41,40,0.024390243902439025,878.0,21.414634146341463,2.0,59.68038857520789,1.0,322.0
27,5,41,36,0.12195121951219512,96.0,2.341463414634146,2.0,2.128494257656818,1.0,11.0
27,6,41,35,0.14634146341463414,5556.0,135.5121951219512,3.0,406.7260823915292,1.0,1423.0
27,7,41,36,0.12195121951219512,241.0,5.878048780487805,2.0,18.95942393896927,1.0,117.0
27,8,41,37,0.0975609756097561,12811.0,312.4634146341463,5.0,647.7741928157131,1.0,2206.0
27,9,41,33,0.1951219512195122,90.0,2.1951219512195124,2.0,1.7637957959344663,1.0,6.0
27,10,41,35,0.14634146341463414,11419.0,278.5121951219512,4.0,542.0355671886864,1.0,1898.0
27,11,41,34,0.17073170731707318,100.0,2.4390243902439024,2.0,3.4208827843687137,1.0,22.0
27,12,41,37,0.0975609756097561,1821.0,44.41463414634146,2.0,151.5151767331834,1.0,689.0
27,13,41,38,0.07317073170731707,113.0,2.7560975609756095,2.0,2.7548183951476553,1.0,16.0
27,14,41,36,0.12195121951219512,905.0,22.073170731707318,3.0,81.57248011550907,1.0,387.0
27,15,41,34,0.17073170731707318,3448.0,84.09756097560975,2.0,280.42671100289726,1.0,1317.0
27,16,41,36,0.12195121951219512,101.0,2.4634146341463414,2.0,1.5016251359045931,1.0,6.0
28,1,41,38,0.07317073170731707,93.0,2.268292682926829,2.0,1.732402814646502,1.0,8.0
28,2,41,34,0.17073170731707318,141.0,3.4390243902439024,2.0,5.76649278369359,1.0,35.0
28,3,41,35,0.14634146341463414,82.0,2.0,2.0,1.449137674618944,1.0,6.0
28,4,41,38,0.07317073170731707,132.0,3.2195121951219514,2.0,2.485077414507959,1.0,10.0
28,5,41,35,0.14634146341463414,80.0,1.951219512195122,2.0,1.4133509739656869,1.0,6.0
28,6,41,38,0.07317073170731707,19963.0,486.9024390243902,5.0,890.3978269537175,1.0,3082.0
28,7,41,34,0.17073170731707318,104.0,2.5365853658536586,2.0,3.640724934512423,1.0,23.0
28,8,41,35,0.14634146341463414,682.0,16.634146341463413,2.0,59.69034934458038,1.0,323.0
28,9,41,34,0.17073170731707318,91.0,2.2195121951219514,2.0,1.8642987303802898,1.0,9.0
28,10,41,39,0.04878048780487805,696.0,16.975609756097562,2.0,58.78073145380127,1.0,314.0
28,11,41,36,0.12195121951219512,350.0,8.536585365853659,2.0,41.249301546193244,1.0,266.0
28,12,41,38,0.07317073170731707,6275.0,153.0487804878049,2.0,567.1155945316401,1.0,2658.0
28,13,41,34,0.17073170731707318,175.0,4.2682926829268295,2.0,9.84638103630949,1.0,61.0
28,14,41,33,0.1951219512195122,78.0,1.9024390243902438,2.0,1.4967444345776015,1.0,7.0
28,15,41,36,0.12195121951219512,142.0,3.4634146341463414,2.0,5.85276670035467,1.0,36.0
28,16,41,36,0.12195121951219512,125.0,3.048780487804878,3.0,2.6263208059202814,1.0,14.0
29,1,41,38,0.07317073170731707,8981.0,219.0487804878049,4.0,507.7542688751869,1.0,1924.0
29,2,41,37,0.0975609756097561,8097.0,197.4878048780488,2.0,629.0012767058275,1.0,2614.0
29,3,41,39,0.04878048780487805,50940.0,1242.439024390244,877.0,1215.901847370512,3.0,3686.0
29,4,41,37,0.0975609756097561,5825.0,142.0731707317073,12.0,306.20372223765526,1.0,1394.0
29,5,41,36,0.12195121951219512,7942.0,193.70731707317074,3.0,343.62837804104873,1.0,1204.0
29,6,41,38,0.07317073170731707,3913.0,95.4390243902439,5.0,230.62676002368931,1.0,1123.0
29,7,41,39,0.04878048780487805,6018.0,146.78048780487805,10.0,280.57196155310334,1.0,1454.0
29,8,41,39,0.04878048780487805,10614.0,258.8780487804878,24.0,514.6423610198616,1.0,2670.0
29,9,41,37,0.0975609756097561,2298.0,56.048780487804876,4.0,199.23540739782078,1.0,1204.0
29,10,41,38,0.07317073170731707,10394.0,253.5121951219512,13.0,548.2907131235773,2.0,2631.0
29,11,41,41,0.0,10697.0,260.9024390243902,7.0,693.7986309037389,1.0,3180.0
29,12,41,39,0.04878048780487805,6581.0,160.5121951219512,44.0,293.07303884451903,1.0,1487.0
29,13,41,39,0.04878048780487805,11610.0,283.1707317073171,23.0,461.0130097100853,1.0,2061.0
29,14,41,38,0.07317073170731707,5935.0,144.7560975609756,8.0,305.2613454474547,1.0,1318.0
29,15,41,37,0.0975609756097561,17842.0,435.1707317073171,40.0,914.7439779096396,1.0,4031.0
29,16,41,38,0.07317073170731707,15935.0,388.6585365853659,56.0,567.5713880101822,1.0,1774.0
30,1,41,35,0.14634146341463414,241.0,5.878048780487805,3.0,11.90209040872909,1.0,57.0
30,2,41,37,0.0975609756097561,1176.0,28.682926829268293,3.0,68.28559109519014,1.0,340.0
30,3,41,39,0.04878048780487805,35415.0,863.780487804878,290.0,1117.5377289424084,1.0,4975.0
30,4,41,39,0.04878048780487805,8382.0,204.4390243902439,13.0,480.3179701395987,1.0,1897.0
30,5,41,37,0.0975609756097561,877.0,21.390243902439025,5.0,36.57518150931072,1.0,140.0
30,6,41,36,0.12195121951219512,167.0,4.073170731707317,2.0,13.975675733041387,1.0,91.0
30,7,41,40,0.024390243902439025,20272.0,494.4390243902439,62.0,829.217554348088,1.0,3332.0
30,8,41,37,0.0975609756097561,4184.0,102.04878048780488,4.0,194.92177292692475,1.0,688.0
30,9,41,38,0.07317073170731707,89740.0,2188.7804878048782,1069.0,2303.0226932468026,1.0,7315.0
30,10,41,38,0.07317073170731707,214.0,5.219512195121951,3.0,10.813214589385414,1.0,68.0
30,11,41,38,0.07317073170731707,459.0,11.195121951219512,3.0,26.91023923360319,1.0,119.0
30,12,41,37,0.0975609756097561,314.0,7.658536585365853,3.0,20.088068294509508,1.0,120.0
30,13,41,40,0.024390243902439025,348.0,8.487804878048781,3.0,13.487256858270907,1.0,57.0
30,14,41,36,0.12195121951219512,423.0,10.317073170731707,2.0,45.42215264845461,1.0,293.0
30,15,41,39,0.04878048780487805,1477.0,36.02439024390244,3.0,107.55405334176812,1.0,657.0
30,16,41,37,0.0975609756097561,23459.0,572.170731707317,3.0,951.7783067090526,1.0,3626.0
31,1,41,39,0.04878048780487805,37180.0,906.829268292683,34.0,1340.895818146194,1.0,4570.0
31,2,41,39,0.04878048780487805,376.0,9.170731707317072,3.0,30.770848573791717,1.0,197.0
31,3,41,37,0.0975609756097561,1744.0,42.53658536585366,3.0,181.32527368805702,1.0,1136.0
31,4,41,40,0.024390243902439025,68123.0,1661.5365853658536,703.0,1876.8021352497576,2.0,5060.0
31,5,41,36,0.12195121951219512,1652.0,40.292682926829265,3.0,95.35833574010165,1.0,450.0
31,6,41,35,0.14634146341463414,82.0,2.0,2.0,1.4832396974191326,1.0,6.0
31,7,41,34,0.17073170731707318,2822.0,68.82926829268293,3.0,214.56349904387562,1.0,961.0
31,8,41,35,0.14634146341463414,212.0,5.170731707317073,2.0,16.733054770460157,1.0,109.0
31,9,41,39,0.04878048780487805,119.0,2.902439024390244,2.0,3.6797070403007663,1.0,23.0
31,10,41,37,0.0975609756097561,11082.0,270.2926829268293,22.0,531.4625689501773,1.0,2309.0
31,11,41,37,0.0975609756097561,787.0,19.195121951219512,3.0,47.20340004289687,1.0,243.0
31,12,41,39,0.04878048780487805,10407.0,253.82926829268294,7.0,499.62295295747896,1.0,1633.0
31,13,41,36,0.12195121951219512,226.0,5.512195121951219,2.0,11.584735541261855,1.0,64.0
31,14,41,37,0.0975609756097561,1179.0,28.75609756097561,3.0,97.29459915324306,1.0,492.0
31,15,41,37,0.0975609756097561,6786.0,165.5121951219512,3.0,454.8922466887746,1.0,1901.0
31,16,41,41,0.0,3641.0,88.8048780487805,4.0,283.52947108829756,1.0,1226.0
32,1,41,36,0.12195121951219512,96.0,2.341463414634146,2.0,1.9314470753499946,1.0,8.0
32,2,41,40,0.024390243902439025,8625.0,210.3658536585366,20.0,344.3929990648446,1.0,1202.0
32,3,41,37,0.0975609756097561,4867.0,118.70731707317073,2.0,454.4413187586731,1.0,2246.0
32,4,41,39,0.04878048780487805,1180.0,28.78048780487805,3.0,79.37270065807323,1.0,414.0
32,5,41,37,0.0975609756097561,540.0,13.170731707317072,3.0,46.305454559384465,1.0,281.0
32,6,41,34,0.17073170731707318,31326.0,764.0487804878048,29.0,1007.6949923270313,1.0,3402.0
32,7,41,36,0.12195121951219512,455.0,11.097560975609756,3.0,52.238302459999964,1.0,337.0
32,8,41,37,0.0975609756097561,160.0,3.902439024390244,2.0,9.27578804751591,1.0,56.0
32,9,41,37,0.0975609756097561,149.0,3.6341463414634148,3.0,4.408832598097685,1.0,25.0
32,10,41,36,0.12195121951219512,100.0,2.4390243902439024,2.0,2.748170122898188,1.0,17.0
32,11,41,38,0.07317073170731707,107.0,2.6097560975609757,2.0,1.730289698005623,1.0,9.0
32,12,41,35,0.14634146341463414,148.0,3.6097560975609757,2.0,7.324199781479503,1.0,40.0
32,13,41,34,0.17073170731707318,337.0,8.21951219512195,2.0,22.752485792899588,1.0,126.0
32,14,41,37,0.0975609756097561,133.0,3.2439024390243905,2.0,5.485346332752738,1.0,36.0
32,15,41,35,0.14634146341463414,104.0,2.5365853658536586,2.0,2.086834456486783,1.0,10.0
32,16,41,33,0.1951219512195122,76.0,1.853658536585366,2.0,1.4415438878118851,1.0,6.0
33,1,41,34,0.17073170731707318,371.0,9.048780487804878,2.0,22.53436400202166,1.0,131.0
33,2,41,33,0.1951219512195122,110.0,2.682926829268293,2.0,2.602297296527089,1.0,11.0
33,3,41,34,0.17073170731707318,109.0,2.658536585365854,2.0,2.4658645147043354,1.0,14.0
33,4,41,35,0.14634146341463414,129.0,3.1463414634146343,2.0,4.022194522954827,1.0,24.0
33,5,41,37,0.0975609756097561,278.0,6.780487804878049,2.0,14.357075250763907,1.0,79.0
33,6,41,34,0.17073170731707318,87.0,2.1219512195121952,2.0,1.4524999475252918,1.0,5.0
33,7,41,35,0.14634146341463414,90.0,2.1951219512195124,2.0,1.4356098389730052,1.0,5.0
33,8,41,36,0.12195121951219512,89.0,2.1707317073170733,2.0,1.376634283758585,1.0,6.0
33,9,41,37,0.0975609756097561,1160.0,28.29268292682927,3.0,79.05606994483063,1.0,333.0
33,10,41,34,0.17073170731707318,84.0,2.048780487804878,2.0,1.5644682724842187,1.0,6.0
33,11,41,34,0.17073170731707318,225.0,5.487804878048781,3.0,8.294944096314067,1.0,35.0
33,12,41,34,0.17073170731707318,144.0,3.5121951219512195,1.0,9.378491219859173,1.0,61.0
33,13,41,33,0.1951219512195122,84.0,2.048780487804878,1.0,1.6874717703149158,1.0,6.0
33,14,41,36,0.12195121951219512,96.0,2.341463414634146,2.0,1.65241877406366,1.0,7.0
33,15,41,38,0.07317073170731707,178.0,4.341463414634147,2.0,9.717535068363686,1.0,61.0
33,16,41,36,0.12195121951219512,95.0,2.317073170731707,2.0,1.6798664290687504,1.0,7.0
34,1,41,36,0.12195121951219512,151.0,3.682926829268293,2.0,8.069817297777702,1.0,53.0
34,2,41,39,0.04878048780487805,5416.0,132.09756097560975,2.0,429.8332121229145,1.0,2128.0
34,3,41,36,0.12195121951219512,116.0,2.8292682926829267,2.0,5.166732231422441,1.0,34.0
34,4,41,38,0.07317073170731707,138.0,3.3658536585365852,2.0,5.328020728004798,1.0,34.0
34,5,41,39,0.04878048780487805,368.0,8.975609756097562,3.0,28.02810001130834,1.0,180.0
34,6,41,32,0.21951219512195122,288.0,7.024390243902439,2.0,32.06593816254099,1.0,207.0
34,7,41,37,0.0975609756097561,984.0,24.0,4.0,55.957126445163354,1.0,317.0
34,8,41,39,0.04878048780487805,127.0,3.097560975609756,2.0,2.808957796485918,1.0,14.0
34,9,41,38,0.07317073170731707,1210.0,29.51219512195122,3.0,134.63898431569135,1.0,857.0
34,10,41,36,0.12195121951219512,100.0,2.4390243902439024,2.0,1.9627631095958176,1.0,10.0
34,11,41,38,0.07317073170731707,9357.0,228.21951219512195,9.0,353.67106979474033,1.0,1168.0
34,12,41,34,0.17073170731707318,91.0,2.2195121951219514,2.0,1.7820240615933223,1.0,8.0
34,13,41,35,0.14634146341463414,936.0,22.829268292682926,2.0,79.25493752411404,1.0,448.0
34,14,41,37,0.0975609756097561,109.0,2.658536585365854,2.0,1.852157608001557,1.0,9.0
34,15,41,35,0.14634146341463414,449.0,10.951219512195122,2.0,40.624469977780755,1.0,234.0
34,16,41,35,0.14634146341463414,3100.0,75.60975609756098,2.0,312.5188696741991,1.0,1680.0
35,1,41,36,0.12195121951219512,101.0,2.4634146341463414,2.0,2.145897958613244,1.0,11.0
35,2,41,36,0.12195121951219512,783.0,19.097560975609756,2.0,98.9145603230507,1.0,636.0
35,3,41,35,0.14634146341463414,356.0,8.682926829268293,3.0,26.271123904764945,1.0,150.0
35,4,41,36,0.12195121951219512,196.0,4.780487804878049,3.0,6.721280365830424,1.0,35.0
35,5,41,35,0.14634146341463414,104.0,2.5365853658536586,2.0,2.0260498633499835,1.0,8.0
35,6,41,35,0.14634146341463414,105.0,2.5609756097560976,2.0,2.0981989954220843,1.0,9.0
35,7,41,33,0.1951219512195122,14919.0,363.8780487804878,2.0,795.9310332912629,1.0,3159.0
35,8,41,33,0.1951219512195122,9584.0,233.7560975609756,3.0,588.4357560723092,1.0,2211.0
35,9,41,37,0.0975609756097561,5486.0,133.8048780487805,3.0,230.10630364162074,1.0,985.0
35,10,41,34,0.17073170731707318,160.0,3.902439024390244,3.0,6.300019357306692,1.0,40.0
35,11,41,35,0.14634146341463414,85.0,2.073170731707317,2.0,1.4729264051954365,1.0,6.0
35,12,41,40,0.024390243902439025,262.0,6.390243902439025,3.0,9.599161548751246,1.0,51.0
35,13,41,37,0.0975609756097561,10965.0,267.4390243902439,3.0,591.2779400916496,1.0,2527.0
35,14,41,34,0.17073170731707318,90.0,2.1951219512195124,2.0,1.7352163005677699,1.0,7.0
35,15,41,37,0.0975609756097561,110.0,2.682926829268293,2.0,2.3604980871655448,1.0,14.0
35,16,41,34,0.17073170731707318,96.0,2.341463414634146,2.0,1.8386102917361384,1.0,8.0
36,1,41,37,0.0975609756097561,90.0,2.1951219512195124,2.0,1.6312497079711916,1.0,6.0
36,2,41,38,0.07317073170731707,578.0,14.097560975609756,3.0,48.06391831615935,1.0,277.0
36,3,41,33,0.1951219512195122,86.0,2.097560975609756,2.0,1.9210007554498838,1.0,9.0
36,4,41,36,0.12195121951219512,129.0,3.1463414634146343,2.0,6.608937038623367,1.0,43.0
36,5,41,31,0.24390243902439024,75.0,1.829268292682927,2.0,1.5149659901197494,1.0,5.0
36,6,41,37,0.0975609756097561,2405.0,58.65853658536585,4.0,117.80314294535982,1.0,529.0
36,7,41,36,0.12195121951219512,287.0,7.0,2.0,22.212609031808938,1.0,141.0
36,8,41,35,0.14634146341463414,103.0,2.5121951219512195,2.0,3.1074261955798095,1.0,19.0
36,9,41,36,0.12195121951219512,86.0,2.097560975609756,2.0,1.4457675824415988,1.0,7.0
36,10,41,33,0.1951219512195122,864.0,21.073170731707318,2.0,119.10801615422497,1.0,765.0
36,11,41,32,0.21951219512195122,110.0,2.682926829268293,2.0,3.538636915467903,1.0,18.0
36,12,41,38,0.07317073170731707,491.0,11.975609756097562,2.0,35.869546836333214,1.0,197.0
36,13,41,37,0.0975609756097561,22361.0,545.390243902439,4.0,1181.5263830750625,1.0,4923.0
36,14,41,33,0.1951219512195122,74.0,1.8048780487804879,2.0,1.4003483887076449,1.0,6.0
36,15,41,34,0.17073170731707318,82.0,2.0,2.0,1.4832396974191326,1.0,6.0
36,16,41,31,0.24390243902439024,73.0,1.7804878048780488,2.0,1.5413013190474993,1.0,5.0
37,1,41,38,0.07317073170731707,5424.0,132.29268292682926,3.0,340.9193631859621,1.0,1497.0
37,2,41,38,0.07317073170731707,8756.0,213.5609756097561,19.0,505.6533421614302,1.0,2384.0
37,3,41,37,0.0975609756097561,16845.0,410.8536585365854,68.0,717.3614695875298,1.0,2722.0
37,4,41,37,0.0975609756097561,230.0,5.609756097560975,3.0,7.761694559761057,1.0,34.0
37,5,41,40,0.024390243902439025,19215.0,468.6585365853659,31.0,957.5763053082532,1.0,4420.0
37,6,41,39,0.04878048780487805,28626.0,698.1951219512196,12.0,1326.3535392102701,1.0,5750.0
37,7,41,39,0.04878048780487805,18910.0,461.219512195122,11.0,1051.2281035102496,1.0,3802.0
37,8,41,39,0.04878048780487805,9687.0,236.26829268292684,4.0,547.5178090432422,1.0,2007.0
37,9,41,38,0.07317073170731707,1127.0,27.48780487804878,2.0,108.7823795362143,1.0,556.0
37,10,41,36,0.12195121951219512,6550.0,159.7560975609756,3.0,420.54885450371904,1.0,1894.0
37,11,41,37,0.0975609756097561,2648.0,64.58536585365853,7.0,124.8467011197645,1.0,551.0
37,12,41,39,0.04878048780487805,6384.0,155.70731707317074,7.0,376.4688064038267,1.0,2064.0
37,13,41,35,0.14634146341463414,168.0,4.097560975609756,2.0,10.0070097383004,1.0,63.0
37,14,41,33,0.1951219512195122,642.0,15.658536585365853,3.0,51.302343882174405,1.0,303.0
37,15,41,35,0.14634146341463414,18849.0,459.7317073170732,10.0,987.1157739695542,1.0,4253.0
37,16,41,41,0.0,4802.0,117.1219512195122,4.0,242.89969072869889,1.0,1151.0
38,1,41,35,0.14634146341463414,290.0,7.073170731707317,3.0,27.915399194622346,1.0,181.0
38,2,41,38,0.07317073170731707,5882.0,143.46341463414635,4.0,327.7882775177428,1.0,1204.0
38,3,41,36,0.12195121951219512,2425.0,59.146341463414636,4.0,221.2631420928043,1.0,1250.0
38,4,41,38,0.07317073170731707,6498.0,158.4878048780488,4.0,350.23671437694964,1.0,1322.0
38,5,41,38,0.07317073170731707,2581.0,62.951219512195124,3.0,214.93079714404726,1.0,1217.0
38,6,41,35,0.14634146341463414,745.0,18.170731707317074,2.0,55.15473798279908,1.0,253.0
38,7,41,36,0.12195121951219512,14023.0,342.0243902439024,3.0,1111.6439737569956,1.0,6405.0
38,8,41,38,0.07317073170731707,1709.0,41.68292682926829,5.0,106.44844738754772,1.0,512.0
38,9,41,38,0.07317073170731707,3535.0,86.21951219512195,7.0,178.8583954131203,1.0,965.0
38,10,41,38,0.07317073170731707,50424.0,1229.8536585365853,702.0,1458.2952815012397,1.0,4949.0
38,11,41,37,0.0975609756097561,17242.0,420.5365853658537,4.0,915.6241340626889,1.0,4338.0
38,12,41,37,0.0975609756097561,996.0,24.29268292682927,5.0,52.53581821121615,1.0,285.0
38,13,41,37,0.0975609756097561,3131.0,76.36585365853658,6.0,291.18728990956674,1.0,1849.0
38,14,41,38,0.07317073170731707,419.0,10.21951219512195,2.0,30.212176514711704,1.0,188.0
38,15,41,39,0.04878048780487805,3026.0,73.8048780487805,3.0,200.0580190235067,1.0,983.0
38,16,41,36,0.12195121951219512,1086.0,26.48780487804878,4.0,57.8930574210844,1.0,237.0
39,1,41,38,0.07317073170731707,970.0,23.658536585365855,3.0,74.69391198621797,1.0,431.0
39,2,41,38,0.07317073170731707,7904.0,192.78048780487805,3.0,485.48993358231036,1.0,1776.0
39,3,41,37,0.0975609756097561,91.0,2.2195121951219514,2.0,1.5249950019910101,1.0,6.0
39,4,41,33,0.1951219512195122,165.0,4.024390243902439,2.0,9.55637955733773,1.0,62.0
39,5,41,38,0.07317073170731707,20272.0,494.4390243902439,17.0,745.0525836738132,1.0,2765.0
39,6,41,37,0.0975609756097561,187.0,4.560975609756097,2.0,14.242627532319668,1.0,93.0
39,7,41,38,0.07317073170731707,793.0,19.341463414634145,3.0,84.68488937115569,1.0,544.0
39,8,41,39,0.04878048780487805,3189.0,77.78048780487805,3.0,243.99052360646328,1.0,1149.0
39,9,41,35,0.14634146341463414,281.0,6.853658536585366,2.0,16.38224797701731,1.0,80.0
39,10,41,37,0.0975609756097561,293.0,7.146341463414634,2.0,21.284455566926955,1.0,121.0
39,11,41,36,0.12195121951219512,5771.0,140.7560975609756,3.0,252.42887914101715,1.0,837.0
39,12,41,33,0.1951219512195122,98.0,2.3902439024390243,2.0,2.0233394275366625,1.0,8.0
39,13,41,35,0.14634146341463414,2263.0,55.19512195121951,2.0,189.5111104278843,1.0,1075.0
39,14,41,38,0.07317073170731707,129.0,3.1463414634146343,2.0,4.327591568122828,1.0,27.0
39,15,41,33,0.1951219512195122,114.0,2.7804878048780486,2.0,4.198286526202989,1.0,27.0
39,16,41,38,0.07317073170731707,28308.0,690.439024390244,5.0,1511.3524084206915,1.0,6034.0
40,1,41,34,0.17073170731707318,475.0,11.585365853658537,3.0,25.7069792174772,1.0,132.0
40,2,41,35,0.14634146341463414,186.0,4.536585365853658,2.0,12.145158625920887,1.0,74.0
40,3,41,34,0.17073170731707318,222.0,5.414634146341464,2.0,18.784269495719148,1.0,121.0
40,4,41,32,0.21951219512195122,4903.0,119.58536585365853,2.0,360.6327755217041,1.0,1492.0
40,5,41,34,0.17073170731707318,325.0,7.926829268292683,3.0,20.177202784209758,1.0,116.0
40,6,41,35,0.14634146341463414,269.0,6.560975609756097,3.0,13.321127543282145,1.0,62.0
40,7,41,36,0.12195121951219512,2661.0,64.90243902439025,3.0,251.96267629135556,1.0,1540.0
40,8,41,39,0.04878048780487805,2296.0,56.0,3.0,102.28709596034096,1.0,428.0
40,9,41,39,0.04878048780487805,223.0,5.439024390243903,2.0,11.685565413123587,1.0,68.0
40,10,41,34,0.17073170731707318,193.0,4.7073170731707314,2.0,9.693409881045536,1.0,53.0
40,11,41,40,0.024390243902439025,1289.0,31.4390243902439,3.0,110.80095865571013,1.0,673.0
40,12,41,38,0.07317073170731707,4697.0,114.5609756097561,2.0,526.4964885343722,1.0,3140.0
40,13,41,36,0.12195121951219512,91.0,2.2195121951219514,2.0,1.6048706353153706,1.0,6.0
40,14,41,36,0.12195121951219512,768.0,18.73170731707317,2.0,73.00993918304682,1.0,425.0
40,15,41,35,0.14634146341463414,4064.0,99.1219512195122,3.0,281.7018099979082,1.0,1297.0
40,16,41,30,0.2682926829268293,79.0,1.9268292682926829,1.0,1.9671075708059158,1.0,9.0
41,1,41,31,0.24390243902439024,732.0,17.853658536585368,2.0,65.41198704198251,1.0,311.0
41,2,41,35,0.14634146341463414,681.0,16.609756097560975,3.0,49.52518452705678,1.0,306.0
41,3,41,35,0.14634146341463414,3623.0,88.36585365853658,2.0,272.19439341191077,1.0,1226.0
41,4,41,37,0.0975609756097561,90.0,2.1951219512195124,2.0,1.6158513575685411,1.0,8.0
41,5,41,37,0.0975609756097561,2407.0,58.707317073170735,3.0,207.33900307255738,1.0,1016.0
41,6,41,33,0.1951219512195122,82.0,2.0,2.0,1.396424004376894,1.0,5.0
41,7,41,33,0.1951219512195122,91.0,2.2195121951219514,2.0,2.1037133255502187,1.0,12.0
41,8,41,35,0.14634146341463414,1254.0,30.585365853658537,3.0,82.00456560757947,1.0,382.0
41,9,41,35,0.14634146341463414,243.0,5.926829268292683,2.0,23.284533755158634,1.0,151.0
41,10,41,35,0.14634146341463414,482.0,11.75609756097561,2.0,58.84631699936916,1.0,379.0
41,11,41,30,0.2682926829268293,78.0,1.9024390243902438,1.0,2.9223695697907592,1.0,18.0
41,12,41,38,0.07317073170731707,269.0,6.560975609756097,2.0,23.15604540987926,1.0,149.0
41,13,41,37,0.0975609756097561,96.0,2.341463414634146,2.0,1.8922176948961367,1.0,8.0
41,14,41,35,0.14634146341463414,391.0,9.536585365853659,2.0,47.95992992122466,1.0,309.0
41,15,41,35,0.14634146341463414,135.0,3.292682926829268,2.0,9.325352278705145,1.0,61.0
41,16,41,37,0.0975609756097561,94.0,2.292682926829268,2.0,1.5040595473421987,1.0,5.0
42,1,41,34,0.17073170731707318,472.0,11.512195121951219,2.0,49.6186063645582,1.0,315.0
42,2,41,41,0.0,104.0,2.5365853658536586,2.0,1.3247181016278475,1.0,6.0
42,3,41,32,0.21951219512195122,83.0,2.024390243902439,2.0,1.823291047502411,1.0,7.0
42,4,41,40,0.024390243902439025,397.0,9.682926829268293,2.0,45.546920326400915,1.0,294.0
42,5,41,37,0.0975609756097561,128.0,3.1219512195121952,2.0,4.220160672007759,1.0,23.0
42,6,41,36,0.12195121951219512,6696.0,163.3170731707317,9.0,327.9060413460226,1.0,1142.0
42,7,41,36,0.12195121951219512,7156.0,174.53658536585365,4.0,533.8200116875057,1.0,3294.0
42,8,41,35,0.14634146341463414,352.0,8.585365853658537,2.0,33.62363425461032,1.0,215.0
42,9,41,33,0.1951219512195122,140.0,3.4146341463414633,2.0,6.648216338823887,1.0,43.0
42,10,41,37,0.0975609756097561,3712.0,90.53658536585365,3.0,260.6440194557489,1.0,1015.0
42,11,41,38,0.07317073170731707,594.0,14.487804878048781,2.0,66.4338475294106,1.0,428.0
42,12,41,35,0.14634146341463414,133.0,3.2439024390243905,2.0,6.777833310892494,1.0,44.0
42,13,41,38,0.07317073170731707,482.0,11.75609756097561,3.0,43.87013818521938,1.0,260.0
42,14,41,35,0.14634146341463414,1634.0,39.853658536585364,2.0,199.8367534984005,1.0,1258.0
42,15,41,33,0.1951219512195122,87.0,2.1219512195121952,2.0,1.7348648643513926,1.0,7.0
42,16,41,33,0.1951219512195122,3719.0,90.70731707317073,3.0,350.66267579416257,1.0,1973.0
43,1,41,36,0.12195121951219512,534.0,13.024390243902438,3.0,38.6487307714484,1.0,234.0
43,2,41,39,0.04878048780487805,31193.0,760.8048780487804,706.0,844.1598847230363,1.0,2615.0
43,3,41,36,0.12195121951219512,86.0,2.097560975609756,2.0,1.4107600442453083,1.0,5.0
43,4,41,37,0.0975609756097561,101.0,2.4634146341463414,2.0,1.776197637871554,1.0,10.0
43,5,41,38,0.07317073170731707,99.0,2.4146341463414633,2.0,1.5161729742364087,1.0,6.0
43,6,41,36,0.12195121951219512,584.0,14.24390243902439,2.0,49.581135771483126,1.0,300.0
43,7,41,36,0.12195121951219512,673.0,16.414634146341463,2.0,64.9865276844963,1.0,358.0
43,8,41,35,0.14634146341463414,535.0,13.048780487804878,3.0,28.725381824714006,1.0,138.0
43,9,41,33,0.1951219512195122,75.0,1.829268292682927,2.0,1.262981374058823,1.0,4.0
43,10,41,35,0.14634146341463414,129.0,3.1463414634146343,2.0,4.655969155878054,1.0,26.0
43,11,41,32,0.21951219512195122,502.0,12.24390243902439,2.0,50.74484234274695,1.0,321.0
43,12,41,35,0.14634146341463414,2154.0,52.53658536585366,2.0,147.85890192358653,1.0,647.0
43,13,41,36,0.12195121951219512,1080.0,26.341463414634145,2.0,68.10639094684784,1.0,296.0
43,14,41,32,0.21951219512195122,80.0,1.951219512195122,2.0,1.5157707529866633,1.0,6.0
43,15,41,36,0.12195121951219512,84.0,2.048780487804878,2.0,1.4482958867613194,1.0,7.0
43,16,41,33,0.1951219512195122,99.0,2.4146341463414633,2.0,2.291021712643701,1.0,11.0
44,1,41,38,0.07317073170731707,198.0,4.829268292682927,3.0,7.661274172826575,1.0,42.0
44,2,41,39,0.04878048780487805,8102.0,197.609756097561,8.0,349.9825622833787,1.0,1209.0
44,3,41,36,0.12195121951219512,630.0,15.365853658536585,2.0,40.18068945249756,1.0,178.0
44,4,41,31,0.24390243902439024,87.0,2.1219512195121952,2.0,1.6910813397234847,1.0,6.0
44,5,41,36,0.12195121951219512,5733.0,139.82926829268294,18.0,249.80831675897267,1.0,1108.0
44,6,41,33,0.1951219512195122,83.0,2.024390243902439,2.0,1.5730194671085413,1.0,6.0
44,7,41,31,0.24390243902439024,412.0,10.048780487804878,2.0,30.594894361242854,1.0,150.0
44,8,41,36,0.12195121951219512,1014.0,24.73170731707317,2.0,119.9349874703466,1.0,768.0
44,9,41,33,0.1951219512195122,691.0,16.853658536585368,2.0,77.58690642615214,1.0,491.0
44,10,41,32,0.21951219512195122,79.0,1.9268292682926829,2.0,1.6029698048066754,1.0,6.0
44,11,41,33,0.1951219512195122,87.0,2.1219512195121952,2.0,1.5523389119522113,1.0,5.0
44,12,41,36,0.12195121951219512,96.0,2.341463414634146,2.0,1.8656065514673903,1.0,10.0
44,13,41,33,0.1951219512195122,104.0,2.5365853658536586,2.0,3.317360102367617,1.0,17.0
44,14,41,35,0.14634146341463414,95.0,2.317073170731707,2.0,1.8088535649720778,1.0,7.0
44,15,41,35,0.14634146341463414,81.0,1.975609756097561,2.0,1.2939823197796942,1.0,5.0
44,16,41,33,0.1951219512195122,118.0,2.8780487804878048,2.0,4.589090988154513,1.0,29.0
45,1,41,38,0.07317073170731707,11784.0,287.4146341463415,82.0,373.21709336589583,1.0,1631.0
45,2,41,36,0.12195121951219512,36330.0,886.0975609756098,192.0,1249.6553885947528,1.0,3890.0
45,3,41,37,0.0975609756097561,5163.0,125.92682926829268,14.0,199.40165373485527,1.0,849.0
45,4,41,38,0.07317073170731707,49152.0,1198.8292682926829,115.0,1639.6406908594183,1.0,5387.0
45,5,41,37,0.0975609756097561,3496.0,85.26829268292683,3.0,181.02500164207208,1.0,799.0
45,6,41,39,0.04878048780487805,2708.0,66.04878048780488,5.0,166.3088920081413,1.0,792.0
45,7,41,36,0.12195121951219512,203.0,4.951219512195122,2.0,10.509403454792748,1.0,63.0
45,8,41,34,0.17073170731707318,281.0,6.853658536585366,2.0,21.668595911606452,1.0,105.0
45,9,41,35,0.14634146341463414,5413.0,132.02439024390245,2.0,335.10785486204867,1.0,1838.0
45,10,41,37,0.0975609756097561,4069.0,99.2439024390244,3.0,268.7209314965811,1.0,1318.0
45,11,41,34,0.17073170731707318,581.0,14.170731707317072,2.0,51.49655446679146,1.0,281.0
45,12,41,36,0.12195121951219512,235.0,5.7317073170731705,2.0,20.195326675055174,1.0,131.0
45,13,41,38,0.07317073170731707,15328.0,373.8536585365854,5.0,884.3235426294951,1.0,3523.0
45,14,41,35,0.14634146341463414,687.0,16.75609756097561,3.0,41.869905951533305,1.0,224.0
45,15,41,37,0.0975609756097561,11806.0,287.9512195121951,3.0,845.6407319665815,1.0,4457.0
45,16,41,33,0.1951219512195122,86.0,2.097560975609756,2.0,1.9723701230851738,1.0,9.0
46,1,41,39,0.04878048780487805,23840.0,581.4634146341464,220.0,749.3408135675307,1.0,2934.0
46,2,41,39,0.04878048780487805,5909.0,144.1219512195122,6.0,242.14821856891194,1.0,987.0
46,3,41,36,0.12195121951219512,31403.0,765.9268292682926,433.0,917.9654239197657,1.0,4334.0
46,4,41,35,0.14634146341463414,387.0,9.439024390243903,2.0,29.14879824322763,1.0,172.0
46,5,41,37,0.0975609756097561,3211.0,78.3170731707317,4.0,160.71690001745154,1.0,798.0
46,6,41,38,0.07317073170731707,561.0,13.682926829268293,5.0,23.841601272135897,1.0,107.0
46,7,41,38,0.07317073170731707,2162.0,52.73170731707317,3.0,231.50291838227915,1.0,1446.0
46,8,41,33,0.1951219512195122,2864.0,69.85365853658537,3.0,198.29303580504404,1.0,1063.0
46,9,41,39,0.04878048780487805,3862.0,94.1951219512195,4.0,209.8741550920688,1.0,993.0
46,10,41,38,0.07317073170731707,5532.0,134.9268292682927,5.0,551.1974868522126,1.0,3357.0
46,11,41,37,0.0975609756097561,137.0,3.341463414634146,2.0,6.401600409653671,1.0,42.0
46,12,41,38,0.07317073170731707,112.0,2.731707317073171,2.0,1.8976879385702807,1.0,6.0
46,13,41,39,0.04878048780487805,2140.0,52.19512195121951,3.0,172.04174195703135,1.0,913.0
46,14,41,38,0.07317073170731707,20395.0,497.4390243902439,8.0,777.4932169729999,1.0,2978.0
46,15,41,37,0.0975609756097561,13873.0,338.3658536585366,6.0,594.6835190291371,1.0,1926.0
46,16,41,36,0.12195121951219512,147.0,3.5853658536585367,2.0,5.508972725273277,1.0,34.0
47,1,41,37,0.0975609756097561,91.0,2.2195121951219514,2.0,1.6809550131093816,1.0,7.0
47,2,41,36,0.12195121951219512,159.0,3.8780487804878048,2.0,10.562185195193322,1.0,69.0
47,3,41,36,0.12195121951219512,10183.0,248.3658536585366,17.0,407.65559950143955,1.0,1273.0
47,4,41,35,0.14634146341463414,111.0,2.707317073170732,2.0,3.3707855348495874,1.0,21.0
47,5,41,36,0.12195121951219512,718.0,17.51219512195122,3.0,45.52862942765767,1.0,206.0
47,6,41,34,0.17073170731707318,8045.0,196.21951219512195,3.0,533.5664209915726,1.0,1870.0
47,7,41,36,0.12195121951219512,91.0,2.2195121951219514,2.0,1.457947103326304,1.0,5.0
47,8,41,35,0.14634146341463414,683.0,16.658536585365855,2.0,52.865683461058914,1.0,252.0
47,9,41,38,0.07317073170731707,4439.0,108.26829268292683,2.0,461.77245610745575,1.0,2829.0
47,10,41,35,0.14634146341463414,4204.0,102.53658536585365,4.0,311.9194685781072,1.0,1452.0
47,11,41,36,0.12195121951219512,6457.0,157.4878048780488,2.0,399.08721615401436,1.0,1514.0
47,12,41,38,0.07317073170731707,142.0,3.4634146341463414,3.0,5.445629261047844,1.0,36.0
47,13,41,37,0.0975609756097561,307.0,7.487804878048781,2.0,29.675850410072087,1.0,191.0
47,14,41,34,0.17073170731707318,80.0,1.951219512195122,2.0,1.482417274457417,1.0,6.0
47,15,41,34,0.17073170731707318,969.0,23.634146341463413,2.0,99.03604295850097,1.0,615.0
47,16,41,33,0.1951219512195122,101.0,2.4634146341463414,2.0,1.9377507705534496,1.0,7.0
48,1,41,39,0.04878048780487805,1747.0,42.609756097560975,3.0,104.15922379913852,1.0,511.0
48,2,41,38,0.07317073170731707,555.0,13.536585365853659,3.0,35.516262163251085,1.0,144.0
48,3,41,33,0.1951219512195122,826.0,20.146341463414632,2.0,71.34688534743817,1.0,419.0
48,4,41,35,0.14634146341463414,234.0,5.7073170731707314,2.0,18.033640650793487,1.0,109.0
48,5,41,34,0.17073170731707318,2732.0,66.63414634146342,3.0,152.16467331439992,1.0,662.0
48,6,41,33,0.1951219512195122,379.0,9.24390243902439,2.0,25.609354236103727,1.0,151.0
48,7,41,35,0.14634146341463414,1096.0,26.73170731707317,2.0,131.75470093895015,1.0,840.0
48,8,41,36,0.12195121951219512,3309.0,80.70731707317073,2.0,309.9035530534007,1.0,1688.0
48,9,41,37,0.0975609756097561,886.0,21.609756097560975,2.0,101.94260101860765,1.0,646.0
48,10,41,34,0.17073170731707318,2233.0,54.46341463414634,4.0,146.90849151103816,1.0,698.0
48,11,41,36,0.12195121951219512,2100.0,51.21951219512195,3.0,163.590267466485,1.0,954.0
48,12,41,38,0.07317073170731707,23181.0,565.390243902439,517.0,505.8246671549728,23.0,1885.0
48,13,41,35,0.14634146341463414,2497.0,60.90243902439025,2.0,215.4946408704923,1.0,1034.0
48,14,41,34,0.17073170731707318,371.0,9.048780487804878,2.0,32.06318076822088,1.0,193.0
48,15,41,36,0.12195121951219512,477.0,11.634146341463415,2.0,57.2397397345415,1.0,369.0
48,16,41,36,0.12195121951219512,8231.0,200.7560975609756,3.0,467.7404077310301,1.0,1817.0
