well,electrode,n_measurements,bursts_n_nonzero,bursts_fraction_zero,bursts_total,bursts_mean,bursts_median,bursts_std,bursts_min,bursts_max
1,1,41,2,0.9512195121951219,8.0,0.1951219512195122,0.0,1.1004433696270322,1.0,7.0
1,2,41,7,0.8292682926829268,235.0,5.7317073170731705,0.0,14.12271997570564,14.0,55.0
1,3,41,0,1.0,0.0,0.0,0.0,0.0,,0.0
1,4,41,1,0.975609756097561,2.0,0.04878048780487805,0.0,0.3123475237772121,2.0,2.0
1,5,41,1,0.975609756097561,2.0,0.04878048780487805,0.0,0.3123475237772121,2.0,2.0
1,6,41,15,0.6341463414634146,395.0,9.634146341463415,0.0,14.303419342173003,7.0,53.0
1,7,41,0,1.0,0.0,0.0,0.0,0.0,,0.0
1,8,41,0,1.0,0.0,0.0,0.0,0.0,,0.0
1,9,41,1,0.975609756097561,1.0,0.024390243902439025,0.0,0.15617376188860604,1.0,1.0
1,10,41,0,1.0,0.0,0.0,0.0,0.0,,0.0
1,11,41,0,1.0,0.0,0.0,0.0,0.0,,0.0
1,12,41,0,1.0,0.0,0.0,0.0,0.0,,0.0
1,13,41,1,0.975609756097561,1.0,0.024390243902439025,0.0,0.15617376188860607,1.0,1.0
1,14,41,5,0.8780487804878049,117.0,2.8536585365853657,0.0,9.543482005038193,5.0,46.0
1,15,41,0,1.0,0.0,0.0,0.0,0.0,,0.0
1,16,41,0,1.0,0.0,0.0,0.0,0.0,,0.0
2,1,41,0,1.0,0.0,0.0,0.0,0.0,,0.0
2,2,41,0,1.0,0.0,0.0,0.0,0.0,,0.0
2,3,41,1,0.975609756097561,38.0,0.926829268292683,0.0,5.9346029517670305,38.0,38.0
2,4,41,0,1.0,0.0,0.0,0.0,0.0,,0.0
2,5,41,2,0.9512195121951219,18.0,0.43902439024390244,0.0,2.25885790265573,4.0,14.0
2,6,41,2,0.9512195121951219,10.0,0.24390243902439024,0.0,1.1785687889316867,3.0,7.0
2,7,41,4,0.9024390243902439,34.0,0.8292682926829268,0.0,2.8187092704320382,6.0,15.0
2,8,41,0,1.0,0.0,0.0,0.0,0.0,,0.0
2,9,41,0,1.0,0.0,0.0,0.0,0.0,,0.0
2,10,41,0,1.0,0.0,0.0,0.0,0.0,,0.0
2,11,41,1,0.975609756097561,14.0,0.34146341463414637,0.0,2.1864326664404845,14.0,14.0
2,12,41,1,0.975609756097561,8.0,0.1951219512195122,0.0,1.2493900951088484,8.0,8.0
2,13,41,0,1.0,0.0,0.0,0.0,0.0,,0.0
2,14,41,1,0.975609756097561,4.0,0.0975609756097561,0.0,0.6246950475544242,4.0,4.0
2,15,41,1,0.975609756097561,1.0,0.024390243902439025,0.0,0.15617376188860604,1.0,1.0
2,16,41,0,1.0,0.0,0.0,0.0,0.0,,0.0
3,1,41,20,0.5121951219512195,668.0,16.29268292682927,0.0,22.080810563064738,6.0,89.0
3,2,41,1,0.975609756097561,15.0,0.36585365853658536,0.0,2.3426064283290913,15.0,15.0
3,3,41,0,1.0,0.0,0.0,0.0,0.0,,0.0
3,4,41,0,1.0,0.0,0.0,0.0,0.0,,0.0
3,5,41,0,1.0,0.0,0.0,0.0,0.0,,0.0
3,6,41,0,1.0,0.0,0.0,0.0,0.0,,0.0
3,7,41,2,0.9512195121951219,67.0,1.6341463414634145,0.0,8.086272619572556,18.0,49.0
3,8,41,0,1.0,0.0,0.0,0.0,0.0,,0.0
3,9,41,1,0.975609756097561,2.0,0.04878048780487805,0.0,0.3123475237772121,2.0,2.0
3,10,41,0,1.0,0.0,0.0,0.0,0.0,,0.0
3,11,41,9,0.7804878048780488,119.0,2.902439024390244,0.0,6.884057226842251,1.0,28.0
3,12,41,0,1.0,0.0,0.0,0.0,0.0,,0.0
3,13,41,0,1.0,0.0,0.0,0.0,0.0,,0.0
3,14,41,0,1.0,0.0,0.0,0.0,0.0,,0.0
3,15,41,0,1.0,0.0,0.0,0.0,0.0,,0.0
3,16,41,2,0.9512195121951219,5.0,0.12195121951219512,0.0,0.5565573623275283,2.0,3.0
4,1,41,0,1.0,0.0,0.0,0.0,0.0,,0.0
4,2,41,1,0.975609756097561,8.0,0.1951219512195122,0.0,1.2493900951088484,8.0,8.0
4,3,41,7,0.8292682926829268,99.0,2.4146341463414633,0.0,6.0867709409673765,3.0,24.0
4,4,41,0,1.0,0.0,0.0,0.0,0.0,,0.0
4,5,41,0,1.0,0.0,0.0,0.0,0.0,,0.0
4,6,41,0,1.0,0.0,0.0,0.0,0.0,,0.0
4,7,41,10,0.7560975609756098,186.0,4.536585365853658,0.0,11.762435039088652,1.0,50.0
4,8,41,1,0.975609756097561,11.0,0.2682926829268293,0.0,1.7179113807746669,11.0,11.0
4,9,41,2,0.9512195121951219,81.0,1.975609756097561,0.0,9.264145413577145,28.0,53.0
4,10,41,1,0.975609756097561,3.0,0.07317073170731707,0.0,0.46852128566581824,3.0,3.0
4,11,41,0,1.0,0.0,0.0,0.0,0.0,,0.0
4,12,41,0,1.0,0.0,0.0,0.0,0.0,,0.0
4,13,41,0,1.0,0.0,0.0,0.0,0.0,,0.0
4,14,41,0,1.0,0.0,0.0,0.0,0.0,,0.0
4,15,41,0,1.0,0.0,0.0,0.0,0.0,,0.0
4,16,41,0,1.0,0.0,0.0,0.0,0.0,,0.0
5,1,41,0,1.0,0.0,0.0,0.0,0.0,,0.0
5,2,41,3,0.926829268292683,43.0,1.048780487804878,0.0,4.999756091611847,1.0,30.0
5,3,41,4,0.9024390243902439,31.0,0.7560975609756098,0.0,4.072962606045371,1.0,26.0
5,4,41,10,0.7560975609756098,150.0,3.658536585365854,0.0,10.593889172767385,1.0,45.0
5,5,41,3,0.926829268292683,164.0,4.0,0.0,19.361043360315065,15.0,121.0
5,6,41,7,0.8292682926829268,428.0,10.439024390243903,0.0,36.819185746352275,6.0,172.0
5,7,41,14,0.6585365853658537,853.0,20.804878048780488,0.0,44.88887362821389,1.0,181.0
5,8,41,16,0.6097560975609756,263.0,6.414634146341464,0.0,12.563788460802929,1.0,53.0
5,9,41,1,0.975609756097561,1.0,0.024390243902439025,0.0,0.15617376188860604,1.0,1.0
5,10,41,2,0.9512195121951219,234.0,5.7073170731707314,0.0,35.28614735447824,8.0,226.0
5,11,41,3,0.926829268292683,12.0,0.2926829268292683,0.0,1.4360345127994725,1.0,9.0
5,12,41,6,0.8536585365853658,290.0,7.073170731707317,0.0,32.00967841442838,2.0,197.0
5,13,41,0,1.0,0.0,0.0,0.0,0.0,,0.0
5,14,41,3,0.926829268292683,124.0,3.024390243902439,0.0,15.581219151398338,1.0,97.0
5,15,41,1,0.975609756097561,36.0,0.8780487804878049,0.0,5.622255427989819,36.0,36.0
5,16,41,3,0.926829268292683,130.0,3.1707317073170733,0.0,13.139449073352335,18.0,75.0
6,1,41,0,1.0,0.0,0.0,0.0,0.0,,0.0
6,2,41,9,0.7804878048780488,818.0,19.951219512195124,0.0,63.72438748999954,10.0,297.0
6,3,41,21,0.4878048780487805,1591.0,38.80487804878049,1.0,69.52525422901923,1.0,250.0
6,4,41,1,0.975609756097561,23.0,0.5609756097560976,0.0,3.591996523437939,23.0,23.0
6,5,41,3,0.926829268292683,269.0,6.560975609756097,0.0,27.46456697318183,28.0,153.0
6,6,41,0,1.0,0.0,0.0,0.0,0.0,,0.0
6,7,41,2,0.9512195121951219,30.0,0.7317073170731707,0.0,3.391344794059596,11.0,19.0
6,8,41,5,0.8780487804878049,95.0,2.317073170731707,0.0,7.600786223773971,3.0,40.0
6,9,41,0,1.0,0.0,0.0,0.0,0.0,,0.0
6,10,41,2,0.9512195121951219,24.0,0.5853658536585366,0.0,3.301330108881097,3.0,21.0
6,11,41,0,1.0,0.0,0.0,0.0,0.0,,0.0
6,12,41,1,0.975609756097561,18.0,0.43902439024390244,0.0,2.8111277139949093,18.0,18.0
6,13,41,4,0.9024390243902439,28.0,0.6829268292682927,0.0,2.6214406763289904,1.0,14.0
6,14,41,7,0.8292682926829268,769.0,18.75609756097561,0.0,54.484759560727106,5.0,216.0
6,15,41,0,1.0,0.0,0.0,0.0,0.0,,0.0
6,16,41,0,1.0,0.0,0.0,0.0,0.0,,0.0
7,1,41,4,0.9024390243902439,21.0,0.5121951219512195,0.0,2.2596675775378134,1.0,14.0
7,2,41,8,0.8048780487804879,176.0,4.2926829268292686,0.0,15.413052751546374,1.0,93.0
7,3,41,7,0.8292682926829268,407.0,9.926829268292684,0.0,26.711786016571825,1.0,105.0
7,4,41,0,1.0,0.0,0.0,0.0,0.0,,0.0
7,5,41,1,0.975609756097561,125.0,3.048780487804878,0.0,19.52172023607576,125.0,125.0
7,6,41,0,1.0,0.0,0.0,0.0,0.0,,0.0
7,7,41,5,0.8780487804878049,206.0,5.024390243902439,0.0,16.424810204197257,1.0,80.0
7,8,41,0,1.0,0.0,0.0,0.0,0.0,,0.0
7,9,41,0,1.0,0.0,0.0,0.0,0.0,,0.0
7,10,41,2,0.9512195121951219,10.0,0.24390243902439024,0.0,1.1785687889316867,3.0,7.0
7,11,41,6,0.8536585365853658,168.0,4.097560975609756,0.0,14.238688278856275,2.0,70.0
7,12,41,0,1.0,0.0,0.0,0.0,0.0,,0.0
7,13,41,0,1.0,0.0,0.0,0.0,0.0,,0.0
7,14,41,2,0.9512195121951219,20.0,0.4878048780487805,0.0,2.3571375778633734,6.0,14.0
7,15,41,0,1.0,0.0,0.0,0.0,0.0,,0.0
7,16,41,1,0.975609756097561,1.0,0.024390243902439025,0.0,0.15617376188860604,1.0,1.0
8,1,41,1,0.975609756097561,1.0,0.024390243902439025,0.0,0.15617376188860604,1.0,1.0
8,2,41,1,0.975609756097561,15.0,0.36585365853658536,0.0,2.3426064283290913,15.0,15.0
8,3,41,4,0.9024390243902439,109.0,2.658536585365854,0.0,9.504235256183321,1.0,38.0
8,4,41,0,1.0,0.0,0.0,0.0,0.0,,0.0
8,5,41,1,0.975609756097561,1.0,0.024390243902439025,0.0,0.15617376188860607,1.0,1.0
8,6,41,0,1.0,0.0,0.0,0.0,0.0,,0.0
8,7,41,15,0.6341463414634146,1249.0,30.463414634146343,0.0,54.4798575443143,6.0,202.0
8,8,41,0,1.0,0.0,0.0,0.0,0.0,,0.0
8,9,41,0,1.0,0.0,0.0,0.0,0.0,,0.0
8,10,41,1,0.975609756097561,3.0,0.07317073170731707,0.0,0.46852128566581824,3.0,3.0
8,11,41,3,0.926829268292683,22.0,0.5365853658536586,0.0,2.8381117047749354,1.0,18.0
8,12,41,0,1.0,0.0,0.0,0.0,0.0,,0.0
8,13,41,0,1.0,0.0,0.0,0.0,0.0,,0.0
8,14,41,2,0.9512195121951219,99.0,2.4146341463414633,0.0,11.097242021682906,38.0,61.0
8,15,41,2,0.9512195121951219,26.0,0.6341463414634146,0.0,3.7533724672684405,2.0,24.0
8,16,41,0,1.0,0.0,0.0,0.0,0.0,,0.0
9,1,41,10,0.7560975609756098,598.0,14.585365853658537,0.0,39.37383370320707,1.0,171.0
9,2,41,1,0.975609756097561,17.0,0.4146341463414634,0.0,2.6549539521063035,17.0,17.0
9,3,41,6,0.8536585365853658,134.0,3.268292682926829,0.0,9.41282208013065,8.0,44.0
9,4,41,0,1.0,0.0,0.0,0.0,0.0,,0.0
9,5,41,0,1.0,0.0,0.0,0.0,0.0,,0.0
9,6,41,0,1.0,0.0,0.0,0.0,0.0,,0.0
9,7,41,0,1.0,0.0,0.0,0.0,0.0,,0.0
9,8,41,0,1.0,0.0,0.0,0.0,0.0,,0.0
9,9,41,0,1.0,0.0,0.0,0.0,0.0,,0.0
9,10,41,0,1.0,0.0,0.0,0.0,0.0,,0.0
9,11,41,0,1.0,0.0,0.0,0.0,0.0,,0.0
9,12,41,0,1.0,0.0,0.0,0.0,0.0,,0.0
9,13,41,0,1.0,0.0,0.0,0.0,0.0,,0.0
9,14,41,2,0.9512195121951219,11.0,0.2682926829268293,0.0,1.4322079151419052,2.0,9.0
9,15,41,0,1.0,0.0,0.0,0.0,0.0,,0.0
9,16,41,0,1.0,0.0,0.0,0.0,0.0,,0.0
10,1,41,1,0.975609756097561,19.0,0.4634146341463415,0.0,2.9673014758835152,19.0,19.0
10,2,41,11,0.7317073170731707,410.0,10.0,0.0,24.06761309311748,17.0,127.0
10,3,41,13,0.6829268292682927,799.0,19.48780487804878,0.0,38.54615541867925,1.0,143.0
10,4,41,0,1.0,0.0,0.0,0.0,0.0,,0.0
10,5,41,2,0.9512195121951219,80.0,1.951219512195122,0.0,8.904917797240453,32.0,48.0
10,6,41,8,0.8048780487804879,157.0,3.8292682926829267,0.0,9.871429579914933,1.0,40.0
10,7,41,0,1.0,0.0,0.0,0.0,0.0,,0.0
10,8,41,1,0.975609756097561,15.0,0.36585365853658536,0.0,2.342606428329091,15.0,15.0
10,9,41,0,1.0,0.0,0.0,0.0,0.0,,0.0
10,10,41,3,0.926829268292683,41.0,1.0,0.0,4.944694126030447,3.0,31.0
10,11,41,0,1.0,0.0,0.0,0.0,0.0,,0.0
10,12,41,1,0.975609756097561,4.0,0.0975609756097561,0.0,0.6246950475544243,4.0,4.0
10,13,41,1,0.975609756097561,1.0,0.024390243902439025,0.0,0.15617376188860604,1.0,1.0
10,14,41,3,0.926829268292683,95.0,2.317073170731707,0.0,10.649974235626685,6.0,64.0
10,15,41,0,1.0,0.0,0.0,0.0,0.0,,0.0
10,16,41,0,1.0,0.0,0.0,0.0,0.0,,0.0
11,1,41,8,0.8048780487804879,149.0,3.6341463414634148,0.0,9.096032370107793,1.0,39.0
11,2,41,16,0.6097560975609756,163.0,3.975609756097561,0.0,7.8977458963873,1.0,39.0
11,3,41,4,0.9024390243902439,142.0,3.4634146341463414,0.0,10.740338823742038,29.0,40.0
11,4,41,0,1.0,0.0,0.0,0.0,0.0,,0.0
11,5,41,0,1.0,0.0,0.0,0.0,0.0,,0.0
11,6,41,0,1.0,0.0,0.0,0.0,0.0,,0.0
11,7,41,1,0.975609756097561,7.0,0.17073170731707318,0.0,1.0932163332202423,7.0,7.0
11,8,41,1,0.975609756097561,36.0,0.8780487804878049,0.0,5.622255427989819,36.0,36.0
11,9,41,0,1.0,0.0,0.0,0.0,0.0,,0.0
11,10,41,0,1.0,0.0,0.0,0.0,0.0,,0.0
11,11,41,0,1.0,0.0,0.0,0.0,0.0,,0.0
11,12,41,0,1.0,0.0,0.0,0.0,0.0,,0.0
11,13,41,1,0.975609756097561,17.0,0.4146341463414634,0.0,2.6549539521063035,17.0,17.0
11,14,41,0,1.0,0.0,0.0,0.0,0.0,,0.0
11,15,41,0,1.0,0.0,0.0,0.0,0.0,,0.0
11,16,41,8,0.8048780487804879,94.0,2.292682926829268,0.0,10.137168989513356,1.0,64.0
12,1,41,1,0.975609756097561,4.0,0.0975609756097561,0.0,0.6246950475544242,4.0,4.0
12,2,41,2,0.9512195121951219,5.0,0.12195121951219512,0.0,0.6401219396028975,1.0,4.0
12,3,41,0,1.0,0.0,0.0,0.0,0.0,,0.0
12,4,41,1,0.975609756097561,21.0,0.5121951219512195,0.0,3.279648999660727,21.0,21.0
12,5,41,0,1.0,0.0,0.0,0.0,0.0,,0.0
12,6,41,20,0.5121951219512195,927.0,22.609756097560975,0.0,29.23343808789901,1.0,102.0
12,7,41,3,0.926829268292683,30.0,0.7317073170731707,0.0,3.660767612427088,2.0,23.0
12,8,41,0,1.0,0.0,0.0,0.0,0.0,,0.0
12,9,41,1,0.975609756097561,5.0,0.12195121951219512,0.0,0.7808688094430303,5.0,5.0
12,10,41,17,0.5853658536585366,555.0,13.536585365853659,0.0,23.79926213244395,1.0,82.0
12,11,41,2,0.9512195121951219,27.0,0.6585365853658537,0.0,2.9631887899487683,12.0,15.0
12,12,41,0,1.0,0.0,0.0,0.0,0.0,,0.0
12,13,41,3,0.926829268292683,17.0,0.4146341463414634,0.0,1.870502736647257,1.0,11.0
12,14,41,2,0.9512195121951219,15.0,0.36585365853658536,0.0,2.046412685175886,2.0,13.0
12,15,41,0,1.0,0.0,0.0,0.0,0.0,,0.0
12,16,41,0,1.0,0.0,0.0,0.0,0.0,,0.0
13,1,41,25,0.3902439024390244,2917.0,71.14634146341463,17.0,92.79697219619015,1.0,287.0
13,2,41,5,0.8780487804878049,184.0,4.487804878048781,0.0,15.104836892895456,2.0,73.0
13,3,41,2,0.9512195121951219,32.0,0.7804878048780488,0.0,4.269146256114629,5.0,27.0
13,4,41,3,0.926829268292683,67.0,1.6341463414634145,0.0,6.8693380232777015,5.0,36.0
13,5,41,4,0.9024390243902439,156.0,3.8048780487804876,0.0,20.6376107049667,6.0,132.0
13,6,41,2,0.9512195121951219,22.0,0.5365853658536586,0.0,2.5602496067337825,7.0,15.0
13,7,41,6,0.8536585365853658,200.0,4.878048780487805,0.0,14.988654245714022,2.0,61.0
13,8,41,8,0.8048780487804879,81.0,1.975609756097561,0.0,4.921827937250797,2.0,20.0
13,9,41,4,0.9024390243902439,203.0,4.951219512195122,0.0,27.37969249234932,1.0,175.0
13,10,41,1,0.975609756097561,56.0,1.3658536585365855,0.0,8.745730665761938,56.0,56.0
13,11,41,1,0.975609756097561,33.0,0.8048780487804879,0.0,5.153734142324001,33.0,33.0
13,12,41,5,0.8780487804878049,188.0,4.585365853658536,0.0,18.030495846975615,3.0,90.0
13,13,41,6,0.8536585365853658,988.0,24.097560975609756,0.0,74.52778169181234,5.0,303.0
13,14,41,5,0.8780487804878049,182.0,4.439024390243903,0.0,14.117451576838867,7.0,69.0
13,15,41,0,1.0,0.0,0.0,0.0,0.0,,0.0
13,16,41,0,1.0,0.0,0.0,0.0,0.0,,0.0
14,1,41,8,0.8048780487804879,425.0,10.365853658536585,0.0,29.317022442227124,1.0,129.0
14,2,41,18,0.5609756097560976,2643.0,64.46341463414635,0.0,110.00138580058335,1.0,363.0
14,3,41,23,0.43902439024390244,1794.0,43.75609756097561,6.0,57.84020249264559,2.0,202.0
14,4,41,1,0.975609756097561,85.0,2.073170731707317,0.0,13.274769760531514,85.0,85.0
14,5,41,9,0.7804878048780488,284.0,6.926829268292683,0.0,27.935989551027575,5.0,177.0
14,6,41,10,0.7560975609756098,209.0,5.097560975609756,0.0,13.560613699329359,1.0,54.0
14,7,41,28,0.3170731707317073,1116.0,27.21951219512195,9.0,39.03748979834766,1.0,163.0
14,8,41,25,0.3902439024390244,2662.0,64.92682926829268,9.0,92.09136502514838,2.0,291.0
14,9,41,9,0.7804878048780488,132.0,3.2195121951219514,0.0,7.776606570741351,2.0,35.0
14,10,41,10,0.7560975609756098,1445.0,35.24390243902439,0.0,69.09152642973119,33.0,221.0
14,11,41,3,0.926829268292683,44.0,1.0731707317073171,0.0,5.828337000819527,1.0,37.0
14,12,41,1,0.975609756097561,216.0,5.2682926829268295,0.0,33.73353256793891,216.0,216.0
14,13,41,12,0.7073170731707317,1574.0,38.390243902439025,0.0,83.0406159806093,1.0,273.0
14,14,41,0,1.0,0.0,0.0,0.0,0.0,,0.0
14,15,41,11,0.7317073170731707,573.0,13.975609756097562,0.0,44.183417593525995,1.0,212.0
14,16,41,4,0.9024390243902439,40.0,0.975609756097561,0.0,3.416780684197105,2.0,15.0
15,1,41,3,0.926829268292683,25.0,0.6097560975609756,0.0,2.6540351239243978,1.0,14.0
15,2,41,13,0.6829268292682927,520.0,12.682926829268293,0.0,25.044399597904363,2.0,92.0
15,3,41,2,0.9512195121951219,14.0,0.34146341463414637,0.0,2.0323601562907223,1.0,13.0
15,4,41,9,0.7804878048780488,407.0,9.926829268292684,0.0,28.683959144356656,3.0,158.0
15,5,41,6,0.8536585365853658,166.0,4.048780487804878,0.0,12.393448308505981,3.0,65.0
15,6,41,0,1.0,0.0,0.0,0.0,0.0,,0.0
15,7,41,5,0.8780487804878049,321.0,7.829268292682927,0.0,27.16698588270733,11.0,143.0
15,8,41,0,1.0,0.0,0.0,0.0,0.0,,0.0
15,9,41,1,0.975609756097561,5.0,0.12195121951219512,0.0,0.7808688094430303,5.0,5.0
15,10,41,0,1.0,0.0,0.0,0.0,0.0,,0.0
15,11,41,0,1.0,0.0,0.0,0.0,0.0,,0.0
15,12,41,1,0.975609756097561,1.0,0.024390243902439025,0.0,0.15617376188860604,1.0,1.0
15,13,41,1,0.975609756097561,15.0,0.36585365853658536,0.0,2.3426064283290913,15.0,15.0
15,14,41,1,0.975609756097561,13.0,0.3170731707317073,0.0,2.030258904551879,13.0,13.0
15,15,41,0,1.0,0.0,0.0,0.0,0.0,,0.0
15,16,41,3,0.926829268292683,16.0,0.3902439024390244,0.0,1.9219527671158803,1.0,12.0
16,1,41,1,0.975609756097561,3.0,0.07317073170731707,0.0,0.46852128566581824,3.0,3.0
16,2,41,0,1.0,0.0,0.0,0.0,0.0,,0.0
16,3,41,0,1.0,0.0,0.0,0.0,0.0,,0.0
16,4,41,0,1.0,0.0,0.0,0.0,0.0,,0.0
16,5,41,0,1.0,0.0,0.0,0.0,0.0,,0.0
16,6,41,4,0.9024390243902439,121.0,2.951219512195122,0.0,11.821487257346673,4.0,57.0
16,7,41,0,1.0,0.0,0.0,0.0,0.0,,0.0
16,8,41,0,1.0,0.0,0.0,0.0,0.0,,0.0
16,9,41,13,0.6829268292682927,1089.0,26.5609756097561,0.0,50.58460673984123,5.0,175.0
16,10,41,1,0.975609756097561,1.0,0.024390243902439025,0.0,0.15617376188860604,1.0,1.0
16,11,41,0,1.0,0.0,0.0,0.0,0.0,,0.0
16,12,41,0,1.0,0.0,0.0,0.0,0.0,,0.0
16,13,41,1,0.975609756097561,10.0,0.24390243902439024,0.0,1.5617376188860606,10.0,10.0
16,14,41,0,1.0,0.0,0.0,0.0,0.0,,0.0
16,15,41,1,0.975609756097561,6.0,0.14634146341463414,0.0,0.9370425713316365,6.0,6.0
16,16,41,0,1.0,0.0,0.0,0.0,0.0,,0.0
17,1,41,0,1.0,0.0,0.0,0.0,0.0,,0.0
17,2,41,5,0.8780487804878049,39.0,0.9512195121951219,0.0,3.827213212718851,1.0,22.0
17,3,41,11,0.7317073170731707,205.0,5.0,0.0,10.777290939749191,1.0,47.0
17,4,41,0,1.0,0.0,0.0,0.0,0.0,,0.0
17,5,41,0,1.0,0.0,0.0,0.0,0.0,,0.0
17,6,41,0,1.0,0.0,0.0,0.0,0.0,,0.0
17,7,41,0,1.0,0.0,0.0,0.0,0.0,,0.0
17,8,41,0,1.0,0.0,0.0,0.0,0.0,,0.0
17,9,41,1,0.975609756097561,17.0,0.4146341463414634,0.0,2.6549539521063035,17.0,17.0
17,10,41,0,1.0,0.0,0.0,0.0,0.0,,0.0
17,11,41,2,0.9512195121951219,30.0,0.7317073170731707,0.0,4.230983279592951,3.0,27.0
17,12,41,0,1.0,0.0,0.0,0.0,0.0,,0.0
17,13,41,2,0.9512195121951219,67.0,1.6341463414634145,0.0,10.148290736771823,2.0,65.0
17,14,41,0,1.0,0.0,0.0,0.0,0.0,,0.0
17,15,41,1,0.975609756097561,29.0,0.7073170731707317,0.0,4.529039094769575,29.0,29.0
17,16,41,0,1.0,0.0,0.0,0.0,0.0,,0.0
18,1,41,0,1.0,0.0,0.0,0.0,0.0,,0.0
18,2,41,0,1.0,0.0,0.0,0.0,0.0,,0.0
18,3,41,2,0.9512195121951219,18.0,0.43902439024390244,0.0,2.5104658978743855,2.0,16.0
18,4,41,11,0.7317073170731707,495.0,12.073170731707316,0.0,26.168101042970655,5.0,107.0
18,5,41,0,1.0,0.0,0.0,0.0,0.0,,0.0
18,6,41,3,0.926829268292683,23.0,0.5609756097560976,0.0,2.429493573646624,2.0,14.0
18,7,41,8,0.8048780487804879,266.0,6.487804878048781,0.0,15.591859977596503,2.0,68.0
18,8,41,0,1.0,0.0,0.0,0.0,0.0,,0.0
18,9,41,0,1.0,0.0,0.0,0.0,0.0,,0.0
18,10,41,0,1.0,0.0,0.0,0.0,0.0,,0.0
18,11,41,1,0.975609756097561,2.0,0.04878048780487805,0.0,0.3123475237772121,2.0,2.0
18,12,41,3,0.926829268292683,33.0,0.8048780487804879,0.0,3.976301750339893,3.0,25.0
18,13,41,0,1.0,0.0,0.0,0.0,0.0,,0.0
18,14,41,3,0.926829268292683,12.0,0.2926829268292683,0.0,1.2498780428310674,1.0,7.0
18,15,41,5,0.8780487804878049,17.0,0.4146341463414634,0.0,1.5325731590383795,1.0,7.0
18,16,41,1,0.975609756097561,17.0,0.4146341463414634,0.0,2.6549539521063035,17.0,17.0
19,1,41,2,0.9512195121951219,24.0,0.5853658536585366,0.0,3.3013301088810967,3.0,21.0
19,2,41,3,0.926829268292683,33.0,0.8048780487804879,0.0,3.7763706928420175,2.0,23.0
19,3,41,1,0.975609756097561,3.0,0.07317073170731707,0.0,0.46852128566581824,3.0,3.0
19,4,41,2,0.9512195121951219,19.0,0.4634146341463415,0.0,2.66549771126904,2.0,17.0
19,5,41,1,0.975609756097561,6.0,0.14634146341463414,0.0,0.9370425713316365,6.0,6.0
19,6,41,18,0.5609756097560976,709.0,17.29268292682927,0.0,25.098051620035193,1.0,87.0
19,7,41,16,0.6097560975609756,307.0,7.487804878048781,0.0,10.497909199501375,1.0,27.0
19,8,41,0,1.0,0.0,0.0,0.0,0.0,,0.0
19,9,41,2,0.9512195121951219,14.0,0.34146341463414637,0.0,1.7693184577339514,3.0,11.0
19,10,41,1,0.975609756097561,1.0,0.024390243902439025,0.0,0.15617376188860604,1.0,1.0
19,11,41,0,1.0,0.0,0.0,0.0,0.0,,0.0
19,12,41,0,1.0,0.0,0.0,0.0,0.0,,0.0
19,13,41,0,1.0,0.0,0.0,0.0,0.0,,0.0
19,14,41,0,1.0,0.0,0.0,0.0,0.0,,0.0
19,15,41,0,1.0,0.0,0.0,0.0,0.0,,0.0
19,16,41,23,0.43902439024390244,583.0,14.21951219512195,12.0,16.248864875925875,5.0,67.0
20,1,41,0,1.0,0.0,0.0,0.0,0.0,,0.0
20,2,41,7,0.8292682926829268,72.0,1.7560975609756098,0.0,4.651776476814412,1.0,18.0
20,3,41,8,0.8048780487804879,120.0,2.926829268292683,0.0,7.7729989190223066,3.0,38.0
20,4,41,0,1.0,0.0,0.0,0.0,0.0,,0.0
20,5,41,2,0.9512195121951219,2.0,0.04878048780487805,0.0,0.21808478995509087,1.0,1.0
20,6,41,2,0.9512195121951219,24.0,0.5853658536585366,0.0,3.5914872250649696,1.0,23.0
20,7,41,28,0.3170731707317073,1391.0,33.926829268292686,32.0,30.494581685852353,1.0,93.0
20,8,41,13,0.6829268292682927,379.0,9.24390243902439,0.0,17.331734604194814,1.0,63.0
20,9,41,10,0.7560975609756098,219.0,5.341463414634147,0.0,14.809810525623819,1.0,74.0
20,10,41,4,0.9024390243902439,40.0,0.975609756097561,0.0,5.317366852484643,1.0,34.0
20,11,41,4,0.9024390243902439,14.0,0.34146341463414637,0.0,1.352955211704382,1.0,8.0
20,12,41,4,0.9024390243902439,106.0,2.5853658536585367,0.0,9.268159498401227,5.0,47.0
20,13,41,0,1.0,0.0,0.0,0.0,0.0,,0.0
20,14,41,0,1.0,0.0,0.0,0.0,0.0,,0.0
20,15,41,0,1.0,0.0,0.0,0.0,0.0,,0.0
20,16,41,0,1.0,0.0,0.0,0.0,0.0,,0.0
21,1,41,0,1.0,0.0,0.0,0.0,0.0,,0.0
21,2,41,0,1.0,0.0,0.0,0.0,0.0,,0.0
21,3,41,15,0.6341463414634146,538.0,13.121951219512194,0.0,31.16183171922923,1.0,140.0
21,4,41,14,0.6585365853658537,538.0,13.121951219512194,0.0,33.916953815128515,1.0,170.0
21,5,41,2,0.9512195121951219,2.0,0.04878048780487805,0.0,0.21808478995509087,1.0,1.0
21,6,41,6,0.8536585365853658,83.0,2.024390243902439,0.0,5.707397852253025,1.0,22.0
21,7,41,1,0.975609756097561,14.0,0.34146341463414637,0.0,2.186432666440485,14.0,14.0
21,8,41,12,0.7073170731707317,1609.0,39.24390243902439,0.0,84.60460403778416,1.0,304.0
21,9,41,0,1.0,0.0,0.0,0.0,0.0,,0.0
21,10,41,19,0.5365853658536586,1423.0,34.707317073170735,0.0,56.91539506251319,1.0,169.0
21,11,41,14,0.6585365853658537,1912.0,46.63414634146341,0.0,83.63066306611498,1.0,297.0
21,12,41,12,0.7073170731707317,922.0,22.48780487804878,0.0,46.79108993773254,2.0,160.0
21,13,41,1,0.975609756097561,47.0,1.146341463414634,0.0,7.340166808764484,47.0,47.0
21,14,41,14,0.6585365853658537,480.0,11.707317073170731,0.0,24.089669884038496,5.0,115.0
21,15,41,7,0.8292682926829268,516.0,12.585365853658537,0.0,43.270067951042144,1.0,203.0
21,16,41,10,0.7560975609756098,482.0,11.75609756097561,0.0,41.69279343472016,1.0,190.0
22,1,41,15,0.6341463414634146,322.0,7.853658536585366,0.0,19.103090032256244,1.0,77.0
22,2,41,2,0.9512195121951219,41.0,1.0,0.0,5.796550698475776,4.0,37.0
22,3,41,9,0.7804878048780488,723.0,17.634146341463413,0.0,47.98320336198959,1.0,206.0
22,4,41,15,0.6341463414634146,1685.0,41.09756097560975,0.0,77.2074494067926,9.0,224.0
22,5,41,10,0.7560975609756098,282.0,6.878048780487805,0.0,17.042879923814546,2.0,91.0
22,6,41,2,0.9512195121951219,5.0,0.12195121951219512,0.0,0.5565573623275283,2.0,3.0
22,7,41,1,0.975609756097561,24.0,0.5853658536585366,0.0,3.748170285326546,24.0,24.0
22,8,41,3,0.926829268292683,232.0,5.658536585365853,0.0,25.189888602470596,1.0,118.0
22,9,41,0,1.0,0.0,0.0,0.0,0.0,,0.0
22,10,41,0,1.0,0.0,0.0,0.0,0.0,,0.0
22,11,41,3,0.926829268292683,248.0,6.048780487804878,0.0,27.790242189941594,8.0,162.0
22,12,41,2,0.9512195121951219,109.0,2.658536585365854,0.0,11.949078952156858,49.0,60.0
22,13,41,0,1.0,0.0,0.0,0.0,0.0,,0.0
22,14,41,1,0.975609756097561,7.0,0.17073170731707318,0.0,1.0932163332202423,7.0,7.0
22,15,41,11,0.7317073170731707,554.0,13.512195121951219,0.0,34.844742753548566,1.0,134.0
22,16,41,5,0.8780487804878049,147.0,3.5853658536585367,0.0,9.907006636103807,24.0,37.0
23,1,41,5,0.8780487804878049,116.0,2.8292682926829267,0.0,12.91685418169685,2.0,81.0
23,2,41,14,0.6585365853658537,2095.0,51.09756097560975,0.0,78.22653158553331,64.0,272.0
23,3,41,12,0.7073170731707317,317.0,7.7317073170731705,0.0,19.239314424173102,1.0,79.0
23,4,41,1,0.975609756097561,3.0,0.07317073170731707,0.0,0.46852128566581824,3.0,3.0
23,5,41,4,0.9024390243902439,59.0,1.4390243902439024,0.0,6.383763703677499,1.0,39.0
23,6,41,1,0.975609756097561,1.0,0.024390243902439025,0.0,0.15617376188860607,1.0,1.0
23,7,41,2,0.9512195121951219,33.0,0.8048780487804879,0.0,4.069517859618765,8.0,25.0
23,8,41,0,1.0,0.0,0.0,0.0,0.0,,0.0
23,9,41,3,0.926829268292683,203.0,4.951219512195122,0.0,18.976236744297054,35.0,90.0
23,10,41,0,1.0,0.0,0.0,0.0,0.0,,0.0
23,11,41,1,0.975609756097561,8.0,0.1951219512195122,0.0,1.2493900951088484,8.0,8.0
23,12,41,0,1.0,0.0,0.0,0.0,0.0,,0.0
23,13,41,0,1.0,0.0,0.0,0.0,0.0,,0.0
23,14,41,10,0.7560975609756098,369.0,9.0,0.0,19.04862199740443,1.0,72.0
23,15,41,3,0.926829268292683,42.0,1.024390243902439,0.0,4.9471598158845085,1.0,30.0
23,16,41,16,0.6097560975609756,1839.0,44.853658536585364,0.0,77.77421197788176,1.0,228.0
24,1,41,0,1.0,0.0,0.0,0.0,0.0,,0.0
24,2,41,0,1.0,0.0,0.0,0.0,0.0,,0.0
24,3,41,3,0.926829268292683,17.0,0.4146341463414634,0.0,1.870502736647257,1.0,11.0
24,4,41,0,1.0,0.0,0.0,0.0,0.0,,0.0
24,5,41,0,1.0,0.0,0.0,0.0,0.0,,0.0
24,6,41,0,1.0,0.0,0.0,0.0,0.0,,0.0
24,7,41,7,0.8292682926829268,236.0,5.7560975609756095,0.0,19.60711667712119,1.0,90.0
24,8,41,0,1.0,0.0,0.0,0.0,0.0,,0.0
24,9,41,0,1.0,0.0,0.0,0.0,0.0,,0.0
24,10,41,4,0.9024390243902439,139.0,3.3902439024390243,0.0,13.061160072483009,6.0,65.0
24,11,41,0,1.0,0.0,0.0,0.0,0.0,,0.0
24,12,41,0,1.0,0.0,0.0,0.0,0.0,,0.0
24,13,41,0,1.0,0.0,0.0,0.0,0.0,,0.0
24,14,41,0,1.0,0.0,0.0,0.0,0.0,,0.0
24,15,41,3,0.926829268292683,35.0,0.8536585365853658,0.0,4.9978043959810785,1.0,32.0
24,16,41,0,1.0,0.0,0.0,0.0,0.0,,0.0
25,1,41,0,1.0,0.0,0.0,0.0,0.0,,0.0
25,2,41,0,1.0,0.0,0.0,0.0,0.0,,0.0
25,3,41,0,1.0,0.0,0.0,0.0,0.0,,0.0
25,4,41,0,1.0,0.0,0.0,0.0,0.0,,0.0
25,5,41,1,0.975609756097561,1.0,0.024390243902439025,0.0,0.15617376188860604,1.0,1.0
25,6,41,1,0.975609756097561,53.0,1.2926829268292683,0.0,8.277209380096123,53.0,53.0
25,7,41,0,1.0,0.0,0.0,0.0,0.0,,0.0
25,8,41,0,1.0,0.0,0.0,0.0,0.0,,0.0
25,9,41,1,0.975609756097561,12.0,0.2926829268292683,0.0,1.874085142663273,12.0,12.0
25,10,41,20,0.5121951219512195,981.0,23.926829268292682,0.0,28.924375744259756,16.0,78.0
25,11,41,1,0.975609756097561,4.0,0.0975609756097561,0.0,0.6246950475544242,4.0,4.0
25,12,41,0,1.0,0.0,0.0,0.0,0.0,,0.0
25,13,41,1,0.975609756097561,26.0,0.6341463414634146,0.0,4.060517809103758,26.0,26.0
25,14,41,0,1.0,0.0,0.0,0.0,0.0,,0.0
25,15,41,0,1.0,0.0,0.0,0.0,0.0,,0.0
25,16,41,1,0.975609756097561,3.0,0.07317073170731707,0.0,0.46852128566581824,3.0,3.0
26,1,41,0,1.0,0.0,0.0,0.0,0.0,,0.0
26,2,41,2,0.9512195121951219,46.0,1.1219512195121952,0.0,6.034049726142548,8.0,38.0
26,3,41,1,0.975609756097561,23.0,0.5609756097560976,0.0,3.5919965234379396,23.0,23.0
26,4,41,0,1.0,0.0,0.0,0.0,0.0,,0.0
26,5,41,1,0.975609756097561,5.0,0.12195121951219512,0.0,0.7808688094430303,5.0,5.0
26,6,41,3,0.926829268292683,40.0,0.975609756097561,0.0,4.046528171643246,3.0,19.0
26,7,41,0,1.0,0.0,0.0,0.0,0.0,,0.0
26,8,41,1,0.975609756097561,1.0,0.024390243902439025,0.0,0.15617376188860604,1.0,1.0
26,9,41,0,1.0,0.0,0.0,0.0,0.0,,0.0
26,10,41,9,0.7804878048780488,361.0,8.804878048780488,0.0,25.51981535218772,1.0,114.0
26,11,41,1,0.975609756097561,2.0,0.04878048780487805,0.0,0.3123475237772121,2.0,2.0
26,12,41,2,0.9512195121951219,7.0,0.17073170731707318,0.0,0.9461088474480682,1.0,6.0
26,13,41,2,0.9512195121951219,2.0,0.04878048780487805,0.0,0.21808478995509087,1.0,1.0
26,14,41,0,1.0,0.0,0.0,0.0,0.0,,0.0
26,15,41,0,1.0,0.0,0.0,0.0,0.0,,0.0
26,16,41,0,1.0,0.0,0.0,0.0,0.0,,0.0
27,1,41,0,1.0,0.0,0.0,0.0,0.0,,0.0
27,2,41,0,1.0,0.0,0.0,0.0,0.0,,0.0
27,3,41,0,1.0,0.0,0.0,0.0,0.0,,0.0
27,4,41,3,0.926829268292683,13.0,0.3170731707317073,0.0,1.4737541245106645,1.0,9.0
27,5,41,0,1.0,0.0,0.0,0.0,0.0,,0.0
27,6,41,4,0.9024390243902439,226.0,5.512195121951219,0.0,18.303171789637325,35.0,85.0
27,7,41,1,0.975609756097561,1.0,0.024390243902439025,0.0,0.15617376188860604,1.0,1.0
27,8,41,10,0.7560975609756098,265.0,6.463414634146342,0.0,17.796204034815414,1.0,89.0
27,9,41,0,1.0,0.0,0.0,0.0,0.0,,0.0
27,10,41,9,0.7804878048780488,454.0,11.073170731707316,0.0,24.79252936259473,24.0,121.0
27,11,41,0,1.0,0.0,0.0,0.0,0.0,,0.0
27,12,41,3,0.926829268292683,83.0,2.024390243902439,0.0,7.3023551162554705,26.0,29.0
27,13,41,0,1.0,0.0,0.0,0.0,0.0,,0.0
27,14,41,1,0.975609756097561,19.0,0.4634146341463415,0.0,2.9673014758835152,19.0,19.0
27,15,41,4,0.9024390243902439,106.0,2.5853658536585367,0.0,13.047941618807348,5.0,83.0
27,16,41,0,1.0,0.0,0.0,0.0,0.0,,0.0
28,1,41,0,1.0,0.0,0.0,0.0,0.0,,0.0
28,2,41,0,1.0,0.0,0.0,0.0,0.0,,0.0
28,3,41,0,1.0,0.0,0.0,0.0,0.0,,0.0
28,4,41,0,1.0,0.0,0.0,0.0,0.0,,0.0
28,5,41,0,1.0,0.0,0.0,0.0,0.0,,0.0
28,6,41,11,0.7317073170731707,405.0,9.878048780487806,0.0,20.264741698268963,1.0,86.0
28,7,41,0,1.0,0.0,0.0,0.0,0.0,,0.0
28,8,41,2,0.9512195121951219,12.0,0.2926829268292683,0.0,1.3828214353094255,4.0,8.0
28,9,41,1,0.975609756097561,1.0,0.024390243902439025,0.0,0.15617376188860604,1.0,1.0
28,10,41,2,0.9512195121951219,30.0,0.7317073170731707,0.0,4.376210633892651,2.0,28.0
28,11,41,1,0.975609756097561,20.0,0.4878048780487805,0.0,3.123475237772121,20.0,20.0
28,12,41,3,0.926829268292683,69.0,1.6829268292682926,0.0,7.494794941792083,1.0,39.0
28,13,41,1,0.975609756097561,1.0,0.024390243902439025,0.0,0.15617376188860607,1.0,1.0
28,14,41,0,1.0,0.0,0.0,0.0,0.0,,0.0
28,15,41,0,1.0,0.0,0.0,0.0,0.0,,0.0
28,16,41,0,1.0,0.0,0.0,0.0,0.0,,0.0
29,1,41,6,0.8536585365853658,304.0,7.414634146341464,0.0,24.06135450235096,2.0,111.0
29,2,41,2,0.9512195121951219,248.0,6.048780487804878,0.0,32.30089102448429,45.0,203.0
29,3,41,22,0.4634146341463415,2536.0,61.853658536585364,1.0,89.1842365487337,1.0,299.0
29,4,41,6,0.8536585365853658,201.0,4.902439024390244,0.0,20.045953304905183,2.0,117.0
29,5,41,9,0.7804878048780488,128.0,3.1219512195121952,0.0,8.989424681121754,2.0,46.0
29,6,41,4,0.9024390243902439,72.0,1.7560975609756098,0.0,8.011805314050255,1.0,46.0
29,7,41,6,0.8536585365853658,101.0,2.4634146341463414,0.0,11.169372321163822,1.0,70.0
29,8,41,9,0.7804878048780488,196.0,4.780487804878049,0.0,14.297748415610673,1.0,69.0
29,9,41,3,0.926829268292683,64.0,1.5609756097560976,0.0,7.606079083495665,3.0,47.0
29,10,41,3,0.926829268292683,137.0,3.341463414634146,0.0,18.703755981216126,1.0,119.0
29,11,41,8,0.8048780487804879,532.0,12.975609756097562,0.0,44.93244251366603,1.0,193.0
29,12,41,7,0.8292682926829268,182.0,4.439024390243903,0.0,14.849324530913528,1.0,77.0
29,13,41,11,0.7317073170731707,388.0,9.463414634146341,0.0,26.08265473545169,1.0,135.0
29,14,41,7,0.8292682926829268,312.0,7.609756097560975,0.0,19.700099046426757,3.0,80.0
29,15,41,7,0.8292682926829268,681.0,16.609756097560975,0.0,43.29773553477161,12.0,187.0
29,16,41,9,0.7804878048780488,437.0,10.658536585365853,0.0,26.27794679583772,18.0,122.0
30,1,41,0,1.0,0.0,0.0,0.0,0.0,,0.0
30,2,41,1,0.975609756097561,3.0,0.07317073170731707,0.0,0.46852128566581824,3.0,3.0
30,3,41,7,0.8292682926829268,587.0,14.317073170731707,0.0,45.42380379514151,1.0,207.0
30,4,41,7,0.8292682926829268,508.0,12.390243902439025,0.0,42.078425617399525,1.0,199.0
30,5,41,1,0.975609756097561,1.0,0.024390243902439025,0.0,0.15617376188860604,1.0,1.0
30,6,41,0,1.0,0.0,0.0,0.0,0.0,,0.0
30,7,41,13,0.6829268292682927,986.0,24.048780487804876,0.0,49.945946391830525,1.0,173.0
30,8,41,2,0.9512195121951219,14.0,0.34146341463414637,0.0,2.0323601562907223,1.0,13.0
30,9,41,10,0.7560975609756098,614.0,14.975609756097562,0.0,44.446309073351664,1.0,256.0
30,10,41,0,1.0,0.0,0.0,0.0,0.0,,0.0
30,11,41,0,1.0,0.0,0.0,0.0,0.0,,0.0
30,12,41,0,1.0,0.0,0.0,0.0,0.0,,0.0
30,13,41,1,0.975609756097561,1.0,0.024390243902439025,0.0,0.15617376188860604,1.0,1.0
30,14,41,0,1.0,0.0,0.0,0.0,0.0,,0.0
30,15,41,1,0.975609756097561,35.0,0.8536585365853658,0.0,5.466081666101212,35.0,35.0
30,16,41,8,0.8048780487804879,834.0,20.341463414634145,0.0,54.23726106474107,15.0,230.0
31,1,41,12,0.7073170731707317,984.0,24.0,0.0,53.305253024444035,1.0,211.0
31,2,41,1,0.975609756097561,12.0,0.2926829268292683,0.0,1.874085142663273,12.0,12.0
31,3,41,2,0.9512195121951219,108.0,2.6341463414634148,0.0,15.784099748736027,7.0,101.0
31,4,41,22,0.4634146341463415,2079.0,50.707317073170735,1.0,79.42393968522306,1.0,252.0
31,5,41,4,0.9024390243902439,11.0,0.2682926829268293,0.0,1.0006095703095799,1.0,5.0
31,6,41,0,1.0,0.0,0.0,0.0,0.0,,0.0
31,7,41,4,0.9024390243902439,121.0,2.951219512195122,0.0,13.245661968192067,11.0,83.0
31,8,41,0,1.0,0.0,0.0,0.0,0.0,,0.0
31,9,41,0,1.0,0.0,0.0,0.0,0.0,,0.0
31,10,41,13,0.6829268292682927,585.0,14.268292682926829,0.0,28.54910190377615,1.0,123.0
31,11,41,4,0.9024390243902439,35.0,0.8536585365853658,0.0,3.062360001777682,2.0,16.0
31,12,41,8,0.8048780487804879,229.0,5.585365853658536,0.0,12.971074762247145,2.0,43.0
31,13,41,0,1.0,0.0,0.0,0.0,0.0,,0.0
31,14,41,3,0.926829268292683,89.0,2.1707317073170733,0.0,7.851440756397485,27.0,33.0
31,15,41,7,0.8292682926829268,267.0,6.512195121951219,0.0,25.371363730808316,1.0,130.0
31,16,41,4,0.9024390243902439,51.0,1.2439024390243902,0.0,4.357639772886683,2.0,19.0
32,1,41,0,1.0,0.0,0.0,0.0,0.0,,0.0
32,2,41,11,0.7317073170731707,316.0,7.7073170731707314,0.0,18.14007153023249,1.0,79.0
32,3,41,3,0.926829268292683,297.0,7.2439024390243905,0.0,32.584337102206696,2.0,171.0
32,4,41,2,0.9512195121951219,2.0,0.04878048780487805,0.0,0.21808478995509087,1.0,1.0
32,5,41,2,0.9512195121951219,6.0,0.14634146341463414,0.0,0.6542543698652725,3.0,3.0
32,6,41,13,0.6829268292682927,1315.0,32.073170731707314,0.0,53.99092064593011,20.0,168.0
32,7,41,1,0.975609756097561,7.0,0.17073170731707318,0.0,1.0932163332202425,7.0,7.0
32,8,41,0,1.0,0.0,0.0,0.0,0.0,,0.0
32,9,41,0,1.0,0.0,0.0,0.0,0.0,,0.0
32,10,41,0,1.0,0.0,0.0,0.0,0.0,,0.0
32,11,41,0,1.0,0.0,0.0,0.0,0.0,,0.0
32,12,41,0,1.0,0.0,0.0,0.0,0.0,,0.0
32,13,41,1,0.975609756097561,5.0,0.12195121951219512,0.0,0.7808688094430303,5.0,5.0
32,14,41,0,1.0,0.0,0.0,0.0,0.0,,0.0
32,15,41,0,1.0,0.0,0.0,0.0,0.0,,0.0
32,16,41,0,1.0,0.0,0.0,0.0,0.0,,0.0
33,1,41,0,1.0,0.0,0.0,0.0,0.0,,0.0
33,2,41,0,1.0,0.0,0.0,0.0,0.0,,0.0
33,3,41,0,1.0,0.0,0.0,0.0,0.0,,0.0
33,4,41,0,1.0,0.0,0.0,0.0,0.0,,0.0
33,5,41,0,1.0,0.0,0.0,0.0,0.0,,0.0
33,6,41,0,1.0,0.0,0.0,0.0,0.0,,0.0
33,7,41,0,1.0,0.0,0.0,0.0,0.0,,0.0
33,8,41,0,1.0,0.0,0.0,0.0,0.0,,0.0
33,9,41,4,0.9024390243902439,48.0,1.170731707317073,0.0,4.16474752550734,4.0,19.0
33,10,41,0,1.0,0.0,0.0,0.0,0.0,,0.0
33,11,41,0,1.0,0.0,0.0,0.0,0.0,,0.0
33,12,41,0,1.0,0.0,0.0,0.0,0.0,,0.0
33,13,41,0,1.0,0.0,0.0,0.0,0.0,,0.0
33,14,41,0,1.0,0.0,0.0,0.0,0.0,,0.0
33,15,41,0,1.0,0.0,0.0,0.0,0.0,,0.0
33,16,41,0,1.0,0.0,0.0,0.0,0.0,,0.0
34,1,41,0,1.0,0.0,0.0,0.0,0.0,,0.0
34,2,41,5,0.8780487804878049,277.0,6.7560975609756095,0.0,21.519503349060916,2.0,93.0
34,3,41,0,1.0,0.0,0.0,0.0,0.0,,0.0
34,4,41,0,1.0,0.0,0.0,0.0,0.0,,0.0
34,5,41,1,0.975609756097561,8.0,0.1951219512195122,0.0,1.2493900951088484,8.0,8.0
34,6,41,1,0.975609756097561,13.0,0.3170731707317073,0.0,2.030258904551879,13.0,13.0
34,7,41,5,0.8780487804878049,23.0,0.5609756097560976,0.0,2.1914467879440385,1.0,13.0
34,8,41,0,1.0,0.0,0.0,0.0,0.0,,0.0
34,9,41,2,0.9512195121951219,43.0,1.048780487804878,0.0,6.252804248943809,3.0,40.0
34,10,41,0,1.0,0.0,0.0,0.0,0.0,,0.0
34,11,41,14,0.6585365853658537,369.0,9.0,0.0,15.157506391224118,1.0,53.0
34,12,41,0,1.0,0.0,0.0,0.0,0.0,,0.0
34,13,41,3,0.926829268292683,35.0,0.8536585365853658,0.0,4.44725182337225,1.0,28.0
34,14,41,0,1.0,0.0,0.0,0.0,0.0,,0.0
34,15,41,1,0.975609756097561,20.0,0.4878048780487805,0.0,3.123475237772121,20.0,20.0
34,16,41,3,0.926829268292683,143.0,3.4878048780487805,0.0,16.09987880578533,3.0,93.0
35,1,41,0,1.0,0.0,0.0,0.0,0.0,,0.0
35,2,41,1,0.975609756097561,42.0,1.024390243902439,0.0,6.559297999321454,42.0,42.0
35,3,41,0,1.0,0.0,0.0,0.0,0.0,,0.0
35,4,41,0,1.0,0.0,0.0,0.0,0.0,,0.0
35,5,41,0,1.0,0.0,0.0,0.0,0.0,,0.0
35,6,41,0,1.0,0.0,0.0,0.0,0.0,,0.0
35,7,41,10,0.7560975609756098,466.0,11.365853658536585,0.0,23.990369002540348,2.0,83.0
35,8,41,7,0.8292682926829268,247.0,6.024390243902439,0.0,17.549199133974813,1.0,80.0
35,9,41,11,0.7317073170731707,139.0,3.3902439024390243,0.0,7.860909771713729,1.0,37.0
35,10,41,0,1.0,0.0,0.0,0.0,0.0,,0.0
35,11,41,0,1.0,0.0,0.0,0.0,0.0,,0.0
35,12,41,0,1.0,0.0,0.0,0.0,0.0,,0.0
35,13,41,8,0.8048780487804879,388.0,9.463414634146341,0.0,25.674011724870354,7.0,117.0
35,14,41,0,1.0,0.0,0.0,0.0,0.0,,0.0
35,15,41,0,1.0,0.0,0.0,0.0,0.0,,0.0
35,16,41,0,1.0,0.0,0.0,0.0,0.0,,0.0
36,1,41,0,1.0,0.0,0.0,0.0,0.0,,0.0
36,2,41,1,0.975609756097561,3.0,0.07317073170731707,0.0,0.46852128566581824,3.0,3.0
36,3,41,0,1.0,0.0,0.0,0.0,0.0,,0.0
36,4,41,0,1.0,0.0,0.0,0.0,0.0,,0.0
36,5,41,0,1.0,0.0,0.0,0.0,0.0,,0.0
36,6,41,6,0.8536585365853658,62.0,1.5121951219512195,0.0,4.817270758528692,1.0,27.0
36,7,41,1,0.975609756097561,6.0,0.14634146341463414,0.0,0.9370425713316365,6.0,6.0
36,8,41,0,1.0,0.0,0.0,0.0,0.0,,0.0
36,9,41,0,1.0,0.0,0.0,0.0,0.0,,0.0
36,10,41,1,0.975609756097561,36.0,0.8780487804878049,0.0,5.622255427989819,36.0,36.0
36,11,41,0,1.0,0.0,0.0,0.0,0.0,,0.0
36,12,41,2,0.9512195121951219,3.0,0.07317073170731707,0.0,0.34570535882735637,1.0,2.0
36,13,41,10,0.7560975609756098,603.0,14.707317073170731,0.0,36.610957309553534,1.0,138.0
36,14,41,0,1.0,0.0,0.0,0.0,0.0,,0.0
36,15,41,0,1.0,0.0,0.0,0.0,0.0,,0.0
36,16,41,0,1.0,0.0,0.0,0.0,0.0,,0.0
37,1,41,4,0.9024390243902439,178.0,4.341463414634147,0.0,23.595136952450137,2.0,150.0
37,2,41,9,0.7804878048780488,140.0,3.4146341463414633,0.0,9.927173841925248,1.0,47.0
37,3,41,7,0.8292682926829268,227.0,5.536585365853658,0.0,20.043823937781447,1.0,109.0
37,4,41,0,1.0,0.0,0.0,0.0,0.0,,0.0
37,5,41,12,0.7073170731707317,467.0,11.390243902439025,0.0,36.74294357341317,2.0,198.0
37,6,41,10,0.7560975609756098,1343.0,32.75609756097561,0.0,74.32455196225702,15.0,270.0
37,7,41,5,0.8780487804878049,188.0,4.585365853658536,0.0,17.82130131297389,1.0,105.0
37,8,41,3,0.926829268292683,114.0,2.7804878048780486,0.0,17.170486590545345,1.0,110.0
37,9,41,2,0.9512195121951219,7.0,0.17073170731707318,0.0,0.7714414762115867,3.0,4.0
37,10,41,5,0.8780487804878049,190.0,4.634146341463414,0.0,22.004267878710458,1.0,139.0
37,11,41,4,0.9024390243902439,110.0,2.682926829268293,0.0,11.196961695902699,1.0,59.0
37,12,41,5,0.8780487804878049,234.0,5.7073170731707314,0.0,19.961517856163926,6.0,92.0
37,13,41,0,1.0,0.0,0.0,0.0,0.0,,0.0
37,14,41,1,0.975609756097561,39.0,0.9512195121951219,0.0,6.090776713655638,39.0,39.0
37,15,41,14,0.6585365853658537,916.0,22.341463414634145,0.0,64.91479405963543,1.0,280.0
37,16,41,7,0.8292682926829268,337.0,8.21951219512195,0.0,23.767111935531787,7.0,114.0
38,1,41,0,1.0,0.0,0.0,0.0,0.0,,0.0
38,2,41,4,0.9024390243902439,168.0,4.097560975609756,0.0,14.57876002623128,4.0,62.0
38,3,41,2,0.9512195121951219,36.0,0.8780487804878049,0.0,4.148464305928276,12.0,24.0
38,4,41,6,0.8536585365853658,154.0,3.7560975609756095,0.0,12.271471973249334,2.0,66.0
38,5,41,2,0.9512195121951219,12.0,0.2926829268292683,0.0,1.5849905747199946,2.0,10.0
38,6,41,3,0.926829268292683,16.0,0.3902439024390244,0.0,1.7871492492302905,2.0,11.0
38,7,41,8,0.8048780487804879,566.0,13.804878048780488,0.0,40.11310229351198,2.0,171.0
38,8,41,3,0.926829268292683,21.0,0.5121951219512195,0.0,2.0139755611664234,4.0,11.0
38,9,41,2,0.9512195121951219,42.0,1.024390243902439,0.0,6.401124139079201,1.0,41.0
38,10,41,20,0.5121951219512195,2420.0,59.02439024390244,0.0,74.17158748634077,11.0,195.0
38,11,41,11,0.7317073170731707,651.0,15.878048780487806,0.0,41.715821412235925,1.0,191.0
38,12,41,1,0.975609756097561,4.0,0.0975609756097561,0.0,0.6246950475544242,4.0,4.0
38,13,41,3,0.926829268292683,123.0,3.0,0.0,13.74772708486752,7.0,82.0
38,14,41,1,0.975609756097561,9.0,0.21951219512195122,0.0,1.4055638569974547,9.0,9.0
38,15,41,5,0.8780487804878049,44.0,1.0731707317073171,0.0,3.676888928853026,4.0,21.0
38,16,41,1,0.975609756097561,1.0,0.024390243902439025,0.0,0.15617376188860604,1.0,1.0
39,1,41,4,0.9024390243902439,21.0,0.5121951219512195,0.0,2.087126627920695,1.0,12.0
39,2,41,6,0.8536585365853658,219.0,5.341463414634147,0.0,16.88580728910756,7.0,91.0
39,3,41,0,1.0,0.0,0.0,0.0,0.0,,0.0
39,4,41,0,1.0,0.0,0.0,0.0,0.0,,0.0
39,5,41,15,0.6341463414634146,727.0,17.73170731707317,0.0,32.249049900922586,2.0,124.0
39,6,41,0,1.0,0.0,0.0,0.0,0.0,,0.0
39,7,41,1,0.975609756097561,2.0,0.04878048780487805,0.0,0.3123475237772121,2.0,2.0
39,8,41,3,0.926829268292683,165.0,4.024390243902439,0.0,17.033038197688114,19.0,98.0
39,9,41,0,1.0,0.0,0.0,0.0,0.0,,0.0
39,10,41,1,0.975609756097561,7.0,0.17073170731707318,0.0,1.0932163332202425,7.0,7.0
39,11,41,8,0.8048780487804879,354.0,8.634146341463415,0.0,20.324561615888516,5.0,83.0
39,12,41,0,1.0,0.0,0.0,0.0,0.0,,0.0
39,13,41,4,0.9024390243902439,63.0,1.5365853658536586,0.0,7.5236213387424336,2.0,47.0
39,14,41,0,1.0,0.0,0.0,0.0,0.0,,0.0
39,15,41,0,1.0,0.0,0.0,0.0,0.0,,0.0
39,16,41,7,0.8292682926829268,1176.0,28.682926829268293,0.0,68.34816713869884,72.0,238.0
40,1,41,0,1.0,0.0,0.0,0.0,0.0,,0.0
40,2,41,0,1.0,0.0,0.0,0.0,0.0,,0.0
40,3,41,0,1.0,0.0,0.0,0.0,0.0,,0.0
40,4,41,4,0.9024390243902439,224.0,5.463414634146342,0.0,20.241167902292112,1.0,93.0
40,5,41,3,0.926829268292683,14.0,0.34146341463414637,0.0,1.8789592344907455,1.0,12.0
40,6,41,0,1.0,0.0,0.0,0.0,0.0,,0.0
40,7,41,4,0.9024390243902439,131.0,3.1951219512195124,0.0,15.530968276632214,1.0,97.0
40,8,41,9,0.7804878048780488,84.0,2.048780487804878,0.0,5.761732463036596,1.0,27.0
40,9,41,0,1.0,0.0,0.0,0.0,0.0,,0.0
40,10,41,0,1.0,0.0,0.0,0.0,0.0,,0.0
40,11,41,2,0.9512195121951219,5.0,0.12195121951219512,0.0,0.6401219396028975,1.0,4.0
40,12,41,2,0.9512195121951219,234.0,5.7073170731707314,0.0,26.44072985229324,86.0,148.0
40,13,41,0,1.0,0.0,0.0,0.0,0.0,,0.0
40,14,41,1,0.975609756097561,10.0,0.24390243902439024,0.0,1.5617376188860606,10.0,10.0
40,15,41,4,0.9024390243902439,251.0,6.121951219512195,0.0,19.33157407190529,41.0,78.0
40,16,41,0,1.0,0.0,0.0,0.0,0.0,,0.0
41,1,41,2,0.9512195121951219,30.0,0.7317073170731707,0.0,3.33934417396517,12.0,18.0
41,2,41,1,0.975609756097561,5.0,0.12195121951219512,0.0,0.7808688094430303,5.0,5.0
41,3,41,4,0.9024390243902439,91.0,2.2195121951219514,0.0,7.862926284539209,15.0,44.0
41,4,41,0,1.0,0.0,0.0,0.0,0.0,,0.0
41,5,41,3,0.926829268292683,63.0,1.5365853658536586,0.0,5.869827769941848,15.0,31.0
41,6,41,0,1.0,0.0,0.0,0.0,0.0,,0.0
41,7,41,0,1.0,0.0,0.0,0.0,0.0,,0.0
41,8,41,4,0.9024390243902439,34.0,0.8292682926829268,0.0,3.12171778852918,2.0,17.0
41,9,41,1,0.975609756097561,5.0,0.12195121951219512,0.0,0.7808688094430303,5.0,5.0
41,10,41,1,0.975609756097561,16.0,0.3902439024390244,0.0,2.4987801902176967,16.0,16.0
41,11,41,0,1.0,0.0,0.0,0.0,0.0,,0.0
41,12,41,1,0.975609756097561,6.0,0.14634146341463414,0.0,0.9370425713316365,6.0,6.0
41,13,41,0,1.0,0.0,0.0,0.0,0.0,,0.0
41,14,41,1,0.975609756097561,10.0,0.24390243902439024,0.0,1.5617376188860606,10.0,10.0
41,15,41,1,0.975609756097561,1.0,0.024390243902439025,0.0,0.15617376188860604,1.0,1.0
41,16,41,0,1.0,0.0,0.0,0.0,0.0,,0.0
42,1,41,1,0.975609756097561,2.0,0.04878048780487805,0.0,0.3123475237772121,2.0,2.0
42,2,41,0,1.0,0.0,0.0,0.0,0.0,,0.0
42,3,41,0,1.0,0.0,0.0,0.0,0.0,,0.0
42,4,41,0,1.0,0.0,0.0,0.0,0.0,,0.0
42,5,41,0,1.0,0.0,0.0,0.0,0.0,,0.0
42,6,41,10,0.7560975609756098,206.0,5.024390243902439,0.0,11.369889632001819,1.0,47.0
42,7,41,7,0.8292682926829268,182.0,4.439024390243903,0.0,17.686221728350866,2.0,111.0
42,8,41,1,0.975609756097561,8.0,0.1951219512195122,0.0,1.2493900951088484,8.0,8.0
42,9,41,0,1.0,0.0,0.0,0.0,0.0,,0.0
42,10,41,5,0.8780487804878049,175.0,4.2682926829268295,0.0,13.794970805050482,1.0,57.0
42,11,41,1,0.975609756097561,23.0,0.5609756097560976,0.0,3.591996523437939,23.0,23.0
42,12,41,0,1.0,0.0,0.0,0.0,0.0,,0.0
42,13,41,1,0.975609756097561,3.0,0.07317073170731707,0.0,0.46852128566581824,3.0,3.0
42,14,41,2,0.9512195121951219,92.0,2.2439024390243905,0.0,13.89564767796895,3.0,89.0
42,15,41,0,1.0,0.0,0.0,0.0,0.0,,0.0
42,16,41,1,0.975609756097561,8.0,0.1951219512195122,0.0,1.2493900951088484,8.0,8.0
43,1,41,1,0.975609756097561,6.0,0.14634146341463414,0.0,0.9370425713316365,6.0,6.0
43,2,41,17,0.5853658536585366,921.0,22.463414634146343,0.0,32.72850253294184,1.0,103.0
43,3,41,0,1.0,0.0,0.0,0.0,0.0,,0.0
43,4,41,0,1.0,0.0,0.0,0.0,0.0,,0.0
43,5,41,0,1.0,0.0,0.0,0.0,0.0,,0.0
43,6,41,2,0.9512195121951219,19.0,0.4634146341463415,0.0,2.3032320874763115,5.0,14.0
43,7,41,2,0.9512195121951219,16.0,0.3902439024390244,0.0,1.8010836846255618,6.0,10.0
43,8,41,3,0.926829268292683,14.0,0.34146341463414637,0.0,1.621877863736369,1.0,10.0
43,9,41,0,1.0,0.0,0.0,0.0,0.0,,0.0
43,10,41,0,1.0,0.0,0.0,0.0,0.0,,0.0
43,11,41,1,0.975609756097561,10.0,0.24390243902439024,0.0,1.5617376188860606,10.0,10.0
43,12,41,5,0.8780487804878049,55.0,1.3414634146341464,0.0,4.7360835935272565,1.0,20.0
43,13,41,4,0.9024390243902439,36.0,0.8780487804878049,0.0,3.8288060929695793,2.0,23.0
43,14,41,0,1.0,0.0,0.0,0.0,0.0,,0.0
43,15,41,0,1.0,0.0,0.0,0.0,0.0,,0.0
43,16,41,0,1.0,0.0,0.0,0.0,0.0,,0.0
44,1,41,0,1.0,0.0,0.0,0.0,0.0,,0.0
44,2,41,11,0.7317073170731707,313.0,7.634146341463414,0.0,16.632432319959964,2.0,69.0
44,3,41,2,0.9512195121951219,12.0,0.2926829268292683,0.0,1.3828214353094255,4.0,8.0
44,4,41,0,1.0,0.0,0.0,0.0,0.0,,0.0
44,5,41,7,0.8292682926829268,70.0,1.7073170731707317,0.0,6.8601891462226625,1.0,42.0
44,6,41,0,1.0,0.0,0.0,0.0,0.0,,0.0
44,7,41,1,0.975609756097561,3.0,0.07317073170731707,0.0,0.46852128566581824,3.0,3.0
44,8,41,1,0.975609756097561,35.0,0.8536585365853658,0.0,5.466081666101213,35.0,35.0
44,9,41,1,0.975609756097561,5.0,0.12195121951219512,0.0,0.7808688094430303,5.0,5.0
44,10,41,0,1.0,0.0,0.0,0.0,0.0,,0.0
44,11,41,0,1.0,0.0,0.0,0.0,0.0,,0.0
44,12,41,0,1.0,0.0,0.0,0.0,0.0,,0.0
44,13,41,0,1.0,0.0,0.0,0.0,0.0,,0.0
44,14,41,0,1.0,0.0,0.0,0.0,0.0,,0.0
44,15,41,0,1.0,0.0,0.0,0.0,0.0,,0.0
44,16,41,0,1.0,0.0,0.0,0.0,0.0,,0.0
45,1,41,18,0.5609756097560976,474.0,11.560975609756097,0.0,19.880956692885537,1.0,83.0
45,2,41,13,0.6829268292682927,1359.0,33.146341463414636,0.0,73.59672580203882,1.0,267.0
45,3,41,6,0.8536585365853658,13.0,0.3170731707317073,0.0,0.8786075457860553,1.0,4.0
45,4,41,19,0.5365853658536586,2744.0,66.92682926829268,0.0,99.38168599996239,2.0,296.0
45,5,41,8,0.8048780487804879,129.0,3.1463414634146343,0.0,8.412969082344699,2.0,39.0
45,6,41,4,0.9024390243902439,89.0,2.1707317073170733,0.0,7.899058295215925,2.0,38.0
45,7,41,0,1.0,0.0,0.0,0.0,0.0,,0.0
45,8,41,0,1.0,0.0,0.0,0.0,0.0,,0.0
45,9,41,7,0.8292682926829268,124.0,3.024390243902439,0.0,9.081541182194927,1.0,42.0
45,10,41,6,0.8536585365853658,152.0,3.707317073170732,0.0,16.141939013698174,4.0,101.0
45,11,41,0,1.0,0.0,0.0,0.0,0.0,,0.0
45,12,41,0,1.0,0.0,0.0,0.0,0.0,,0.0
45,13,41,7,0.8292682926829268,456.0,11.121951219512194,0.0,35.51351511886089,1.0,165.0
45,14,41,1,0.975609756097561,1.0,0.024390243902439025,0.0,0.15617376188860604,1.0,1.0
45,15,41,4,0.9024390243902439,351.0,8.560975609756097,0.0,26.884055479491746,65.0,107.0
45,16,41,0,1.0,0.0,0.0,0.0,0.0,,0.0
46,1,41,16,0.6097560975609756,1005.0,24.51219512195122,0.0,47.5920801978751,1.0,179.0
46,2,41,6,0.8536585365853658,46.0,1.1219512195121952,0.0,4.456428625879806,1.0,27.0
46,3,41,20,0.5121951219512195,1012.0,24.682926829268293,0.0,35.568552841231984,4.0,104.0
46,4,41,0,1.0,0.0,0.0,0.0,0.0,,0.0
46,5,41,3,0.926829268292683,56.0,1.3658536585365855,0.0,8.120209657271712,1.0,52.0
46,6,41,0,1.0,0.0,0.0,0.0,0.0,,0.0
46,7,41,0,1.0,0.0,0.0,0.0,0.0,,0.0
46,8,41,4,0.9024390243902439,29.0,0.7073170731707317,0.0,3.3559194152945953,1.0,21.0
46,9,41,6,0.8536585365853658,80.0,1.951219512195122,0.0,7.523135049672427,1.0,45.0
46,10,41,3,0.926829268292683,315.0,7.682926829268292,0.0,39.709217459168244,30.0,252.0
46,11,41,0,1.0,0.0,0.0,0.0,0.0,,0.0
46,12,41,0,1.0,0.0,0.0,0.0,0.0,,0.0
46,13,41,2,0.9512195121951219,89.0,2.1707317073170733,0.0,9.710567540119348,43.0,46.0
46,14,41,11,0.7317073170731707,775.0,18.902439024390244,0.0,42.24973661340907,1.0,180.0
46,15,41,5,0.8780487804878049,314.0,7.658536585365853,0.0,28.001437245342927,2.0,135.0
46,16,41,0,1.0,0.0,0.0,0.0,0.0,,0.0
47,1,41,0,1.0,0.0,0.0,0.0,0.0,,0.0
47,2,41,0,1.0,0.0,0.0,0.0,0.0,,0.0
47,3,41,12,0.7073170731707317,355.0,8.658536585365853,0.0,21.258656773297744,1.0,79.0
47,4,41,0,1.0,0.0,0.0,0.0,0.0,,0.0
47,5,41,4,0.9024390243902439,42.0,1.024390243902439,0.0,3.8307166749712045,3.0,21.0
47,6,41,5,0.8780487804878049,399.0,9.731707317073171,0.0,26.721736835621204,64.0,94.0
47,7,41,0,1.0,0.0,0.0,0.0,0.0,,0.0
47,8,41,2,0.9512195121951219,14.0,0.34146341463414637,0.0,1.8922176948961364,2.0,12.0
47,9,41,3,0.926829268292683,284.0,6.926829268292683,0.0,36.40699812117338,16.0,231.0
47,10,41,4,0.9024390243902439,83.0,2.024390243902439,0.0,7.577888244352937,3.0,34.0
47,11,41,4,0.9024390243902439,141.0,3.4390243902439024,0.0,12.241423080034048,2.0,51.0
47,12,41,1,0.975609756097561,1.0,0.024390243902439025,0.0,0.15617376188860604,1.0,1.0
47,13,41,0,1.0,0.0,0.0,0.0,0.0,,0.0
47,14,41,0,1.0,0.0,0.0,0.0,0.0,,0.0
47,15,41,0,1.0,0.0,0.0,0.0,0.0,,0.0
47,16,41,0,1.0,0.0,0.0,0.0,0.0,,0.0
48,1,41,2,0.9512195121951219,43.0,1.048780487804878,0.0,4.753689196362101,18.0,25.0
48,2,41,2,0.9512195121951219,8.0,0.1951219512195122,0.0,0.9802936344565832,2.0,6.0
48,3,41,1,0.975609756097561,19.0,0.4634146341463415,0.0,2.9673014758835157,19.0,19.0
48,4,41,2,0.9512195121951219,3.0,0.07317073170731707,0.0,0.34570535882735637,1.0,2.0
48,5,41,6,0.8536585365853658,81.0,1.975609756097561,0.0,9.443219273314712,1.0,60.0
48,6,41,0,1.0,0.0,0.0,0.0,0.0,,0.0
48,7,41,1,0.975609756097561,40.0,0.975609756097561,0.0,6.246950475544242,40.0,40.0
48,8,41,3,0.926829268292683,112.0,2.731707317073171,0.0,11.000055432232836,12.0,51.0
48,9,41,1,0.975609756097561,42.0,1.024390243902439,0.0,6.559297999321454,42.0,42.0
48,10,41,4,0.9024390243902439,74.0,1.8048780487804879,0.0,7.849265928082453,2.0,48.0
48,11,41,4,0.9024390243902439,60.0,1.4634146341463414,0.0,6.8084416755069945,1.0,41.0
48,12,41,13,0.6829268292682927,412.0,10.048780487804878,0.0,20.766500932405773,1.0,73.0
48,13,41,1,0.975609756097561,17.0,0.4146341463414634,0.0,2.6549539521063035,17.0,17.0
48,14,41,1,0.975609756097561,12.0,0.2926829268292683,0.0,1.874085142663273,12.0,12.0
48,15,41,1,0.975609756097561,20.0,0.4878048780487805,0.0,3.123475237772121,20.0,20.0
48,16,41,5,0.8780487804878049,225.0,5.487804878048781,0.0,17.34664513849798,15.0,81.0
